"priority","key","english","portuguese","do_not_translate","notes"
"1","nav.aria","Operating mode","","","Short label on: main navigation bar. The same English text ""Operating mode"" is used by 2 different keys (e.g. operate.header.modes.aria) — each can take a different Portuguese word, so choose the one that fits THIS screen."
"1","nav.digital.group.label","Digital","","","Short label on: main navigation bar. The same English text ""Digital"" is used by 2 different keys (e.g. memories.kind.digital) — each can take a different Portuguese word, so choose the one that fits THIS screen."
"1","nav.digital.group.aria","Digital modes","","",""
"1","nav.digital.ft.title","FT weak-signal cockpit — FT8 / FT4 (pick the tier in the top bar)","","FT4 | FT8",""
"1","nav.digital.tempo.title","Tempo — two-way free-text calling (TempoFast / TempoDeep), with Roam (coordinated QSY) inside","","TempoDeep | TempoFast | QSY",""
"1","nav.digital.rtty.title","RTTY — Baudot teletype (45.45 baud): streaming decode + F-key macros","","Baudot | RTTY | 45.45",""
"1","nav.digital.psk.title","PSK31 — narrow-band keyboard mode: click a trace on the waterfall, read the ragchew (receive)","","PSK31",""
"1","nav.digital.sstv.title","SSTV — slow-scan TV: received images decode into the gallery","","SSTV",""
"1","nav.digital.aprs.title","APRS — AFSK-1200 packet: decode positions/messages, send a position beacon","","AFSK | APRS | AFSK-1200",""
"1","nav.phone.title","Phone (SSB) operating — PTT, sideband, RF power, panadapter (casual)","","PTT | SSB | RF",""
"1","nav.cw.title","CW operating — keyboard + F-key macros, WPM, spectrum (casual)","","WPM | CW",""
"1","nav.connect.label","Connect","","","Short label on: main navigation bar. The same English text ""Connect"" is used by 2 different keys (e.g. features.connect.label) — each can take a different Portuguese word, so choose the one that fits THIS screen."
"1","nav.connect.title","Connect — THE map: grayline globe + live spots + openings + propagation, with click-to-work","","",""
"1","nav.needed.label","Needed","","","Short label on: main navigation bar. The same English text ""Needed"" is used by 4 different keys (e.g. roster.filter.needed, sat.schedule.column.needed, features.needed.label) — each can take a different Portuguese word, so choose the one that fits THIS screen."
"1","nav.needed.title","Needed — what you still need that's on the air now; single-click to QSY","","QSY",""
"1","nav.spots.label","Spots","","","Short label on: main navigation bar. The same English text ""Spots"" is used by 4 different keys (e.g. globe.layer.spots, spots.title, features.spots.label) — each can take a different Portuguese word, so choose the one that fits THIS screen."
"1","nav.spots.title","Spots — every cluster/RBN spot on the air (the raw firehose); filter by band/mode","","RBN",""
"1","nav.dxped.label","DXped","","DXped","Short label on: main navigation bar. The same English text ""DXped"" is used by 3 different keys (e.g. needed.filter.dxped, spots.legend.dxped.label) — each can take a different Portuguese word, so choose the one that fits THIS screen."
"1","nav.dxped.title","DXpeditions — active now, the forward calendar, and what you need from each","","DXpeditions",""
"1","nav.sats.label","Satellites","","","Short label on: main navigation bar. The same English text ""Satellites"" is used by 4 different keys (e.g. globe.layer.sats, sat.head.title, features.sats.label) — each can take a different Portuguese word, so choose the one that fits THIS screen."
"1","nav.sats.title","Satellites — pass times over your grid, favorites, polar plots, and rotor tracking","","",""
"1","nav.logbook.label","Logbook","","","Short label on: main navigation bar. The same English text ""Logbook"" is used by 3 different keys (e.g. logbook.title, features.logbook.label) — each can take a different Portuguese word, so choose the one that fits THIS screen."
"1","nav.logbook.title","Logbook — your ADIF contacts","","ADIF",""
"1","nav.awards.label","Awards","","","Short label on: main navigation bar. The same English text ""Awards"" is used by 3 different keys (e.g. awards.title, features.awards.label) — each can take a different Portuguese word, so choose the one that fits THIS screen."
"1","nav.awards.title","Awards — your Journey (firsts, ladders, milestones) + official DXCC/WAS/WAZ progress","","DXCC | WAS | WAZ | DXCC/WAS",""
"1","nav.stats.label","Stats","","","Short label on: main navigation bar. The same English text ""Stats"" is used by 2 different keys (e.g. features.stats.label) — each can take a different Portuguese word, so choose the one that fits THIS screen."
"1","nav.stats.title","Statistics — your logbook sliced: QSOs by band/mode/year/hour, top DXCC entities, states, confirmations","","DXCC | QSOs",""
"1","nav.fieldDay.title","Field Day — contest rate workspace","","Field Day",""
"1","nav.fdClub.label","Club Board","","",""
"1","nav.fdClub.title","Club band board — who is on what band at every position on site, in its own window for a second monitor","","",""
"1","nav.pota.title","POTA / SOTA — parks & summits: who's on now (hunt) + tag your activation","","POTA | SOTA",""
"1","nav.memories.label","Memories","","","Short label on: main navigation bar. The same English text ""Memories"" is used by 3 different keys (e.g. memories.aria, features.memories.label) — each can take a different Portuguese word, so choose the one that fits THIS screen."
"1","nav.memories.title","Memories — saved channels: repeaters, nets, calling freqs; groups + ★ favorites; one click to tune","","",""
"1","nav.program.label","Program","","","Short label on: main navigation bar. The same English text ""Program"" is used by 4 different keys (e.g. ota.program.aria, program.title, features.program.label) — each can take a different Portuguese word, so choose the one that fits THIS screen."
"1","nav.program.title","Program — build channel lists for your radios: local repeaters → CHIRP CSV, rig memories, or tune-now","","CHIRP | CSV",""
"1","nav.order.reset.label","Reset order","","",""
"1","nav.order.reset.title","Reset the section order to default","","",""
"1","nav.mode.title","Active operating mode","","",""
"1","nav.mode.chat","CHAT","","","Abbreviation shown on: main navigation bar. Check the screen before expanding or translating it."
"1","nav.settings.label","Settings","","","Short label on: main navigation bar. The same English text ""Settings"" is used by 3 different keys (e.g. settings.panel.title, features.settings.label) — each can take a different Portuguese word, so choose the one that fits THIS screen."
"1","topbar.tier.aria","Link tier","","",""
"1","topbar.tier.tempoFast.title","Fast conversational tier","","",""
"1","topbar.tier.tempoDeep.title","Robust non-coherent tier — fading-resilient (15 s)","","",""
"1","topbar.tier.ft4.title","Standard WSJT-X FT4 (7.5 s)","","WSJT-X | FT4 | 7.5",""
"1","topbar.tier.ft8.title","Standard WSJT-X FT8 (15 s)","","WSJT-X | FT8",""
"1","topbar.tier.ft2.title","FT2 — Decodium’s fast slotted mode (3.75 s), FT4 with a halved symbol time. Transmit and receive. No settings: the period is fixed","","FT2 | FT4 | 3.75",""
"1","topbar.tier.wspr.title","WSPR propagation beacons — 2 min intervals. Transmits on a schedule; set the transmit % and power in Settings ▸ Beacons (WSPR & FST4W)","","FST4W | WSPR",""
"1","topbar.tier.q65.title","Q65 — EME / VHF+ scatter. Transmit and receive. Period + submode in Settings ▸ Q65","","EME | Q65 | VHF",""
"1","topbar.tier.msk144.title","MSK144 — meteor scatter. Transmits for nearly the whole period (that is how the mode works). Period in Settings ▸ MSK144","","MSK144",""
"1","topbar.tier.jt65.title","JT65 — classic EME, 60 s. Receive only in this build (transmit is disabled pending a fix). Submode in Settings ▸ JT65","","JT65 | EME",""
"1","topbar.tier.fst4.title","FST4 — slow weak-signal QSO mode (LF/MF). Transmit and receive","","FST4 | QSO | LF/MF",""
"1","topbar.tier.fst4w.title","FST4W — LF/MF beacons. Transmits on a schedule; set the transmit % and power in Settings ▸ Beacons (WSPR & FST4W). Hashed calls show as <...>","","FST4W | WSPR | LF/MF",""
"1","topbar.rxOnly.why","This mode is receive-only in Nexus — it decodes but does not transmit","","Nexus",""
"1","topbar.help.label","Help","","","One-word control on: top bar. Out of context this could be a noun or a verb — open that screen (or read the key name) before choosing the Portuguese word."
"1","topbar.field.label","Field","","","One-word control on: top bar. Out of context this could be a noun or a verb — open that screen (or read the key name) before choosing the Portuguese word."
"1","topbar.field.on.title","Field mode is on: larger type, maximum contrast. Click to turn off.","","",""
"1","topbar.field.off.title","Field mode for operating outdoors: larger type, maximum contrast","","",""
"1","topbar.operator.title","Operating as {{call}} — click to change who is at the key","","{{call}}",""
"1","topbar.operator.switch","Switch to {{call}}","","{{call}}",""
"1","topbar.operator.single","Single operator (clear)","","",""
"1","topbar.operator.set","Set operator","","",""
"1","topbar.operator.set.title","Nobody is set as the operator — click to say who is at the key","","",""
"1","topbar.operator.firstSet","No operators logged yet — set the first one on the Field Day dashboard","","Field Day",""
"1","topbar.rigMode.chip","rig: {{mode}}","","{{mode}}","Short label on: top bar. The same English text ""rig: {{mode}}"" is used by 3 different keys (e.g. operate.strip.rigDiverge.label, phone.rigMismatch.chip) — each can take a different Portuguese word, so choose the one that fits THIS screen."
"1","topbar.rigMode.title","Your rig is on {{rig}}, but Nexus has {{believed}}. Turn the rig's mode knob (or pick the band in an operating cockpit) to match.","","{{rig}} | {{believed}} | Nexus",""
"1","topbar.rxLevel.label","RX audio level","","RX","Short label on: top bar. The same English text ""RX audio level"" is used by 3 different keys (e.g. settings.audio.rxLevel.meter, phone.rxMeter.label) — each can take a different Portuguese word, so choose the one that fits THIS screen."
"1","topbar.rxLevel.title","RX audio level (aim ~30 dB, like WSJT-X)","","WSJT-X | RX | dB",""
"1","topbar.recording.title","Recording this QSO to a WAV — click to stop","","QSO | WAV",""
"1","topbar.txControls.aria","Transmit controls","","","Short label on: top bar. The same English text ""Transmit controls"" is used by 2 different keys (e.g. operate.strip.txControls.aria) — each can take a different Portuguese word, so choose the one that fits THIS screen."
"1","topbar.holdTx.label","Hold Tx","","","Short label on: top bar. The same English text ""Hold Tx"" is used by 2 different keys (e.g. operate.strip.holdTx.label) — each can take a different Portuguese word, so choose the one that fits THIS screen."
"1","topbar.holdTx.title","Hold Tx Freq: keep your TX offset where you put it when you double-click a station to work them. Off, your TX moves onto theirs (WSJT-X's behaviour). A plain waterfall click never moves TX either way.","","WSJT-X | TX",""
"1","topbar.slotClock.title","Time to next slot","","",""
"1","topbar.slotClock.label","next slot","","",""
"1","topbar.utc.title","UTC time","","UTC",""
"1","topbar.clock.label","clock {{offset}}","","{{offset}}",""
"1","topbar.clock.title","PC clock is {{offset}} vs UTC (NTP). TempoFast/TempoDeep need it within ~0.5 s — sync via NTP / time.is (off-grid: GPS).","","{{offset}} | TempoDeep | TempoFast | NTP | UTC | 0.5",""
"1","topbar.sync.ok.label","Sync","","","One-word control on: top bar. Out of context this could be a noun or a verb — open that screen (or read the key name) before choosing the Portuguese word."
"1","topbar.sync.bad.label","No Sync","","",""
"1","topbar.sync.ok.title","Time sync OK (from decode timing)","","",""
"1","topbar.sync.bad.title","Decodes land far off the slot boundary — sync your PC clock (NTP / time.is; off-grid: GPS).","","NTP",""
"1","topbar.dt.title","Decode time offset (how far heard signals land from the slot boundary)","","",""
"1","topbar.txCycle.aria","Transmit cycle","","",""
"1","topbar.txCycle.auto.title","Auto-cycle (FT8-style): when you answer a station, transmit on the opposite T/R cycle to theirs","","FT8",""
"1","topbar.txCycle.auto.idle","Auto <s>cycle</s>","","<s>",""
"1","topbar.txCycle.auto.first","Auto <s>1st</s>","","<s>",""
"1","topbar.txCycle.auto.second","Auto <s>2nd</s>","","<s>",""
"1","topbar.txCycle.first.label","Tx 1st <s>even</s>","","<s>",""
"1","topbar.txCycle.first.title","Lock transmit to the even (1st) T/R slots — the station you work must be Tx 2nd","","",""
"1","topbar.txCycle.second.label","Tx 2nd <s>odd</s>","","<s>",""
"1","topbar.txCycle.second.title","Lock transmit to the odd (2nd) T/R slots — the station you work must be Tx 1st","","",""
"1","nowbar.aria","Now: band, getting out, and top need","","",""
"1","nowbar.label","NOW","","","Abbreviation shown on: Now bar (under the top bar). Check the screen before expanding or translating it."
"1","nowbar.age.secs","{{secs}}s","","{{secs}}","Short label on: Now bar (under the top bar). The same English text ""{{secs}}s"" is used by 2 different keys (e.g. aprs.age.secs) — each can take a different Portuguese word, so choose the one that fits THIS screen."
"1","nowbar.age.mins","{{mins}}m","","{{mins}}","Short label on: Now bar (under the top bar). The same English text ""{{mins}}m"" is used by 3 different keys (e.g. connect.basic.greyline.in.mins, aprs.age.mins) — each can take a different Portuguese word, so choose the one that fits THIS screen."
"1","nowbar.age.hours","{{hours}}h","","{{hours}}","Short label on: Now bar (under the top bar). The same English text ""{{hours}}h"" is used by 2 different keys (e.g. aprs.age.hours) — each can take a different Portuguese word, so choose the one that fits THIS screen."
"1","nowbar.band.label","Band","","","Short label on: Now bar (under the top bar). The same English text ""Band"" is used by 13 different keys (e.g. logbook.field.band.label, logbook.column.band, logEntry.override.band.label) — each can take a different Portuguese word, so choose the one that fits THIS screen."
"1","nowbar.band.open","open","","","One-word control on: Now bar (under the top bar). Out of context this could be a noun or a verb — open that screen (or read the key name) before choosing the Portuguese word."
"1","nowbar.band.fair","fair","","","One-word control on: Now bar (under the top bar). Out of context this could be a noun or a verb — open that screen (or read the key name) before choosing the Portuguese word."
"1","nowbar.band.quiet","quiet","","","One-word control on: Now bar (under the top bar). Out of context this could be a noun or a verb — open that screen (or read the key name) before choosing the Portuguese word."
"1","nowbar.band.closed","closed","","","One-word control on: Now bar (under the top bar). Out of context this could be a noun or a verb — open that screen (or read the key name) before choosing the Portuguese word."
"1","nowbar.band.title.connect","Open Connect — the map + nowcast","","",""
"1","nowbar.band.title.plain","Band activity","","","Short label on: Now bar (under the top bar). The same English text ""Band activity"" is used by 4 different keys (e.g. prop.bands.aria, cw.pane.bandActivity.title, phone.pane.bandActivity.title) — each can take a different Portuguese word, so choose the one that fits THIS screen."
"1","nowbar.out.label","Out","","","One-word control on: Now bar (under the top bar). Out of context this could be a noun or a verb — open that screen (or read the key name) before choosing the Portuguese word."
"1","nowbar.out.hearYou","{{count}} hear you","","{{count}}",""
"1","nowbar.out.none","no spots of you yet","","",""
"1","nowbar.out.title","{{hear}} station(s) hear you · you hear {{ihear}} (PSK Reporter, {{band}})","","{{hear}} | {{ihear}} | {{band}} | PSK Reporter | PSK",""
"1","nowbar.out.title.none","No propagation data yet","","",""
"1","nowbar.need.label","Need","","","Short label on: Now bar (under the top bar). The same English text ""Need"" is used by 4 different keys (e.g. needed.column.need, map.colorBy.need.label, operate.roster.col.need) — each can take a different Portuguese word, so choose the one that fits THIS screen."
"1","nowbar.need.value","{{entity}} {{band}} · {{likelihood}}","","{{entity}} | {{band}} | {{likelihood}}",""
"1","nowbar.need.none","nothing workable now","","",""
"1","nowbar.need.where","{{entity}} {{azimuth}}","","{{entity}} | {{azimuth}}",""
"1","nowbar.need.title","{{call}} ({{where}}) — {{need}} on {{band}}, likelihood {{likelihood}}","","{{call}} | {{where}} | {{need}} | {{band}} | {{likelihood}}",""
"1","nowbar.need.title.confirmed","{{call}} ({{where}}) — {{need}} on {{band}}, likelihood {{likelihood}} (live-confirmed)","","{{call}} | {{where}} | {{need}} | {{band}} | {{likelihood}}",""
"1","nowbar.need.title.none","No DXpedition needs workable right now","","DXpedition",""
"1","nowbar.prop.live","PROP LIVE","","",""
"1","nowbar.prop.partial","PROP PARTIAL","","",""
"1","nowbar.prop.cached","PROP CACHED","","",""
"1","nowbar.prop.offline","NO LIVE DATA","","DATA","Short label on: Now bar (under the top bar). The same English text ""NO LIVE DATA"" is used by 4 different keys (e.g. map.prov.none, dxped.prov.none, connect.prov.offline) — each can take a different Portuguese word, so choose the one that fits THIS screen."
"1","nowbar.prop.title","Propagation nowcast data is {{source}} — separate from the Cluster/PSKR connection pills","","{{source}}",""
"1","nowbar.feed.live.value","live {{age}}","","{{age}}",""
"1","nowbar.feed.live.value.noAge","live","","","Short label on: Now bar (under the top bar). The same English text ""live"" is used by 2 different keys (e.g. logEntry.park.live.label) — each can take a different Portuguese word, so choose the one that fits THIS screen."
"1","nowbar.feed.live.title","{{name}}: receiving (last {{age}} ago)","","{{name}} | {{age}}",""
"1","nowbar.feed.connected.value","connected","","","One-word control on: Now bar (under the top bar). Out of context this could be a noun or a verb — open that screen (or read the key name) before choosing the Portuguese word."
"1","nowbar.feed.connected.title","{{name}}: connected — no reports yet (normal until you transmit or the band stirs)","","{{name}}",""
"1","nowbar.feed.connecting.value","connecting…","","","One-word control on: Now bar (under the top bar). Out of context this could be a noun or a verb — open that screen (or read the key name) before choosing the Portuguese word."
"1","nowbar.feed.connecting.title","{{name}}: trying to reach the server","","{{name}}",""
"1","nowbar.feed.reconnecting.value","reconnecting…","","","One-word control on: Now bar (under the top bar). Out of context this could be a noun or a verb — open that screen (or read the key name) before choosing the Portuguese word."
"1","nowbar.feed.reconnecting.title","{{name}}: connection dropped — retrying","","{{name}}",""
"1","nowbar.feed.reconnecting.title.age","{{name}}: connection dropped — retrying (last event {{age}} ago)","","{{name}} | {{age}}",""
"1","nowbar.feed.idle.value","idle {{age}}","","{{age}}",""
"1","nowbar.feed.idle.title","{{name}}: connected, no data for {{age}} (a quiet band is normal)","","{{name}} | {{age}}",""
"1","nowbar.feed.unknown.title","{{name}}: {{state}}","","{{name}} | {{state}}",""
"1","nowbar.feed.title.detail","{{title}} ({{detail}})","","{{title}} | {{detail}}",""
"1","shell.loading","Connecting to Nexus…","","Nexus",""
"1","shell.windowTitle","{{section}} — Nexus","","{{section}} | Nexus",""
"1","shell.tx.announce.on","Transmitting","","","Short label on: application shell. The same English text ""Transmitting"" is used by 3 different keys (e.g. status.tx.label, settings.sstv.transmitting.title) — each can take a different Portuguese word, so choose the one that fits THIS screen."
"1","shell.tx.announce.off","Receiving","","","Short label on: application shell. The same English text ""Receiving"" is used by 3 different keys (e.g. status.rx.label, settings.sstv.receiving.title) — each can take a different Portuguese word, so choose the one that fits THIS screen."
"1","shell.rail.stations.aria","Resize stations panel (double-click to reset)","","",""
"1","shell.rail.waterfall.aria","Resize waterfall pane (double-click to reset)","","",""
"1","shell.bandActivity.title","Band Activity — heard on the band","","",""
"1","shell.roam.aria","Roam settings","","","Short label on: application shell. The same English text ""Roam settings"" is used by 2 different keys (e.g. roam.chip.settings.aria) — each can take a different Portuguese word, so choose the one that fits THIS screen."
"1","shell.roam.close.aria","Close Roam settings","","",""
"1","shell.crash.section","This section","","",""
"1","shell.crash.retry","Try again","","",""
"1","shell.crash.back","Back to {{section}}","","{{section}}",""
"1","shell.lane.audio.message","RADIO STOPPED","","",""
"1","shell.lane.radioConfig.message","RADIO CONFIG","","",""
"1","shell.lane.txPowerZero.message","NO RF POWER","","RF",""
"1","shell.lane.txPowerZero.detail","The radio reports 0% power and transmit is armed — it will key and put nothing on the air. Check the Pwr slider, and the rig’s own power for THIS mode: Yaesu rigs keep a separate level for SSB, DATA, CW and AM.","","Yaesu | DATA | SSB | AM | CW",""
"1","shell.lane.recording.message","RECORDING","","","One-word control on: application shell. Out of context this could be a noun or a verb — open that screen (or read the key name) before choosing the Portuguese word."
"1","shell.lane.prop.offline.message","Prop: no live data","","",""
"1","shell.lane.prop.offline.detail","No live propagation data yet — set your callsign in Settings and check your internet connection.","","",""
"1","shell.lane.prop.cached.message","Prop: cached {{minutes}}m","","{{minutes}}",""
"1","shell.lane.prop.cached.detail","Live propagation refetch failed — showing the last-good snapshot.","","",""
"1","shell.conversation.delete.title","Delete the conversation with {{peer}}?","","{{peer}}",""
"1","shell.conversation.delete.body","Any messages still waiting to send will be cancelled. This can't be undone.","","",""
"1","shell.conversation.delete.action","Delete conversation","","",""
"1","shell.conversation.delete.failed","Could not delete conversation","","",""
"1","shell.error.switchMode","Could not switch mode","","",""
"1","shell.error.selectStation","Could not select station","","",""
"1","shell.ownCall","{{call}} is your own call","","{{call}}",""
"1","shell.tempo.open.failed","Could not open {{call}}","","{{call}}",""
"1","shell.tempo.opened","▶ {{call}} — open in Tempo","","{{call}}",""
"1","shell.work.failed","Could not work {{call}}","","{{call}}",""
"1","shell.work.started","▶ Working {{call}} — transmitting your call","","{{call}}",""
"1","shell.work.failed.cat","Could not work {{call}} — check CAT","","{{call}} | CAT",""
"1","shell.work.ready","▶ {{call}} — {{mode}} {{band}}, ready to log","","{{call}} | {{mode}} | {{band}}",""
"1","shell.work.here","▶ {{call}} — {{band}} {{freq}} MHz","","{{call}} | {{band}} | {{freq}} | MHz",""
"1","shell.pounce.qsy.failed","Could not QSY to {{call}}","","{{call}} | QSY",""
"1","shell.log.failed","Could not log QSO","","QSO","Short label on: application shell. The same English text ""Could not log QSO"" is used by 2 different keys (e.g. logbook.form.logFailed) — each can take a different Portuguese word, so choose the one that fits THIS screen."
"1","shell.log.discard.failed","Could not discard QSO","","QSO",""
"1","shell.toast.logged","Logged QSO","","QSO",""
"1","shell.toast.nothingToLog","Nothing to log — the QSO already closed or no report was exchanged","","QSO",""
"1","shell.message.failed","Message could not be sent","","",""
"1","shell.bandFeed.failed","Could not open the band feed","","",""
"1","shell.resend.failed","Could not re-send to {{peer}}","","{{peer}}",""
"1","shell.resend.sending","↻ Re-sending to {{peer}}","","{{peer}}",""
"1","shell.resend.qso.failed","Could not resend","","",""
"1","shell.freetext.failed","Could not send free text","","",""
"1","shell.broadcast.failed","Could not broadcast","","",""
"1","shell.cq.failed","Could not call CQ","","CQ",""
"1","shell.cqRun.toggle.failed","Could not toggle the CQ run","","CQ",""
"1","shell.cqRun.resume.failed","Could not resume the CQ run","","CQ",""
"1","shell.beacon.failed","Could not toggle the heartbeat","","",""
"1","shell.frequency.failed","Could not set frequency","","",""
"1","shell.blocklist.failed","Could not update the blocklist","","",""
"1","shell.aprs.tune.failed","Could not tune to APRS","","APRS",""
"1","shell.tx.enable.failed","Could not enable transmit","","",""
"1","shell.tx.mute.failed","Could not mute transmit","","",""
"1","shell.tx.level.failed","Could not set TX level","","TX",""
"1","shell.tune.failed","Could not toggle tune","","",""
"1","shell.proveTx.failed","Could not key the transmitter","","",""
"1","shell.halt.failed","Could not stop transmit","","",""
"1","shell.radio.switch.failed","Could not switch radios","","","Short label on: application shell. The same English text ""Could not switch radios"" is used by 2 different keys (e.g. settings.radios.switch.failed) — each can take a different Portuguese word, so choose the one that fits THIS screen."
"1","shell.pegLock.failed","Could not set peg-lock","","",""
"1","shell.overrideTx.failed","Could not queue TX to {{call}}","","{{call}} | TX",""
"1","shell.txPeriod.failed","Could not set transmit period","","",""
"1","shell.cycleMode.failed","Could not set the cycle mode","","",""
"1","shell.holdTx.failed","Could not toggle Hold Tx","","",""
"1","shell.offset.failed","Could not set offset","","",""
"1","shell.tier.failed","Could not change tier","","",""
"1","shell.digital.failed","Could not switch to Digital","","",""
"1","shell.source.switchFailed","Could not switch signal source","","",""
"1","shell.roam.toggle.failed","Could not toggle Roam","","",""
"1","shell.qsy.failed","Could not QSY to {{band}}","","{{band}} | QSY",""
"1","shell.qsy.noChannel","No channel for {{band}} in the band plan","","{{band}}",""
"1","shell.qsy.done","QSY {{dial}} MHz — listening","","{{dial}} | MHz | QSY",""
"1","shell.recall.sectionOff","Enable the {{section}} section in Settings to recall this memory","","{{section}}",""
"1","shell.recall.failed","Recall failed — check CAT","","CAT",""
"1","shell.recall.error","Recall failed: {{error}}","","{{error}}",""
"1","shell.recall.done","{{name}} — {{freq}} MHz {{mode}}","","{{name}} | {{freq}} | {{mode}} | MHz",""
"1","shell.recall.done.setMode","{{name}} — {{freq}} MHz · set {{mode}} on the rig","","{{name}} | {{freq}} | {{mode}} | MHz",""
"1","shell.net.reminder","Net {{until}}: {{name}} — {{freq}} {{mode}}","","{{until}} | {{name}} | {{freq}} | {{mode}}",""
"1","shell.net.tune","Tune","","","Short label on: application shell. The same English text ""Tune"" is used by 4 different keys (e.g. memories.grid.tune.label, memories.row.tune.label, program.row.tune.label) — each can take a different Portuguese word, so choose the one that fits THIS screen."
"1","shell.rotator.pointed","↗ Pointing antenna to {{bearing}}° ({{call}})","","{{bearing}} | {{call}}",""
"1","shell.rotator.failed","Couldn't point the antenna at {{call}}","","{{call}}",""
"1","shell.source.companion","Source: {{source}} — listening for WSJT-X/JTDX/MSHV on :2237","","{{source}} | WSJT-X | JTDX | MSHV | JTDX/MSHV",""
"1","shell.source.set","Source: {{source}}","","{{source}}",""
"1","shell.wizard.saveFailed","Setup didn't fully save: {{error}} — check Settings","","{{error}}",""
"1","cockpit.header.readout.wheelTune.title","Scroll to tune","","",""
"1","cockpit.header.readout.digitTune.title","Scroll a digit to tune it","","",""
"1","cockpit.header.bandEdge.up","Stopped at the {{band}} band edge, {{edge}} MHz — scroll again to keep tuning up","","{{band}} | {{edge}} | MHz",""
"1","cockpit.header.bandEdge.down","Stopped at the {{band}} band edge, {{edge}} MHz — scroll again to keep tuning down","","{{band}} | {{edge}} | MHz",""
"1","cockpit.header.power.label","Power","","","Short label on: cockpit header & tuning strip. The same English text ""Power"" is used by 5 different keys (e.g. rtty.header.power.label, psk.header.power.label, sstv.header.power.label) — each can take a different Portuguese word, so choose the one that fits THIS screen."
"1","cockpit.header.power.title","{{label}} — trim so your rig's ALC is just zero","","{{label}} | ALC",""
"1","cockpit.header.cat.ok.title","CAT link OK","","CAT",""
"1","cockpit.header.cat.bad.title","No CAT link","","CAT",""
"1","cockpit.tuning.aria","Tuning","","","One-word control on: cockpit header & tuning strip. Out of context this could be a noun or a verb — open that screen (or read the key name) before choosing the Portuguese word."
"1","cockpit.tuning.down.title","Down {{hz}} Hz","","{{hz}} | Hz",""
"1","cockpit.tuning.down.aria","Tune down {{hz}} Hz","","{{hz}} | Hz",""
"1","cockpit.tuning.up.title","Up {{hz}} Hz","","{{hz}} | Hz",""
"1","cockpit.tuning.up.aria","Tune up {{hz}} Hz","","{{hz}} | Hz",""
"1","cockpit.tuning.wheel.title","Scroll to tune ±{{hz}} Hz (Shift = ×10)","","{{hz}} | Hz",""
"1","cockpit.tuning.step.label","Tuning step","","",""
"1","cockpit.tuning.vfo.aria","Active VFO","","VFO",""
"1","cockpit.tuning.vfo.title","Use VFO {{vfo}}","","{{vfo}} | VFO",""
"1","cockpit.tuning.rit.title","RIT clarifier — click to clear","","",""
"1","cockpit.tuning.rit.down.aria","RIT down","","",""
"1","cockpit.tuning.rit.up.aria","RIT up","","",""
"1","cockpit.tuning.xit.title","XIT clarifier — click to clear","","",""
"1","cockpit.tuning.xit.down.aria","XIT down","","",""
"1","cockpit.tuning.xit.up.aria","XIT up","","",""
"1","pane.popOut.aria","Open {{title}} in its own window","","{{title}}",""
"1","pane.popOut.title","Open this pane in its own window (for a second monitor)","","",""
"1","pane.hide.aria","Hide {{title}}","","{{title}}",""
"1","pane.hide.title","Hide this pane (restore it from the ⊞ Panels menu)","","",""
"1","panels.button","⊞ Panels","","",""
"1","panels.button.hidden","⊞ Panels · {{count}} hidden","","{{count}}",""
"1","panels.button.title","Show or hide the panels on this screen — untick one and its neighbours expand into the space it leaves","","",""
"1","panels.popover.aria","Panels on this screen","","",""
"1","panels.tag.popped","popped out","","",""
"1","panels.undo","Undo last change","","",""
"1","panels.undo.title","Put the layout back the way it was before the last change","","",""
"1","panels.reset","Reset layout","","",""
"1","panels.reset.title","Show every panel again (the stock layout)","","",""
"1","splitter.title","Drag to resize ({{label}})","","{{label}}",""
"1","detached.connecting","Connecting to the radio…","","",""
"1","detached.fieldDay.inactive","Field Day isn’t active.","","Field Day",""
"1","detached.fdClub.away.head","Club board","","",""
"1","detached.fdClub.away.body","The club board shows here while Field Day is the section you are working in. Step back into Field Day and it comes straight back — nothing has stopped, and the host is still collecting contacts.","","Field Day",""
"1","detached.fdClub.off.head","Club sync is off","","",""
"1","detached.fdClub.off.body","This station is not hosting a club event and has not joined one, so there are no other positions to show.","","",""
"1","detached.fdClub.off.route","Turn it on in Settings ▸ Contesting ▸ Field Day Club Sync ▸ Host a club event — or paste the host station’s address into Join event at to join one someone else is running.","","Field Day",""
"1","detached.fdClub.off.wait","Leave this window open. The board fills in by itself the moment sync starts.","","",""
"1","detached.unavailable","Panel “{{panel}}” isn’t available as a standalone window yet.","","{{panel}}",""
"1","toast.action.default","Work","","","Short label on: toast notifications. The same English text ""Work"" is used by 4 different keys (e.g. roster.card.work.label, dxped.chase.work, alerts.action.work) — each can take a different Portuguese word, so choose the one that fits THIS screen."
"1","toast.dismiss","Dismiss notification","","",""
"1","status.newEntity.label","New entity (ATNO)","","ATNO",""
"1","status.newBand.label","New band","","","Short label on: connection-status chips. The same English text ""New band"" is used by 2 different keys (e.g. needed.filter.newBand) — each can take a different Portuguese word, so choose the one that fits THIS screen."
"1","status.newMode.label","New mode","","","Short label on: connection-status chips. The same English text ""New mode"" is used by 2 different keys (e.g. needed.filter.newMode) — each can take a different Portuguese word, so choose the one that fits THIS screen."
"1","status.worked.label","Worked, unconfirmed","","",""
"1","status.confirmed.label","Confirmed","","","Short label on: connection-status chips. The same English text ""Confirmed"" is used by 3 different keys (e.g. awards.confirmed.label, rtty.seq.confirmed) — each can take a different Portuguese word, so choose the one that fits THIS screen."
"1","status.dupe.label","Already worked","","",""
"1","status.snrStrong.label","Strong signal","","",""
"1","status.snrMarginal.label","Marginal signal","","",""
"1","status.snrWeak.label","Weak signal","","",""
"1","status.tx.label","Transmitting","","","Short label on: connection-status chips. The same English text ""Transmitting"" is used by 3 different keys (e.g. settings.sstv.transmitting.title, shell.tx.announce.on) — each can take a different Portuguese word, so choose the one that fits THIS screen."
"1","status.rx.label","Receiving","","","Short label on: connection-status chips. The same English text ""Receiving"" is used by 3 different keys (e.g. settings.sstv.receiving.title, shell.tx.announce.off) — each can take a different Portuguese word, so choose the one that fits THIS screen."
"1","status.bandOpen.label","Band open","","",""
"1","status.bandMarginal.label","Band marginal","","",""
"1","status.bandClosed.label","Band closed","","",""
"1","status.alertCritical.label","Critical","","","One-word control on: connection-status chips. Out of context this could be a noun or a verb — open that screen (or read the key name) before choosing the Portuguese word."
"1","status.alertWarning.label","Warning","","","One-word control on: connection-status chips. Out of context this could be a noun or a verb — open that screen (or read the key name) before choosing the Portuguese word."
"1","status.alertInfo.label","Info","","","Short label on: connection-status chips. The same English text ""Info"" is used by 2 different keys (e.g. aprs.table.info) — each can take a different Portuguese word, so choose the one that fits THIS screen."
"1","common.dismiss","Dismiss","","","One-word control on: shared banners. Out of context this could be a noun or a verb — open that screen (or read the key name) before choosing the Portuguese word."
"1","theme.aria","Theme","","","Short label on: theme switcher. The same English text ""Theme"" is used by 2 different keys (e.g. settings.workspace.theme.label) — each can take a different Portuguese word, so choose the one that fits THIS screen."
"1","theme.light.label","Light","","","One-word control on: theme switcher. Out of context this could be a noun or a verb — open that screen (or read the key name) before choosing the Portuguese word."
"1","theme.light.title","Light (sunlight)","","",""
"1","theme.dark.label","Dark","","","One-word control on: theme switcher. Out of context this could be a noun or a verb — open that screen (or read the key name) before choosing the Portuguese word."
"1","theme.dark.title","Dark (shack)","","",""
"1","onboarding.setStation","Set your callsign & station in Settings →","","",""
"1","externalLink.failed","Could not open the link: {{detail}}","","{{detail}}",""
"1","crash.title","{{label}} hit an error","","{{label}}",""
"1","crash.hint","The rest of Nexus is still running — the radio was not touched. Pick another section from the rail, or copy the details below into a bug report.","","Nexus",""
"1","crash.reload","Reload window","","",""
"1","crash.panelWindow","The {{panel}} window","","{{panel}}",""
"1","update.failed","Update failed","","",""
"1","update.unknownError","Unknown error","","",""
"1","update.installing","Installing {{version}} — Nexus will restart…","","{{version}} | Nexus",""
"1","update.ready","Nexus {{version}} is ready to install","","{{version}} | Nexus",""
"1","update.readyDownloaded","Nexus {{version}} is ready to install ({{percent}}% downloaded)","","{{version}} | {{percent}} | Nexus",""
"1","update.install.label","Install and restart","","",""
"1","update.install.title","Install the update and restart Nexus","","Nexus",""
"1","update.notNow.label","Not now","","","Short label on: update banner. The same English text ""Not now"" is used by 2 different keys (e.g. reveal.notNow) — each can take a different Portuguese word, so choose the one that fits THIS screen."
"1","update.notNow.title","Not now — the update stays downloaded","","",""
"1","update.available","Nexus {{latest}} is available — you're on {{current}}","","{{latest}} | {{current}} | Nexus",""
"1","update.download","Download","","","Short label on: update banner. The same English text ""Download"" is used by 2 different keys (e.g. ota.parks.download) — each can take a different Portuguese word, so choose the one that fits THIS screen."
"1","update.downloadFailed","Couldn't open your browser — download Nexus yourself from {{url}}","","{{url}} | Nexus",""
"1","update.copyLink","Copy link","","",""
"1","update.checkFailed","Could not reach the update server to check for updates","","",""
"1","update.upToDate","You're on the latest Nexus ({{current}})","","{{current}} | Nexus",""
"1","update.unreadable","Couldn't read the latest release info","","",""
"1","freq.control.aria","Frequency control","","",""
"1","freq.channel.label","Band / Channel","","",""
"1","freq.channel.aria","Band channel preset","","",""
"1","freq.channel.title","Pick a band-plan channel","","",""
"1","freq.channel.presets","— Presets —","","",""
"1","freq.channel.rxOnly","receive only","","",""
"1","freq.channel.rxOnly.title","Your licence class has no transmit privileges on this band. You can tune here and listen; transmitting will be refused.","","",""
"1","freq.channel.custom","{{band}} (custom)","","{{band}}",""
"1","freq.dial.label","Dial (MHz)","","MHz","Short label on: frequency readout & control. The same English text ""Dial (MHz)"" is used by 2 different keys (e.g. settings.workingFrequencies.stock.dial) — each can take a different Portuguese word, so choose the one that fits THIS screen."
"1","freq.band.title","Current band","","",""
"1","freq.mode.aria","Phone mode","","","Short label on: frequency readout & control. The same English text ""Phone mode"" is used by 3 different keys (e.g. settings.phone.mode.label, phone.mode.aria) — each can take a different Portuguese word, so choose the one that fits THIS screen."
"1","freq.readout.dial.label","Dial frequency (MHz)","","MHz",""
"1","freq.readout.title.editable","Click to enter a frequency (MHz)","","MHz",""
"1","freq.readout.title.digitTune","Scroll a digit to tune it (100 Hz … 10 MHz) · ←/→ pick a digit, ↑/↓ spin it · click to type a frequency (MHz)","","MHz | Hz",""
"1","freq.readout.announce.dial","{{dial}} megahertz","","{{dial}}",""
"1","freq.readout.announce.digit","{{step}} digit","","{{step}}",""
"1","bandPicker.select.title","Band — your last frequency on this band in this mode this session, else the start of your licensed segment","","",""
"1","bandPicker.txLock.label","🔒 TX locked","","TX",""
"1","bandPicker.txLock.splitTitle","TX locked — your split transmit frequency, {{tx}} MHz, is outside your license privileges. Receiving on {{rx}} MHz is fine.","","{{tx}} | {{rx}} | MHz | TX",""
"1","bandPicker.txLock.title","This frequency/mode is outside your license privileges — transmit is blocked. Pick a band above, or change your license class in Settings.","","",""
"1","bandStrip.offPlan","{{band}} — off the band plan","","{{band}}",""
"1","bandStrip.empty.noPlan","no band-plan data for {{band}}","","{{band}}",""
"1","bandStrip.empty.thisFrequency","this frequency","","","Short label on: band strip. The same English text ""this frequency"" is used by 2 different keys (e.g. bandMap.empty.thisFrequency) — each can take a different Portuguese word, so choose the one that fits THIS screen."
"1","bandStrip.count::one","{{count}} {{mode}} spot · {{band}}","","{{count}} | {{mode}} | {{band}}","Plural form ""one"" — this key has one row per form (::one = exactly 1, ::other = every other count). Fill both rows separately; never merge them into one sentence."
"1","bandStrip.count::other","{{count}} {{mode}} spots · {{band}}","","{{count}} | {{mode}} | {{band}}","Plural form ""other"" — this key has one row per form (::one = exactly 1, ::other = every other count). Fill both rows separately; never merge them into one sentence."
"1","bandStrip.empty.none","no {{mode}} spots on {{band}} yet","","{{mode}} | {{band}}",""
"1","bandStrip.legend.label","Legend","","","Short label on: band strip. The same English text ""Legend"" is used by 2 different keys (e.g. bandMap.legend.label) — each can take a different Portuguese word, so choose the one that fits THIS screen."
"1","bandStrip.legend.title","Show/hide the colour + type key","","",""
"1","bandStrip.popout.label","⧉ Band map","","",""
"1","bandStrip.popout.title","Open the vertical band map in its own window","","",""
"1","bandStrip.track.title","{{band}}: {{lo}}–{{hi}} MHz","","{{band}} | {{lo}} | {{hi}} | MHz",""
"1","bandStrip.track.title.tunable","{{band}}: {{lo}}–{{hi}} MHz — scroll to tune","","{{band}} | {{lo}} | {{hi}} | MHz",""
"1","bandStrip.shade.title","Your licensed phone segment on this band","","",""
"1","bandStrip.spot.title","{{detail}} — click to work","","{{detail}}",""
"1","bandStrip.age.secs","{{secs}}s ago","","{{secs}}","Short label on: band strip. The same English text ""{{secs}}s ago"" is used by 5 different keys (e.g. map.hover.aprs.ageSecs, chase.age.secs, bandMap.age.secs) — each can take a different Portuguese word, so choose the one that fits THIS screen."
"1","bandStrip.age.mins","{{mins}}m ago","","{{mins}}","Short label on: band strip. The same English text ""{{mins}}m ago"" is used by 7 different keys (e.g. map.hover.aprs.ageMins, prop.opening.ago.mins, chase.age.mins) — each can take a different Portuguese word, so choose the one that fits THIS screen."
"1","bandStrip.age.hours","{{hours}}h ago","","{{hours}}","Short label on: band strip. The same English text ""{{hours}}h ago"" is used by 4 different keys (e.g. prop.opening.ago.hours, bandMap.age.hours, program.age.hours) — each can take a different Portuguese word, so choose the one that fits THIS screen."
"1","bandStrip.dial.title","You: {{freq}} MHz","","{{freq}} | MHz","Short label on: band strip. The same English text ""You: {{freq}} MHz"" is used by 2 different keys (e.g. bandMap.dial.title) — each can take a different Portuguese word, so choose the one that fits THIS screen."
"1","bandStrip.dial.title.blocked","You: {{freq}} MHz — transmit blocked (outside your privileges)","","{{freq}} | MHz",""
"1","link.quality.solid","Solid {{snr}} dB","","{{snr}} | dB",""
"1","link.quality.marginal","Marginal RV{{rv}}","","{{rv}}",""
"1","link.quality.weak","Weak {{snr}} dB","","{{snr}} | dB",""
"1","link.dial.label","Dial","","","Short label on: link tier pill. The same English text ""Dial"" is used by 2 different keys (e.g. sat.lockOn.name) — each can take a different Portuguese word, so choose the one that fits THIS screen."
"1","link.band.label","Band","","","Short label on: link tier pill. The same English text ""Band"" is used by 13 different keys (e.g. logbook.field.band.label, logbook.column.band, logEntry.override.band.label) — each can take a different Portuguese word, so choose the one that fits THIS screen."
"1","link.tier.label","Tier","","","One-word control on: link tier pill. Out of context this could be a noun or a verb — open that screen (or read the key name) before choosing the Portuguese word."
"1","link.audioFreq.label","Audio f","","",""
"1","share.copied","Share card copied — paste it anywhere","","",""
"1","share.saved","Share card saved → {{path}}","","{{path}}",""
"1","share.saveFailed","Could not save the share card: {{detail}}","","{{detail}}",""
"1","reveal.prompt","<b>{{achievement}}</b> — turn on <b>{{feature}}</b>?","","{{achievement}} | {{feature}} | <b>",""
"1","reveal.enable","Enable","","","Short label on: feature-reveal nudge. The same English text ""Enable"" is used by 2 different keys (e.g. roam.enable.off) — each can take a different Portuguese word, so choose the one that fits THIS screen."
"1","reveal.notNow","Not now","","","Short label on: feature-reveal nudge. The same English text ""Not now"" is used by 2 different keys (e.g. update.notNow.label) — each can take a different Portuguese word, so choose the one that fits THIS screen."
"1","alerts.where"," — {{entity}}","","{{entity}}",""
"1","alerts.station","station","","","One-word control on: alert pop-ups. Out of context this could be a noun or a verb — open that screen (or read the key name) before choosing the Portuguese word."
"1","alerts.watch","⭐ Watch {{what}}: {{call}}{{where}}","","{{what}} | {{call}} | {{where}}",""
"1","alerts.newDxcc","🎯 NEW DXCC: {{call}}{{where}}","","{{call}} | {{where}} | DXCC",""
"1","alerts.myCall","📢 {{call}} is calling you","","{{call}}",""
"1","alerts.newGrid","New grid: {{call}}{{where}}","","{{call}} | {{where}}",""
"1","alerts.rareGrid","💎 {{tier}} grid{{grid}}: {{call}}{{where}}","","{{tier}} | {{grid}} | {{call}} | {{where}}",""
"1","alerts.tier.rare","RARE","","","Abbreviation shown on: alert pop-ups. Check the screen before expanding or translating it."
"1","alerts.tier.ultraRare","ULTRA-RARE","","","One-word control on: alert pop-ups. Out of context this could be a noun or a verb — open that screen (or read the key name) before choosing the Portuguese word."
"1","alerts.action.work","Work","","","Short label on: alert pop-ups. The same English text ""Work"" is used by 4 different keys (e.g. roster.card.work.label, dxped.chase.work, toast.action.default) — each can take a different Portuguese word, so choose the one that fits THIS screen."
"1","alerts.action.answer","Answer","","","Short label on: alert pop-ups. The same English text ""Answer"" is used by 4 different keys (e.g. rtty.autoAnswer.label, rtty.macro.answer.label, psk.macro.answer.label) — each can take a different Portuguese word, so choose the one that fits THIS screen."
"1","alerts.cq","CQ from {{call}}{{where}}","","{{call}} | {{where}} | CQ",""
"1","alerts.batch.decodes::one","{{count}} new decode.","","{{count}}","Plural form ""one"" — this key has one row per form (::one = exactly 1, ::other = every other count). Fill both rows separately; never merge them into one sentence."
"1","alerts.batch.decodes::other","{{count}} new decodes.","","{{count}}","Plural form ""other"" — this key has one row per form (::one = exactly 1, ::other = every other count). Fill both rows separately; never merge them into one sentence."
"1","alerts.batch.cq"," CQ from {{calls}}.","","{{calls}} | CQ",""
"1","logEntry.title","Log this QSO","","QSO",""
"1","logEntry.clear.label","Clear","","","Short label on: log-entry form. The same English text ""Clear"" is used by 11 different keys (e.g. logbook.search.clear, needed.filter.clear.label, spots.filter.clear.label) — each can take a different Portuguese word, so choose the one that fits THIS screen."
"1","logEntry.clear.title","Clear the log fields","","",""
"1","logEntry.hunt.title","This QSO will be tagged with the hunted park reference when you log it (matched by callsign).","","QSO",""
"1","logEntry.hunt.mismatch","(call ≠ hunt)","","",""
"1","logEntry.call.placeholder","Call","","","Short label on: log-entry form. The same English text ""Call"" is used by 10 different keys (e.g. logbook.field.call.label, logbook.column.call, logEntry.fd.call.label) — each can take a different Portuguese word, so choose the one that fits THIS screen."
"1","logEntry.lookup.label","Lookup","","","One-word control on: log-entry form. Out of context this could be a noun or a verb — open that screen (or read the key name) before choosing the Portuguese word."
"1","logEntry.lookup.title","Look up name + QTH in the callbook — QRZ first, then HamQTH (grid/state need a QRZ subscription)","","HamQTH | QRZ | QTH",""
"1","logEntry.rstSent.label","Sent","","","Short label on: log-entry form. The same English text ""Sent"" is used by 4 different keys (e.g. logbook.column.sent, tempo.bubble.sent, cw.pane.sent.title) — each can take a different Portuguese word, so choose the one that fits THIS screen."
"1","logEntry.rstSent.title","Signal report you SENT them","","",""
"1","logEntry.rstRcvd.label","Rcvd","","","Short label on: log-entry form. The same English text ""Rcvd"" is used by 2 different keys (e.g. logbook.column.rcvd) — each can take a different Portuguese word, so choose the one that fits THIS screen."
"1","logEntry.rstRcvd.title","Signal report you RECEIVED from them","","",""
"1","logEntry.grid.placeholder","Grid","","","Short label on: log-entry form. The same English text ""Grid"" is used by 7 different keys (e.g. settings.station.grid.label, logbook.field.grid.label, logPrompt.grid.label) — each can take a different Portuguese word, so choose the one that fits THIS screen."
"1","logEntry.grid.title","Their Maidenhead locator — the satellite exchange. 4, 6 or 8 characters (EN52, EN52XA or EN52XA25); auto-filled by the callbook lookup only while it is blank","","Maidenhead | EN52XA25 | EN52XA | EN52",""
"1","logEntry.grid.blocked","“{{grid}}” isn’t a grid square — Nexus logs 4, 6 or 8 characters (EN52, EN52XA or EN52XA25). Fix it or clear it to log.","","{{grid}} | EN52XA25 | EN52XA | Nexus | EN52",""
"1","logEntry.grid.blockedToast","“{{grid}}” isn’t a grid square — enter EN52, EN52XA or EN52XA25, or clear it","","{{grid}} | EN52XA25 | EN52XA | EN52",""
"1","logEntry.grid.blockedTitle","Enter a 4-, 6- or 8-character grid square (EN52, EN52XA or EN52XA25), or clear it","","EN52XA25 | EN52XA | EN52",""
"1","logEntry.name.placeholder","Name","","","Short label on: log-entry form. The same English text ""Name"" is used by 4 different keys (e.g. logbook.field.name.label, memories.grid.column.name, memories.editor.name.label) — each can take a different Portuguese word, so choose the one that fits THIS screen."
"1","logEntry.qth.placeholder","QTH (city)","","QTH",""
"1","logEntry.state.placeholder","State","","","Short label on: log-entry form. The same English text ""State"" is used by 4 different keys (e.g. settings.station.opState.label, logbook.field.state.label, operate.roster.col.state) — each can take a different Portuguese word, so choose the one that fits THIS screen."
"1","logEntry.state.title","State / province — auto-filled by the QRZ lookup when available","","QRZ",""
"1","logEntry.country.placeholder","Country","","","Short label on: log-entry form. The same English text ""Country"" is used by 3 different keys (e.g. logbook.column.country, operate.roster.col.country) — each can take a different Portuguese word, so choose the one that fits THIS screen."
"1","logEntry.country.title","DXCC entity — auto-filled from the callsign when available","","DXCC",""
"1","logEntry.comment.placeholder","Comment (sharable)","","",""
"1","logEntry.park.program.title","On-the-air program for the park/summit you worked","","",""
"1","logEntry.park.ref.placeholderPota","Park ({{example}} or name)","","{{example}}",""
"1","logEntry.park.ref.placeholderSota","Summit ({{example}})","","{{example}}",""
"1","logEntry.park.ref.title","Park/summit reference of the station you worked — logged to ADIF (POTA→SIG_INFO, SOTA→SOTA_REF)","","ADIF | POTA | SOTA",""
"1","logEntry.park.live.label","live","","","Short label on: log-entry form. The same English text ""live"" is used by 2 different keys (e.g. nowbar.feed.live.value.noAge) — each can take a different Portuguese word, so choose the one that fits THIS screen."
"1","logEntry.park.live.title","Fetched live from the POTA directory","","POTA",""
"1","logEntry.notes.placeholder","Notes (private, multi-line)…","","",""
"1","logEntry.override.toggle","Log a contact from another radio","","",""
"1","logEntry.override.toggleSub","· adjust band · freq · mode · time (UTC)","","UTC",""
"1","logEntry.override.title","Log a contact you made on another radio that isn't connected to Nexus — set the band, frequency, mode, and UTC time by hand","","Nexus | UTC",""
"1","logEntry.override.date.label","Date (UTC)","","UTC",""
"1","logEntry.override.time.label","Time (UTC)","","UTC","Short label on: log-entry form. The same English text ""Time (UTC)"" is used by 2 different keys (e.g. logbook.column.time) — each can take a different Portuguese word, so choose the one that fits THIS screen."
"1","logEntry.override.band.label","Band","","","Short label on: log-entry form. The same English text ""Band"" is used by 13 different keys (e.g. logbook.field.band.label, logbook.column.band, needed.column.band) — each can take a different Portuguese word, so choose the one that fits THIS screen."
"1","logEntry.override.freq.label","Freq (MHz)","","MHz","Short label on: log-entry form. The same English text ""Freq (MHz)"" is used by 2 different keys (e.g. logbook.field.freq.label) — each can take a different Portuguese word, so choose the one that fits THIS screen."
"1","logEntry.override.mode.label","Mode","","","Short label on: log-entry form. The same English text ""Mode"" is used by 15 different keys (e.g. logbook.field.mode.label, logbook.column.mode, needed.column.mode) — each can take a different Portuguese word, so choose the one that fits THIS screen."
"1","logEntry.override.offBand","{{freq}} MHz is outside {{band}} — logged as entered","","{{freq}} | {{band}} | MHz",""
"1","logEntry.override.needFreq","Enter a numeric frequency","","",""
"1","logEntry.override.blockedHint","Enter a frequency for the override to log","","",""
"1","logEntry.override.blocked","Enter a valid frequency for the override, or close it","","",""
"1","logEntry.summary","Logs to the shared logbook as {{mode}} · {{freq}} MHz","","{{mode}} | {{freq}} | MHz",""
"1","logEntry.summaryBand","Logs to the shared logbook as {{mode}} · {{band}} · {{freq}} MHz","","{{mode}} | {{band}} | {{freq}} | MHz",""
"1","logEntry.log","Log","","","Short label on: log-entry form. The same English text ""Log"" is used by 7 different keys (e.g. logbook.form.log, operate.strip.log.label, rtty.pane.log.title) — each can take a different Portuguese word, so choose the one that fits THIS screen."
"1","logEntry.logged","Logged {{call}} ({{mode}})","","{{call}} | {{mode}}",""
"1","logEntry.logFailed","Could not log the QSO","","QSO",""
"1","logEntry.spot.label","📢 Spot","","",""
"1","logEntry.spot.title","Spot this call to the DX cluster (pre-fills the call + your frequency)","","DX",""
"1","logEntry.fd.chip","FD LOG","","",""
"1","logEntry.fd.hint","{{band}} · contacts go to the Field Day log","","{{band}} | Field Day",""
"1","logEntry.fd.call.label","Call","","","Short label on: log-entry form. The same English text ""Call"" is used by 10 different keys (e.g. logbook.field.call.label, logbook.column.call, logEntry.call.placeholder) — each can take a different Portuguese word, so choose the one that fits THIS screen."
"1","logEntry.fd.class.label","Class","","","Short label on: log-entry form. The same English text ""Class"" is used by 2 different keys (e.g. fieldDay.log.column.class) — each can take a different Portuguese word, so choose the one that fits THIS screen."
"1","logEntry.fd.class.title","Their Field Day class","","Field Day",""
"1","logEntry.fd.section.label","Section","","","Short label on: log-entry form. The same English text ""Section"" is used by 2 different keys (e.g. fieldDay.log.column.section) — each can take a different Portuguese word, so choose the one that fits THIS screen."
"1","logEntry.fd.section.title","Their ARRL section","","ARRL",""
"1","logEntry.fd.log","Log FD","","",""
"1","logEntry.fd.needClass","Enter their Field Day class to log.","","Field Day",""
"1","logEntry.fd.badSection","Section ""{{section}}"" isn't a known ARRL/RAC section — required to log.","","{{section}} | ARRL | RAC | ARRL/RAC",""
"1","logEntry.fd.logged","FD: logged {{call}} {{class}}/{{section}} ({{mode}})","","{{call}} | {{class}} | {{section}} | {{mode}}",""
"1","logEntry.fd.failed","FD log failed","","",""
"1","logEntry.fd.dupe.own","Dupe: {{call}} is already in this position's log on {{band}} {{mode}}","","{{call}} | {{band}} | {{mode}}",""
"1","logEntry.fd.dupe.club","Club dupe: another position already worked {{call}} on {{band}} {{mode}} — logging is allowed but adds no points","","{{call}} | {{band}} | {{mode}}",""
"1","logPrompt.aria","Log QSO","","QSO","Short label on: log-confirmation prompt. The same English text ""Log QSO"" is used by 3 different keys (e.g. logbook.form.open, logPrompt.log) — each can take a different Portuguese word, so choose the one that fits THIS screen."
"1","logPrompt.title","Log this QSO?","","QSO",""
"1","logPrompt.call.label","Call","","","Short label on: log-confirmation prompt. The same English text ""Call"" is used by 10 different keys (e.g. logbook.field.call.label, logbook.column.call, logEntry.call.placeholder) — each can take a different Portuguese word, so choose the one that fits THIS screen."
"1","logPrompt.grid.label","Grid","","","Short label on: log-confirmation prompt. The same English text ""Grid"" is used by 7 different keys (e.g. settings.station.grid.label, logbook.field.grid.label, logEntry.grid.placeholder) — each can take a different Portuguese word, so choose the one that fits THIS screen."
"1","logPrompt.rstSent.label","RST sent","","RST",""
"1","logPrompt.rstRcvd.label","RST rcvd","","RST",""
"1","logPrompt.discard","Discard","","","Short label on: log-confirmation prompt. The same English text ""Discard"" is used by 2 different keys (e.g. memories.add.discard) — each can take a different Portuguese word, so choose the one that fits THIS screen."
"1","logPrompt.log","Log QSO","","QSO","Short label on: log-confirmation prompt. The same English text ""Log QSO"" is used by 3 different keys (e.g. logbook.form.open, logPrompt.aria) — each can take a different Portuguese word, so choose the one that fits THIS screen."
"1","settings.station.legend","Operator & Radio","","",""
"1","settings.station.callsign.label","Callsign","","","Short label on: Settings ▸ Station. The same English text ""Callsign"" is used by 5 different keys (e.g. gettingStarted.station.shot.callsignLabel, spots.post.call.label, memories.editor.callsign.label) — each can take a different Portuguese word, so choose the one that fits THIS screen."
"1","settings.station.callsign.hint","Your station callsign (required).","","",""
"1","settings.station.grid.label","Grid","","","Short label on: Settings ▸ Station. The same English text ""Grid"" is used by 7 different keys (e.g. logbook.field.grid.label, logEntry.grid.placeholder, logPrompt.grid.label) — each can take a different Portuguese word, so choose the one that fits THIS screen."
"1","settings.station.grid.hint","Maidenhead locator. All 6 characters — 4 measures every distance and bearing from the middle of a ~100-mile square.","","Maidenhead",""
"1","settings.station.opName.label","Operator name","","",""
"1","settings.station.opName.placeholder","Seth","","","One-word control on: Settings ▸ Station. Out of context this could be a noun or a verb — open that screen (or read the key name) before choosing the Portuguese word."
"1","settings.station.opName.hint","Used by the CW {NAME} macro and logging.","","{NAME} | CW","Contains CW macro tokens in SINGLE braces ({NAME}, {RST}...). These are matched literally by the macro expander — copy them exactly, do not translate or reorder them against the words that explain them."
"1","settings.station.fdOperator.label","Operator at the key","","","Short label on: Settings ▸ Station. The same English text ""Operator at the key"" is used by 2 different keys (e.g. settings.fdWho.operator.label) — each can take a different Portuguese word, so choose the one that fits THIS screen."
"1","settings.station.fdOperator.placeholder","leave blank if that is you","","",""
"1","settings.station.fdOperator.hint","Only for multi-operator: the callsign of whoever is operating, when that is not the station call. Stamped on every contact you log (ADIF OPERATOR) so a shared activation can be split per operator — POTA and Field Day both want each operator to submit their own. Blank means single-op and nothing is stamped. Change it when you swap seats.","","Field Day | ADIF | POTA",""
"1","settings.station.opState.label","State","","","Short label on: Settings ▸ Station. The same English text ""State"" is used by 4 different keys (e.g. logbook.field.state.label, logEntry.state.placeholder, operate.roster.col.state) — each can take a different Portuguese word, so choose the one that fits THIS screen."
"1","settings.station.opState.hint","Your US state/province — the CW {MYSTATE} macro (ragchew QTH).","","{MYSTATE} | QTH | CW","Contains CW macro tokens in SINGLE braces ({NAME}, {RST}...). These are matched literally by the macro expander — copy them exactly, do not translate or reorder them against the words that explain them."
"1","settings.station.licenseClass.label","License Class","","",""
"1","settings.station.licenseClass.technician","Technician (US)","","",""
"1","settings.station.licenseClass.general","General (US)","","",""
"1","settings.station.licenseClass.extra","Amateur Extra (US)","","",""
"1","settings.station.licenseClass.open","Open — no transmit limits","","",""
"1","settings.station.licenseClass.hint","Sets your transmit privileges + the licensed-segment band dropdown. Open = no limits (outside the US).","","",""
"1","settings.station.frequency.label","Band & Frequency","","",""
"1","settings.station.frequency.hint","Pick a band-plan channel, or type a dial frequency in MHz.","","MHz",""
"1","settings.workspace.legend","Workspace","","","One-word control on: Settings ▸ Workspace. Out of context this could be a noun or a verb — open that screen (or read the key name) before choosing the Portuguese word."
"1","settings.workspace.language.label","Language","","","One-word control on: Settings ▸ Workspace. Out of context this could be a noun or a verb — open that screen (or read the key name) before choosing the Portuguese word."
"1","settings.workspace.language.hint","The language Nexus writes in. Frequencies, signal reports, callsigns, grid squares, band and mode names are never translated or reformatted — a dial reads the same in every language.","","Nexus",""
"1","settings.workspace.theme.label","Theme","","","Short label on: Settings ▸ Workspace. The same English text ""Theme"" is used by 2 different keys (e.g. theme.aria) — each can take a different Portuguese word, so choose the one that fits THIS screen."
"1","settings.workspace.theme.hint","Light reads best outdoors in daylight; the top bar’s Field chip boosts contrast and size in whichever theme you use.","","",""
"1","settings.workspace.scale.label","UI scale","","","Short label on: Settings ▸ Workspace. The same English text ""UI scale"" is used by 2 different keys (e.g. settings.workspace.scale.aria) — each can take a different Portuguese word, so choose the one that fits THIS screen."
"1","settings.workspace.scale.mode.aria","UI scale mode","","",""
"1","settings.workspace.scale.auto","Auto (fit)","","",""
"1","settings.workspace.scale.manual","Manual","","","One-word control on: Settings ▸ Workspace. Out of context this could be a noun or a verb — open that screen (or read the key name) before choosing the Portuguese word."
"1","settings.workspace.scale.aria","UI scale","","","Short label on: Settings ▸ Workspace. The same English text ""UI scale"" is used by 2 different keys (e.g. settings.workspace.scale.label) — each can take a different Portuguese word, so choose the one that fits THIS screen."
"1","settings.workspace.scale.cap.label","Max scale (auto won't exceed)","","",""
"1","settings.workspace.scale.cap.aria","Maximum UI scale","","",""
"1","settings.workspace.scale.cap.unreachable","This window only fits up to {{fits}}% — a larger window or monitor unlocks {{wanted}}%.","","{{fits}} | {{wanted}}",""
"1","settings.workspace.scale.auto.hint.tooSmall","Fits the whole interface to the window so nothing is cut off (currently {{scale}}%). This window maxes out at {{fits}}% — raising the cap can't help until you enlarge the window, or switch to Manual to force a bigger scale.","","{{scale}} | {{fits}}",""
"1","settings.workspace.scale.auto.hint.limited","Fits the whole interface to the window so nothing is cut off (currently {{scale}}%). This window fits up to {{fits}}%; bigger caps need a larger window or monitor. The waterfall stays sharp.","","{{scale}} | {{fits}}",""
"1","settings.workspace.scale.auto.hint.full","Fits the whole interface to the window so nothing is cut off (currently {{scale}}%). The waterfall stays sharp. Raise the max for big monitors.","","{{scale}}",""
"1","settings.workspace.scale.manual.hint","Fixed scale. Switch to Auto to fit the interface to the window automatically.","","",""
"1","settings.workspace.density.label","Density","","","One-word control on: Settings ▸ Workspace. Out of context this could be a noun or a verb — open that screen (or read the key name) before choosing the Portuguese word."
"1","settings.workspace.density.aria","Information density","","",""
"1","settings.workspace.density.standard","Comfortable","","","One-word control on: Settings ▸ Workspace. Out of context this could be a noun or a verb — open that screen (or read the key name) before choosing the Portuguese word."
"1","settings.workspace.density.dense","Compact","","","One-word control on: Settings ▸ Workspace. Out of context this could be a noun or a verb — open that screen (or read the key name) before choosing the Portuguese word."
"1","settings.workspace.density.hint","How tightly rows and controls pack. Compact fits more on screen.","","",""
"1","settings.workspace.panes.label","Pane sizes","","",""
"1","settings.workspace.panes.reset","Reset pane sizes","","",""
"1","settings.workspace.panes.hint","Restore the default left/right pane widths.","","",""
"1","settings.save.callsignFirst","Enter your callsign on the Station tab before saving.","","",""
"1","settings.save.fdPositionName","Name this position on the Contesting tab before hosting or joining a club event — the club band board shows this name.","","",""
"1","settings.save.checkRadio","Check the radio settings.","","",""
"1","settings.save.failed","Could not save settings.","","",""
"1","settings.search.placeholder","Find a setting…","","",""
"1","settings.search.label","Find a setting","","",""
"1","settings.search.empty","Nothing matches “{{query}}”. Try the words on the control — “sound card”, “COM port”, “WPM”.","","{{query}} | WPM",""
"1","settings.search.matched","matched “{{term}}”","","{{term}}",""
"1","settings.tabs.station","Station","","","One-word control on: Settings ▸ Settings tabs. Out of context this could be a noun or a verb — open that screen (or read the key name) before choosing the Portuguese word."
"1","settings.tabs.radio","Radio","","","Short label on: Settings ▸ Settings tabs. The same English text ""Radio"" is used by 2 different keys (e.g. sat.binding.name) — each can take a different Portuguese word, so choose the one that fits THIS screen."
"1","settings.tabs.spots","Spots & Alerts","","",""
"1","settings.tabs.logging","Logging & Connectors","","",""
"1","settings.tabs.contesting","Contesting","","","Short label on: Settings ▸ Settings tabs. The same English text ""Contesting"" is used by 3 different keys (e.g. features.category.contesting, profiles.contest.label) — each can take a different Portuguese word, so choose the one that fits THIS screen."
"1","settings.tabs.appearance","Appearance","","","One-word control on: Settings ▸ Settings tabs. Out of context this could be a noun or a verb — open that screen (or read the key name) before choosing the Portuguese word."
"1","settings.tabs.configurations","Config","","","One-word control on: Settings ▸ Settings tabs. Out of context this could be a noun or a verb — open that screen (or read the key name) before choosing the Portuguese word."
"1","settings.panel.title","Settings","","","Short label on: Settings ▸ Settings panel. The same English text ""Settings"" is used by 3 different keys (e.g. nav.settings.label, features.settings.label) — each can take a different Portuguese word, so choose the one that fits THIS screen."
"1","settings.panel.subtitle","operator, rig & network","","",""
"1","settings.panel.loading","Loading settings…","","",""
"1","settings.panel.build","build {{id}}","","{{id}}",""
"1","settings.panel.build.title","This install's build stamp — confirm a fresh install actually took","","",""
"1","settings.panel.update.label","Check for updates","","",""
"1","settings.panel.update.title","Check for a newer Nexus release","","Nexus",""
"1","settings.panel.tabs.aria","Settings sections","","",""
"1","settings.panel.save","Save","","","Short label on: Settings ▸ Settings panel. The same English text ""Save"" is used by 3 different keys (e.g. logbook.form.save, settings.profiles.save.action) — each can take a different Portuguese word, so choose the one that fits THIS screen."
"1","settings.panel.saving","Saving…","","","One-word control on: Settings ▸ Settings panel. Out of context this could be a noun or a verb — open that screen (or read the key name) before choosing the Portuguese word."
"1","settings.panel.saved","Saved","","","One-word control on: Settings ▸ Settings panel. Out of context this could be a noun or a verb — open that screen (or read the key name) before choosing the Portuguese word."
"1","settings.profiles.saved","Profile ""{{name}}"" saved","","{{name}}",""
"1","settings.profiles.loaded","Loaded profile ""{{name}}""","","{{name}}",""
"1","settings.profiles.legend","Profiles","","","One-word control on: Settings ▸ Profiles. Out of context this could be a noun or a verb — open that screen (or read the key name) before choosing the Portuguese word."
"1","settings.profiles.list.label","Saved profiles","","",""
"1","settings.profiles.list.none","— Select a profile —","","",""
"1","settings.profiles.list.hint","Switch a whole rig / antenna / CAT / band setup in one move.","","CAT",""
"1","settings.profiles.load.action","Load","","","One-word control on: Settings ▸ Profiles. Out of context this could be a noun or a verb — open that screen (or read the key name) before choosing the Portuguese word."
"1","settings.profiles.load.title","Apply this profile — merged onto your current settings. Your callsign, license class, radio roster and sync history never come from a profile, and anything the profile predates keeps its current value.","","",""
"1","settings.profiles.delete.action","Delete","","","Short label on: Settings ▸ Profiles. The same English text ""Delete"" is used by 2 different keys (e.g. settings.cw.macros.profiles.delete) — each can take a different Portuguese word, so choose the one that fits THIS screen."
"1","settings.profiles.save.label","Save current as","","",""
"1","settings.profiles.save.placeholder","e.g. Portable VHF","","VHF",""
"1","settings.profiles.save.action","Save","","","Short label on: Settings ▸ Profiles. The same English text ""Save"" is used by 3 different keys (e.g. logbook.form.save, settings.panel.save) — each can take a different Portuguese word, so choose the one that fits THIS screen."
"1","settings.profiles.save.hint","Snapshots the current settings under a name.","","",""
"1","settings.configurations.legend","Backup & reset","","",""
"1","settings.configurations.note","Your whole setup in one file — for a new computer, before a rebuild, or to get back to a known-good state. These used to live under <em>Radio → Transmit limits & sharing</em>, where nobody found them.","","<em>",""
"1","settings.configurations.reset.label","Start over","","",""
"1","settings.configurations.reset.action","Reset all settings…","","",""
"1","settings.configurations.reset.title","Erase all settings and return to factory defaults","","",""
"1","settings.configurations.reset.hint","Erases your radios, audio devices, callsign and preferences. Your <b>logbook is not touched</b>, and stored passwords stay in your keychain (clear those individually under Logging & Connectors). Back up first — this cannot be undone.","","<b>",""
"2","setup.health.title","Setup health","","",""
"2","setup.health.rig.title.link","CAT not tested yet — open Rig Control","","CAT",""
"2","setup.health.rig.title.plain","CAT not tested yet — use Test CAT below","","CAT",""
"2","setup.health.rig.responding","Rig responding","","",""
"2","setup.health.rig.notAnswering","Rig not answering","","",""
"2","setup.health.rig.untested","Rig untested","","",""
"2","setup.health.rx.title.ok","Receiving audio","","",""
"2","setup.health.rx.title.link","No RX audio — open the audio device settings","","RX",""
"2","setup.health.rx.title.plain","No RX audio — check the audio device below","","RX",""
"2","setup.health.rx.error","RX audio error","","RX",""
"2","setup.health.rx.reading","RX audio {{db}} dB","","{{db}} | RX | dB",""
"2","setup.health.rx.none","RX audio —","","RX",""
"2","setup.health.tx.title.keying","Keying a tune carrier — forward power confirms the CAT → PTT → RF path","","CAT | PTT | RF",""
"2","setup.health.tx.title.on","Transmit is enabled","","",""
"2","setup.health.tx.title.off","Transmit is off","","",""
"2","setup.health.tx.keying.power","TX keying · {{watts}} W","","{{watts}} | TX",""
"2","setup.health.tx.keying.waiting","TX keying…","","TX",""
"2","setup.health.tx.on","TX on","","TX",""
"2","setup.health.tx.off","TX off","","TX",""
"2","setup.title","Set up Nexus","","Nexus",""
"2","setup.steps.station","Your station","","","Short label on: first-run setup wizard. The same English text ""Your station"" is used by 2 different keys (e.g. gettingStarted.wizard.station) — each can take a different Portuguese word, so choose the one that fits THIS screen."
"2","setup.steps.rig","Your rig","","","Short label on: first-run setup wizard. The same English text ""Your rig"" is used by 2 different keys (e.g. gettingStarted.wizard.rig) — each can take a different Portuguese word, so choose the one that fits THIS screen."
"2","setup.steps.log","Your log","","","Short label on: first-run setup wizard. The same English text ""Your log"" is used by 2 different keys (e.g. gettingStarted.wizard.log) — each can take a different Portuguese word, so choose the one that fits THIS screen."
"2","setup.steps.finish","Finish","","","Short label on: first-run setup wizard. The same English text ""Finish"" is used by 2 different keys (e.g. gettingStarted.wizard.finish) — each can take a different Portuguese word, so choose the one that fits THIS screen."
"2","setup.steps.aria","Step {{n}} of {{total}}: {{title}}","","{{n}} | {{total}} | {{title}}",""
"2","setup.station.title","Who’s on the air?","","","Short label on: first-run setup wizard. The same English text ""Who’s on the air?"" is used by 3 different keys (e.g. gettingStarted.station.heading, gettingStarted.station.shot.title) — each can take a different Portuguese word, so choose the one that fits THIS screen."
"2","setup.station.sub","Your grid square is the anchor for everything location-based — satellite passes, propagation, the map, and DXpedition windows are all computed from it.","","DXpedition",""
"2","setup.station.callsign.label","Callsign","","","Short label on: first-run setup wizard. The same English text ""Callsign"" is used by 5 different keys (e.g. settings.station.callsign.label, gettingStarted.station.shot.callsignLabel, spots.post.call.label) — each can take a different Portuguese word, so choose the one that fits THIS screen."
"2","setup.station.grid.label","Grid square","","","Short label on: first-run setup wizard. The same English text ""Grid square"" is used by 4 different keys (e.g. gettingStarted.station.shot.gridLabel, watchlist.add.kind.grid, program.origin.grid.aria) — each can take a different Portuguese word, so choose the one that fits THIS screen."
"2","setup.station.grid.invalid","Not a Maidenhead locator — 4 or 6 characters, like {{short}} or {{long}}.","","{{short}} | {{long}} | Maidenhead",""
"2","setup.station.grid.hint","Maidenhead locator (qrz.com shows yours). Give all 6 — 4 characters pins you to the middle of a ~100-mile square, and every distance and bearing is measured from there.","","Maidenhead",""
"2","setup.rig.title","How does the radio connect?","","",""
"2","setup.rig.sub","One detect finds everything — USB rigs and FlexRadios on the network. Skippable; Settings ▸ Radio ▸ Rig & CAT has all of this later (including Test CAT).","","CAT | USB",""
"2","setup.rig.detect.action","🔍 Detect my radio","","","Short label on: first-run setup wizard. The same English text ""🔍 Detect my radio"" is used by 2 different keys (e.g. gettingStarted.radio.shot.detect) — each can take a different Portuguese word, so choose the one that fits THIS screen."
"2","setup.rig.detect.busy","Detecting…","","","One-word control on: first-run setup wizard. Out of context this could be a noun or a verb — open that screen (or read the key name) before choosing the Portuguese word."
"2","setup.rig.detect.failed","Detection hit an error: {{error}}. You can still pick your rig by hand below, or skip and set it up later.","","{{error}}",""
"2","setup.rig.detect.empty","Nothing found — USB: plug in + power on; Flex: must be on this network. Or skip and set it up later.","","USB",""
"2","setup.rig.detect.usbFailed","USB scan failed: {{error}}","","{{error}} | USB",""
"2","setup.rig.detect.flexFailed","Flex network scan failed: {{error}}","","{{error}}",""
"2","setup.rig.detect.flex.row","<b>{{radio}}</b> on the network ({{ip}})","","{{radio}} | {{ip}} | <b>",""
"2","setup.rig.detect.flex.via"," · via SmartSDR CAT","","SmartSDR | CAT",""
"2","setup.rig.detect.rig.row","<b>{{radio}}</b> on {{port}}","","{{radio}} | {{port}} | <b>",""
"2","setup.rig.flexNote.windows","{{radio}} at {{ip}} — CAT set via SmartSDR CAT (slice A, port 5002; a second slice uses 60001), radio address saved for the native panadapter/DAX. Test CAT below.","","{{radio}} | {{ip}} | SmartSDR | CAT | DAX",""
"2","setup.rig.flexNote.other","{{radio}} at {{ip}} — model and radio address saved. SmartSDR CAT is Windows-only: put the address of a Windows PC running it (slice A = its port 5002) in Network Address below, then Test CAT.","","{{radio}} | {{ip}} | SmartSDR | CAT",""
"2","setup.rig.selected","Selected: {{radio}} on {{port}}{{baud}}","","{{radio}} | {{port}} | {{baud}}",""
"2","setup.rig.selected.baud"," @ {{baud}} baud","","{{baud}}",""
"2","setup.rig.selected.unnamedRadio","radio","","","Short label on: first-run setup wizard. The same English text ""radio"" is used by 2 different keys (e.g. settings.detect.unknownRadio) — each can take a different Portuguese word, so choose the one that fits THIS screen."
"2","setup.rig.autoTest.action","🔎 Auto-test my ports","","",""
"2","setup.rig.autoTest.busy","Testing ports — {{seconds}}s (can take up to a minute)…","","{{seconds}}",""
"2","setup.rig.autoTest.title","Probes every USB port until a radio answers — read-only, never transmits","","USB",""
"2","setup.rig.autoTest.failed","Auto-test failed: {{error}}","","{{error}}",""
"2","setup.rig.model.label","Which radio is this?","","",""
"2","setup.rig.model.placeholder","Pick your rig model…","","",""
"2","setup.rig.model.unnamed","Model {{model}}","","{{model}}",""
"2","setup.rig.model.unknownResponder","unknown","","","Short label on: first-run setup wizard. The same English text ""unknown"" is used by 2 different keys (e.g. aprs.card.wx.wind.dirUnknown) — each can take a different Portuguese word, so choose the one that fits THIS screen."
"2","setup.rig.model.seeded","The port answered, but the exact model is a guess ({{radio}} responded). Pick your radio so its real command set is used.","","{{radio}}",""
"2","setup.rig.model.confirm","Confirm the exact model — fixed-rate rigs get their baud set automatically.","","",""
"2","setup.rig.conn.serial.label","USB / Serial","","USB","Short label on: first-run setup wizard. The same English text ""USB / Serial"" is used by 2 different keys (e.g. gettingStarted.radio.shot.usbLabel) — each can take a different Portuguese word, so choose the one that fits THIS screen."
"2","setup.rig.conn.serial.blurb","Most rigs — one cable","","",""
"2","setup.rig.conn.network.label","Network","","","Short label on: first-run setup wizard. The same English text ""Network"" is used by 2 different keys (e.g. gettingStarted.radio.shot.netLabel) — each can take a different Portuguese word, so choose the one that fits THIS screen."
"2","setup.rig.conn.network.blurb","FlexRadio / remote rigctld","","FlexRadio | rigctld","Short label on: first-run setup wizard. The same English text ""FlexRadio / remote rigctld"" is used by 2 different keys (e.g. gettingStarted.radio.shot.netBlurb) — each can take a different Portuguese word, so choose the one that fits THIS screen."
"2","setup.rig.address.label","Address","","","One-word control on: first-run setup wizard. Out of context this could be a noun or a verb — open that screen (or read the key name) before choosing the Portuguese word."
"2","setup.rig.network.hint","A found Flex configures the WSJT-X-proven path: CAT through the SmartSDR CAT app on this PC — its default TCP port 5002 drives slice A (per-slice ports: B=60001, C=60002) — and audio through DAX. Other network rigs: pick their model later in Settings ▸ Radio ▸ Rig & CAT.","","SmartSDR | WSJT-X | CAT | DAX | TCP",""
"2","setup.rig.dax.title","SmartSDR's DAX virtual audio devices were detected — pairs them as Nexus's audio in/out","","SmartSDR | Nexus | DAX",""
"2","setup.rig.audioIn.label","Audio in","","","Short label on: first-run setup wizard. The same English text ""Audio in"" is used by 2 different keys (e.g. gettingStarted.radio.shot.audioIn) — each can take a different Portuguese word, so choose the one that fits THIS screen."
"2","setup.rig.audioOut.label","Audio out","","","Short label on: first-run setup wizard. The same English text ""Audio out"" is used by 2 different keys (e.g. gettingStarted.radio.shot.audioOut) — each can take a different Portuguese word, so choose the one that fits THIS screen."
"2","setup.rig.testCat.action","⚡ Test CAT","","CAT","Short label on: first-run setup wizard. The same English text ""⚡ Test CAT"" is used by 2 different keys (e.g. gettingStarted.radio.shot.testCatBtn) — each can take a different Portuguese word, so choose the one that fits THIS screen."
"2","setup.rig.testCat.busy","Testing…","","","Short label on: first-run setup wizard. The same English text ""Testing…"" is used by 3 different keys (e.g. settings.rigControl.testCat.testing, settings.connections.test.busy) — each can take a different Portuguese word, so choose the one that fits THIS screen."
"2","setup.rig.testCat.title","Saves what you've entered so far, then asks the radio for its frequency","","",""
"2","setup.rig.second.action","＋ I have a second radio","","",""
"2","setup.rig.second.title","Adds a radio profile and probes the remaining USB ports for it","","USB",""
"2","setup.rig.second.probing","Probing the other ports — {{seconds}}s (radio 1’s port is skipped; this can take up to a minute)…","","{{seconds}}",""
"2","setup.rig.second.saved","Second radio: {{radio}} on {{port}} — saved to its own profile.","","{{radio}} | {{port}}",""
"2","setup.rig.second.addFailed","Couldn't add the radio: {{error}}","","{{error}}",""
"2","setup.rig.second.model.label","Which radio is the second one?","","",""
"2","setup.rig.second.model.placeholder","Pick the model…","","",""
"2","setup.rig.second.model.seeded","The port answered but the exact model is a guess — pick the radio so its real command set is used.","","",""
"2","setup.rig.second.swap","Both radios use identical USB sound cards, shared out one each. If you later see the <em>wrong</em> rig’s meters move when audio plays, <a>swap them</a>.","","<em> | <a> | USB",""
"2","setup.rig.second.twoWindows","To run both radios at the same time, open Nexus twice — each window drives one radio (the launcher asks which).","","Nexus",""
"2","setup.log.title","Bring in your existing log","","",""
"2","setup.log.sub","Nexus works best when it knows your history. Importing your ADIF log is what powers <b>worked-before</b> flags, the <b>Needed</b> board (new DXCC / states / grids), and your <b>awards</b> progress — without it, the app starts blind and treats every station as new. This is optional and you can import anytime from the Logbook, but it's the single biggest thing that makes the app useful on day one.","","<b> | Nexus | ADIF | DXCC",""
"2","setup.log.import.action","Import my ADIF log…","","ADIF","Short label on: first-run setup wizard. The same English text ""Import my ADIF log…"" is used by 2 different keys (e.g. gettingStarted.log.shot.import) — each can take a different Portuguese word, so choose the one that fits THIS screen."
"2","setup.log.import.again","Import another ADIF file","","ADIF",""
"2","setup.log.import.busy","Importing…","","","Short label on: first-run setup wizard. The same English text ""Importing…"" is used by 2 different keys (e.g. settings.orbitalElements.import.busy) — each can take a different Portuguese word, so choose the one that fits THIS screen."
"2","setup.log.import.failed","Import failed: {{error}}","","{{error}}",""
"2","setup.log.result.imported::one","✓ Imported <b>{{count}}</b> QSO{{dupes}}. Your worked-before and Needed board are now seeded.","","{{count}} | {{dupes}} | <b> | QSO","Plural form ""one"" — this key has one row per form (::one = exactly 1, ::other = every other count). Fill both rows separately; never merge them into one sentence."
"2","setup.log.result.imported::other","✓ Imported <b>{{count}}</b> QSOs{{dupes}}. Your worked-before and Needed board are now seeded.","","{{count}} | {{dupes}} | <b> | QSOs","Plural form ""other"" — this key has one row per form (::one = exactly 1, ::other = every other count). Fill both rows separately; never merge them into one sentence."
"2","setup.log.result.dupes","{{count}} already present","","{{count}}",""
"2","setup.log.result.allDupes","✓ All {{count}} QSOs were already in your log — you're seeded.","","{{count}} | QSOs",""
"2","setup.log.result.none","⚠ No QSOs found in that file — is it a standard ADIF (.adi/.adif) export?","","ADIF | QSOs",""
"2","setup.log.sources","From WSJT-X, N1MM, Log4OM, HRD, QRZ, LoTW, ClubLog — any standard ADIF (.adi/.adif) export. Nothing leaves your computer; duplicates are detected and skipped.","","ClubLog | Log4OM | WSJT-X | ADIF | LoTW | N1MM | HRD | QRZ",""
"2","setup.finish.title","You get everything","","",""
"2","setup.finish.sub","Every mode and every section starts ON — FT8/FT4, Phone, CW, RTTY, SSTV, APRS, satellites, the maps, the lot. Nexus is one program instead of six; there’s nothing to unlock. If you ever want a leaner app, trim sections in Settings.","","Nexus | APRS | RTTY | SSTV | FT4 | FT8 | CW",""
"2","setup.finish.license.title","What’s your license?","","","Short label on: first-run setup wizard. The same English text ""What’s your license?"" is used by 2 different keys (e.g. gettingStarted.license.shot.title) — each can take a different Portuguese word, so choose the one that fits THIS screen."
"2","setup.finish.license.sub","Sets your transmit privileges — the app parks the dial in your licensed band segments and won’t let you transmit outside them. Pick “Outside the US” for no limits.","","","Quotes another control by name: ""Outside the US"" is the on-screen text of gettingStarted.license.shot.outside / setup.finish.license.open. Translate the quote and that control exactly the same way, or the hint points at a menu entry that no longer exists."
"2","setup.finish.license.technician","Technician","","","Short label on: first-run setup wizard. The same English text ""Technician"" is used by 2 different keys (e.g. gettingStarted.license.shot.technician) — each can take a different Portuguese word, so choose the one that fits THIS screen."
"2","setup.finish.license.technician.blurb","US — limited HF + full VHF/UHF","","UHF | VHF | HF | VHF/UHF",""
"2","setup.finish.license.general","General","","","Short label on: first-run setup wizard. The same English text ""General"" is used by 2 different keys (e.g. gettingStarted.license.shot.general) — each can take a different Portuguese word, so choose the one that fits THIS screen."
"2","setup.finish.license.general.blurb","US — most HF privileges","","HF",""
"2","setup.finish.license.extra","Amateur Extra","","","Short label on: first-run setup wizard. The same English text ""Amateur Extra"" is used by 2 different keys (e.g. gettingStarted.license.shot.extra) — each can take a different Portuguese word, so choose the one that fits THIS screen."
"2","setup.finish.license.extra.blurb","US — full privileges","","","Short label on: first-run setup wizard. The same English text ""US — full privileges"" is used by 2 different keys (e.g. gettingStarted.license.shot.extraBlurb) — each can take a different Portuguese word, so choose the one that fits THIS screen."
"2","setup.finish.license.open","Outside the US","","","Short label on: first-run setup wizard. The same English text ""Outside the US"" is used by 2 different keys (e.g. gettingStarted.license.shot.outside) — each can take a different Portuguese word, so choose the one that fits THIS screen."
"2","setup.finish.license.open.blurb","No transmit limits","","","Short label on: first-run setup wizard. The same English text ""No transmit limits"" is used by 2 different keys (e.g. gettingStarted.license.shot.outsideBlurb) — each can take a different Portuguese word, so choose the one that fits THIS screen."
"2","setup.finish.packs.title","Start with some channels?","","",""
"2","setup.finish.packs.sub","Optional — a ready-made set of common frequencies and nets, added to your Memories. Change or remove any of them later in the Memories section.","","",""
"2","setup.finish.packs.meta","{{count}} channels · {{region}}","","{{count}} | {{region}}",""
"2","setup.finish.guide.title","Want a walkthrough of what you just set up?","","",""
"2","setup.finish.guide.label","Show me Getting started","","",""
"2","setup.finish.guide.blurb","The four things, in order — opens when this closes","","",""
"2","setup.nav.back","← Back","","","Short label on: first-run setup wizard. The same English text ""← Back"" is used by 2 different keys (e.g. gettingStarted.back) — each can take a different Portuguese word, so choose the one that fits THIS screen."
"2","setup.nav.skip","I’ll set it up myself","","",""
"2","setup.nav.next","Next →","","","Short label on: first-run setup wizard. The same English text ""Next →"" is used by 2 different keys (e.g. gettingStarted.station.shot.next) — each can take a different Portuguese word, so choose the one that fits THIS screen."
"2","setup.nav.finish","Finish — everything on","","",""
"2","gettingStarted.title","Getting started","","",""
"2","gettingStarted.crumb.path","Help ▸ Getting started","","",""
"2","gettingStarted.crumb.note","Opened from the Help menu · also offered at the end of the setup wizard","","",""
"2","gettingStarted.rail.label","Guide steps","","",""
"2","gettingStarted.rail.head","The order matters","","",""
"2","gettingStarted.progress","Step {{step}} of {{total}}","","{{step}} | {{total}}",""
"2","gettingStarted.shot.label","In Nexus","","Nexus",""
"2","gettingStarted.back","← Back","","","Short label on: Getting Started guide. The same English text ""← Back"" is used by 2 different keys (e.g. setup.nav.back) — each can take a different Portuguese word, so choose the one that fits THIS screen."
"2","gettingStarted.close","That’s all four — close","","",""
"2","gettingStarted.rail.station.label","Callsign & grid","","",""
"2","gettingStarted.rail.station.blurb","Who and where you are","","",""
"2","gettingStarted.rail.radio.label","Your radio","","",""
"2","gettingStarted.rail.radio.blurb","Detect, pair audio, Test CAT","","CAT",""
"2","gettingStarted.rail.license.label","License class","","",""
"2","gettingStarted.rail.license.blurb","A real transmit lockout","","",""
"2","gettingStarted.rail.log.label","Your ADIF log","","ADIF",""
"2","gettingStarted.rail.log.blurb","Where the magic happens","","",""
"2","gettingStarted.next.station","Next — set up the radio →","","",""
"2","gettingStarted.next.radio","Next — your license →","","",""
"2","gettingStarted.next.license","Next — the log (the important one) →","","",""
"2","gettingStarted.next.log","That's all four","","",""
"2","gettingStarted.wizard.station","Your station","","","Short label on: Getting Started guide. The same English text ""Your station"" is used by 2 different keys (e.g. setup.steps.station) — each can take a different Portuguese word, so choose the one that fits THIS screen."
"2","gettingStarted.wizard.rig","Your rig","","","Short label on: Getting Started guide. The same English text ""Your rig"" is used by 2 different keys (e.g. setup.steps.rig) — each can take a different Portuguese word, so choose the one that fits THIS screen."
"2","gettingStarted.wizard.log","Your log","","","Short label on: Getting Started guide. The same English text ""Your log"" is used by 2 different keys (e.g. setup.steps.log) — each can take a different Portuguese word, so choose the one that fits THIS screen."
"2","gettingStarted.wizard.finish","Finish","","","Short label on: Getting Started guide. The same English text ""Finish"" is used by 2 different keys (e.g. setup.steps.finish) — each can take a different Portuguese word, so choose the one that fits THIS screen."
"2","gettingStarted.station.aria","Step 1 of 4: Callsign and grid","","",""
"2","gettingStarted.station.eyebrow","Step 1 of 4 · Your station","","",""
"2","gettingStarted.station.heading","Who’s on the air?","","","Short label on: Getting Started guide. The same English text ""Who’s on the air?"" is used by 3 different keys (e.g. gettingStarted.station.shot.title, setup.station.title) — each can take a different Portuguese word, so choose the one that fits THIS screen."
"2","gettingStarted.station.lede","Your callsign and your grid square. Everything location-shaped in Nexus — the propagation map, satellite passes, distances, bearings, DXpedition windows, VHF opening locality — is computed from these two fields.","","DXpedition | Nexus | VHF",""
"2","gettingStarted.station.where","Open the first-run wizard (it appears on first launch) or <b>Settings ▸ Station</b> at any time.","","<b>",""
"2","gettingStarted.station.callsign","<b>Callsign</b> — stored uppercase. Nexus will not start PSK Reporter or the RBN/cluster feed until a valid one is set: 3–10 characters, at least one letter and one digit.","","<b> | PSK Reporter | Nexus | PSK | RBN",""
"2","gettingStarted.station.grid","<b>Grid square</b> — your Maidenhead locator. QRZ shows yours.","","<b> | Maidenhead | QRZ",""
"2","gettingStarted.station.name","<b>Name</b> — optional, in Settings ▸ Station. Feeds the CW <code>{NAME}</code> macro and logbook autofill.","","<b> | <code> | {NAME} | CW","Contains CW macro tokens in SINGLE braces ({NAME}, {RST}...). These are matched literally by the macro expander — copy them exactly, do not translate or reorder them against the words that explain them."
"2","gettingStarted.station.callout.label","Give all six characters","","",""
"2","gettingStarted.station.callout.body","Four characters pins you to the middle of a ~100-mile square, and every distance and bearing you will ever read is measured from that point. <code>{{full}}</code> beats <code>{{short}}</code>. A malformed locator is refused outright — the wizard will not let you past it.","","{{full}} | {{short}} | <code>",""
"2","gettingStarted.station.shot.caption","Setup wizard ▸ step 1 · re-run any time from Settings ▸ Appearance ▸ Features","","",""
"2","gettingStarted.station.shot.title","Who’s on the air?","","","Short label on: Getting Started guide. The same English text ""Who’s on the air?"" is used by 3 different keys (e.g. gettingStarted.station.heading, setup.station.title) — each can take a different Portuguese word, so choose the one that fits THIS screen."
"2","gettingStarted.station.shot.sub","Your grid square is the anchor for everything location-based — satellite passes, propagation, the map, and DXpedition windows are all computed from it.","","DXpedition",""
"2","gettingStarted.station.shot.callsignLabel","Callsign","","","Short label on: Getting Started guide. The same English text ""Callsign"" is used by 5 different keys (e.g. settings.station.callsign.label, spots.post.call.label, memories.editor.callsign.label) — each can take a different Portuguese word, so choose the one that fits THIS screen."
"2","gettingStarted.station.shot.gridLabel","Grid square","","","Short label on: Getting Started guide. The same English text ""Grid square"" is used by 4 different keys (e.g. watchlist.add.kind.grid, program.origin.grid.aria, setup.station.grid.label) — each can take a different Portuguese word, so choose the one that fits THIS screen."
"2","gettingStarted.station.shot.gridHint","Maidenhead locator (qrz.com shows yours). Give all 6 — 4 characters pins you to the middle of a ~100-mile square.","","Maidenhead",""
"2","gettingStarted.station.shot.skip","I’ll set it up myself","","",""
"2","gettingStarted.station.shot.next","Next →","","","Short label on: Getting Started guide. The same English text ""Next →"" is used by 2 different keys (e.g. setup.nav.next) — each can take a different Portuguese word, so choose the one that fits THIS screen."
"2","gettingStarted.radio.aria","Step 2 of 4: Your radio","","",""
"2","gettingStarted.radio.eyebrow","Step 2 of 4 · Your rig","","",""
"2","gettingStarted.radio.heading","How does the radio connect?","","",""
"2","gettingStarted.radio.lede","One button does the archaeology. Nexus reads the USB descriptors, matches the rig model, pairs the audio CODEC, and looks for FlexRadios on your network — in a single scan.","","Nexus | USB",""
"2","gettingStarted.radio.where","In the wizard, or in <b>Settings ▸ Radio ▸ Rig & CAT</b>, click <b>Detect my radio</b>.","","<b> | CAT","Quotes another control by name: ""Detect my radio"" is the on-screen text of settings.rigControl.detect.action. Translate the quote and that control exactly the same way, or the hint points at a menu entry that no longer exists."
"2","gettingStarted.radio.pickRow","<b>Pick the row that is your radio.</b> It fills the port, the Hamlib model and both audio devices at once. On a dual-UART Icom two rows describe the same rig — take the one tagged <em>CI-V port — use this one</em>.","","<b> | <em> | Hamlib | CI-V | Icom",""
"2","gettingStarted.radio.genericCable","<b>Generic cable?</b> A CH340 reporting only “USB Serial” fills the port and audio but leaves the model blank — choose it from the dropdown.","","<b> | USB",""
"2","gettingStarted.radio.flex","<b>FlexRadio</b> is found on the network and configured the WSJT-X-proven way: CAT through the SmartSDR CAT app at <code>127.0.0.1:5002</code>, audio through DAX.","","<b> | <code> | FlexRadio | SmartSDR | WSJT-X | CAT | DAX | 127.0.0.1",""
"2","gettingStarted.radio.testCat","<b>Then press Test CAT.</b> Nexus saves what you entered, starts <code>rigctld</code> for the radio, and reports the dial frequency it read back — or the specific error. Other programs share the radio through the address in Settings ▸ Radio ▸ <em>Transmit limits & sharing</em>.","","<b> | <code> | <em> | rigctld | Nexus | CAT","Quotes another control by name: ""Transmit limits & sharing"" is the on-screen text of settings.transmit.legend. Translate the quote and that control exactly the same way, or the hint points at a menu entry that no longer exists."
"2","gettingStarted.radio.callout.label","Nothing found?","","",""
"2","gettingStarted.radio.callout.body","USB: plug it in and power it on. Flex: it has to be on this network. Either way you can skip and set it up later — the wizard never blocks on hardware. Set <b>Tx Level</b> (default 0.9) down until your rig’s ALC reads zero before you transmit.","","<b> | ALC | USB | 0.9",""
"2","gettingStarted.radio.shot.caption","Setup wizard ▸ step 2 · Hamlib ships inside the installer","","Hamlib",""
"2","gettingStarted.radio.shot.captionMac","Setup wizard ▸ step 2 · CAT needs Homebrew Hamlib — in Terminal: brew install hamlib","","Hamlib | CAT",""
"2","gettingStarted.radio.shot.title","How does the radio connect?","","",""
"2","gettingStarted.radio.shot.sub","One detect finds everything — USB rigs and FlexRadios on the network. Skippable; Settings ▸ Radio ▸ Rig & CAT has all of this later.","","CAT | USB",""
"2","gettingStarted.radio.shot.detect","🔍 Detect my radio","","","Short label on: Getting Started guide. The same English text ""🔍 Detect my radio"" is used by 2 different keys (e.g. setup.rig.detect.action) — each can take a different Portuguese word, so choose the one that fits THIS screen."
"2","gettingStarted.radio.shot.row","<b>{{rig}}</b> on {{port}}","","{{rig}} | {{port}} | <b>",""
"2","gettingStarted.radio.shot.rowCiv","· {{chip}} · CI-V port — use this one","","{{chip}} | CI-V",""
"2","gettingStarted.radio.shot.rowSecond","· {{chip}} · second port, not CI-V","","{{chip}} | CI-V",""
"2","gettingStarted.radio.shot.selected","Selected: {{rig}} on {{port}}","","{{rig}} | {{port}}",""
"2","gettingStarted.radio.shot.usbLabel","USB / Serial","","USB","Short label on: Getting Started guide. The same English text ""USB / Serial"" is used by 2 different keys (e.g. setup.rig.conn.serial.label) — each can take a different Portuguese word, so choose the one that fits THIS screen."
"2","gettingStarted.radio.shot.usbBlurb","Most rigs — one cable","","",""
"2","gettingStarted.radio.shot.netLabel","Network","","","Short label on: Getting Started guide. The same English text ""Network"" is used by 2 different keys (e.g. setup.rig.conn.network.label) — each can take a different Portuguese word, so choose the one that fits THIS screen."
"2","gettingStarted.radio.shot.netBlurb","FlexRadio / remote rigctld","","FlexRadio | rigctld","Short label on: Getting Started guide. The same English text ""FlexRadio / remote rigctld"" is used by 2 different keys (e.g. setup.rig.conn.network.blurb) — each can take a different Portuguese word, so choose the one that fits THIS screen."
"2","gettingStarted.radio.shot.audioIn","Audio in","","","Short label on: Getting Started guide. The same English text ""Audio in"" is used by 2 different keys (e.g. setup.rig.audioIn.label) — each can take a different Portuguese word, so choose the one that fits THIS screen."
"2","gettingStarted.radio.shot.audioOut","Audio out","","","Short label on: Getting Started guide. The same English text ""Audio out"" is used by 2 different keys (e.g. setup.rig.audioOut.label) — each can take a different Portuguese word, so choose the one that fits THIS screen."
"2","gettingStarted.radio.shot.testCatBtn","⚡ Test CAT","","CAT","Short label on: Getting Started guide. The same English text ""⚡ Test CAT"" is used by 2 different keys (e.g. setup.rig.testCat.action) — each can take a different Portuguese word, so choose the one that fits THIS screen."
"2","gettingStarted.radio.shot.testCatResult","✓ Radio answered on {{port}} — dial reads {{dial}}","","{{port}} | {{dial}}",""
"2","gettingStarted.license.aria","Step 3 of 4: License class","","",""
"2","gettingStarted.license.eyebrow","Step 3 of 4 · Your license","","",""
"2","gettingStarted.license.heading","Declare your class, get a real lockout","","",""
"2","gettingStarted.license.lede","This one field becomes a software guard in <em>every</em> transmit path in the app. Nexus parks the dial in your licensed segments and refuses to key up outside them, with a toast that says why.","","<em> | Nexus",""
"2","gettingStarted.license.where","On the wizard’s last step, under <b>What’s your license?</b>. It is persisted the moment you click it.","","<b>","Quotes another control by name: ""What’s your license?"" is the on-screen text of gettingStarted.license.shot.title / setup.finish.license.title. Translate the quote and that control exactly the same way, or the hint points at a menu entry that no longer exists."
"2","gettingStarted.license.technician","A <b>Technician</b> on 40 m is held to the CW segment — phone and FT8 TX outside it are blocked.","","<b> | FT8 | CW | TX","Quotes another control by name: ""Technician"" is the on-screen text of gettingStarted.license.shot.technician / setup.finish.license.technician. Translate the quote and that control exactly the same way, or the hint points at a menu entry that no longer exists."
"2","gettingStarted.license.general","A <b>General</b> on 20 m cannot transmit in the Extra-only portion at the low end.","","<b>",""
"2","gettingStarted.license.sixty","The channelized <b>60 m</b> segments are included.","","<b>",""
"2","gettingStarted.license.outsideUs","Outside the US? Pick <b>Outside the US</b>. The lockout models US FCC Part 97 / ITU Region 2 only, so it is off rather than wrong.","","<b> | ITU","Quotes another control by name: ""Outside the US"" is the on-screen text of gettingStarted.license.shot.outside / setup.finish.license.open. Translate the quote and that control exactly the same way, or the hint points at a menu entry that no longer exists."
"2","gettingStarted.license.callout.label","It is a safety net","","",""
"2","gettingStarted.license.callout.body","You are responsible for knowing your privileges. The lockout catches the slip; it does not replace the knowledge. A fresh install defaults to <b>Open</b>, so nothing is silently restricted before you say so.","","<b>",""
"2","gettingStarted.license.shot.caption","Setup wizard ▸ step 4 · everything starts on — this is the one question","","",""
"2","gettingStarted.license.shot.title","What’s your license?","","","Short label on: Getting Started guide. The same English text ""What’s your license?"" is used by 2 different keys (e.g. setup.finish.license.title) — each can take a different Portuguese word, so choose the one that fits THIS screen."
"2","gettingStarted.license.shot.sub","Sets your transmit privileges — the app parks the dial in your licensed band segments and won’t let you transmit outside them. Pick “Outside the US” for no limits.","","","Quotes another control by name: ""Outside the US"" is the on-screen text of gettingStarted.license.shot.outside / setup.finish.license.open. Translate the quote and that control exactly the same way, or the hint points at a menu entry that no longer exists."
"2","gettingStarted.license.shot.technician","Technician","","","Short label on: Getting Started guide. The same English text ""Technician"" is used by 2 different keys (e.g. setup.finish.license.technician) — each can take a different Portuguese word, so choose the one that fits THIS screen."
"2","gettingStarted.license.shot.technicianBlurb","US — limited HF + full VHF/UHF","","UHF | VHF | HF | VHF/UHF",""
"2","gettingStarted.license.shot.general","General","","","Short label on: Getting Started guide. The same English text ""General"" is used by 2 different keys (e.g. setup.finish.license.general) — each can take a different Portuguese word, so choose the one that fits THIS screen."
"2","gettingStarted.license.shot.generalBlurb","US — most HF privileges","","HF",""
"2","gettingStarted.license.shot.extra","Amateur Extra","","","Short label on: Getting Started guide. The same English text ""Amateur Extra"" is used by 2 different keys (e.g. setup.finish.license.extra) — each can take a different Portuguese word, so choose the one that fits THIS screen."
"2","gettingStarted.license.shot.extraBlurb","US — full privileges","","","Short label on: Getting Started guide. The same English text ""US — full privileges"" is used by 2 different keys (e.g. setup.finish.license.extra.blurb) — each can take a different Portuguese word, so choose the one that fits THIS screen."
"2","gettingStarted.license.shot.outside","Outside the US","","","Short label on: Getting Started guide. The same English text ""Outside the US"" is used by 2 different keys (e.g. setup.finish.license.open) — each can take a different Portuguese word, so choose the one that fits THIS screen."
"2","gettingStarted.license.shot.outsideBlurb","No transmit limits","","","Short label on: Getting Started guide. The same English text ""No transmit limits"" is used by 2 different keys (e.g. setup.finish.license.open.blurb) — each can take a different Portuguese word, so choose the one that fits THIS screen."
"2","gettingStarted.license.shot.toast","TX blocked — {{freq}} is outside your General phone privileges on 40 m.","","{{freq}} | TX",""
"2","gettingStarted.log.aria","Step 4 of 4: Your ADIF log","","ADIF",""
"2","gettingStarted.log.eyebrow","Step 4 of 4 · The one that matters","","",""
"2","gettingStarted.log.heading","Bring in your existing log","","",""
"2","gettingStarted.log.lede","One log, every mode. Import one ADIF file and the app knows every station you have already worked, every entity you still need, and exactly how far you are from your next award — on digital, phone and CW alike, computed offline from your own history.","","ADIF | CW",""
"2","gettingStarted.log.without.label","Without a log","","",""
"2","gettingStarted.log.without.body","Every callsign looks the same, whether it arrives as a decode, a cluster spot or a voice on the band. Every station is new. The Needed board has nothing to say.","","",""
"2","gettingStarted.log.b4.label","With it — worked before","","",""
"2","gettingStarted.log.b4.body","B4 chips wherever a callsign appears — digital decodes, the Call Roster, spots, and the recall card in the Phone and CW cockpits.","","B4 | CW",""
"2","gettingStarted.log.needed.label","With it — the Needed board","","",""
"2","gettingStarted.log.needed.body","New DXCC, new state, new grid, new band slot — ranked across every band and mode at once, with the evidence that says it is workable now.","","DXCC",""
"2","gettingStarted.log.awards.label","With it — awards","","",""
"2","gettingStarted.log.awards.body","DXCC, Challenge, Honor Roll, WAS, WAZ, VUCC and IOTA — mode-agnostic and per-mode alike — the moment the import finishes.","","DXCC | IOTA | VUCC | WAS | WAZ",""
"2","gettingStarted.log.sources.head","Where your ADIF comes from","","ADIF",""
"2","gettingStarted.log.sources.intro","Any standard ADIF export — <code>.adi</code> or <code>.adif</code>. If you have been operating, you already have one.","","<code> | ADIF",""
"2","gettingStarted.log.sources.wsjtx","<b>WSJT-X</b> — <code>wsjtx_log.adi</code> in your log directory.","","<b> | <code> | WSJT-X | wsjtx_log.adi",""
"2","gettingStarted.log.sources.qrz","<b>QRZ Logbook</b> or <b>LoTW</b> — download your full ADIF export.","","<b> | ADIF | LoTW | QRZ",""
"2","gettingStarted.log.sources.others","<b>N1MM+, Log4OM, HRD, ClubLog</b> — export ADIF from the logbook.","","<b> | ClubLog | Log4OM | ADIF | N1MM | HRD",""
"2","gettingStarted.log.import.head","Then import it","","",""
"2","gettingStarted.log.import.body","Wizard step 3, or <b>Logbook ▸ Import ADIF</b> at any time. Import as many files as you like — duplicates are detected and skipped, so a second pass costs you nothing.","","<b> | ADIF",""
"2","gettingStarted.log.callout.label","Nothing leaves your computer","","",""
"2","gettingStarted.log.callout.body","The import is local. Your log lives in <code>log.adi</code> on your own machine, and the awards engine computes against it offline. Uploading to LoTW, QRZ, ClubLog or eQSL is a separate, opt-in connector.","","<code> | ClubLog | LoTW | eQSL | QRZ | log.adi",""
"2","gettingStarted.log.shot.caption","Setup wizard ▸ step 3 · or Logbook ▸ Import ADIF, any time","","ADIF",""
"2","gettingStarted.log.shot.title","Bring in your existing log","","",""
"2","gettingStarted.log.shot.sub","Nexus works best when it knows your history. Importing your ADIF log is what powers <b>worked-before</b> flags, the <b>Needed</b> board, and your <b>awards</b> progress — without it, the app starts blind and treats every station as new.","","<b> | Nexus | ADIF",""
"2","gettingStarted.log.shot.import","Import my ADIF log…","","ADIF","Short label on: Getting Started guide. The same English text ""Import my ADIF log…"" is used by 2 different keys (e.g. setup.log.import.action) — each can take a different Portuguese word, so choose the one that fits THIS screen."
"2","gettingStarted.log.shot.result","✓ Imported <b>{{count}}</b> QSOs · {{present}} already present. Your worked-before and Needed board are now seeded.","","{{count}} | {{present}} | <b> | QSOs",""
"2","gettingStarted.log.shot.formats","From WSJT-X, N1MM, Log4OM, HRD, QRZ, LoTW, ClubLog — any standard ADIF (.adi/.adif) export. Nothing leaves your computer; duplicates are detected and skipped.","","ClubLog | Log4OM | WSJT-X | ADIF | LoTW | N1MM | HRD | QRZ",""
"2","gettingStarted.log.closing.eyebrow","You’re set — now go work someone","","",""
"2","gettingStarted.log.closing.digital","Open <b>Digital</b>. The dial starts on {{freq}} and the decoder runs every 15-second slot — there is no Monitor toggle to forget.","","{{freq}} | <b>",""
"2","gettingStarted.log.closing.decodes","Within a period or two, decodes fill Band Activity — now annotated with country, B4 and <b>New / DXCC</b> badges, because you imported the log.","","<b> | DXCC | B4",""
"2","gettingStarted.log.closing.doubleClick","<b>Double-click</b> a station calling CQ. The sequencer runs the whole exchange and logs it. The same log feeds the Phone and CW cockpits, so a familiar call shows their name and your history there too.","","<b> | CQ | CW",""
"2","gettingStarted.wsjtx.label","Coming from WSJT-X? The short path","","WSJT-X",""
"2","gettingStarted.wsjtx.body","Your muscle memory transfers — double-click semantics, <code>Esc</code> / <code>F4</code> / <code>F6</code> / <code>Alt+1–6</code>, Band Activity bottom-pinned, early decodes at 11.8 s, Fake-It split, Hound auto-move. So do your settings: point step 2 at the same rig and audio devices WSJT-X uses, and hand step 4 your <code>wsjtx_log.adi</code>. JTAlert and GridTracker keep working — Nexus speaks the full WSJT-X UDP protocol and they see it as a WSJT-X.","","<code> | GridTracker | WSJT-X | Hound | Nexus | UDP | wsjtx_log.adi | F4 | F6 | 11.8",""
"2","gettingStarted.wsjtx.mac","On a Mac, hold Fn for the F-keys — or turn on ""Use F1, F2, etc. keys as standard function keys"" in System Settings ▸ Keyboard, as with WSJT-X.","","WSJT-X | F1 | F2",""
"2","profiles.starter.label","Just getting started","","",""
"2","profiles.starter.blurb","Make some FT8/FT4 contacts. A clean cockpit and a simple log — extras stay out of the way.","","FT4 | FT8",""
"2","profiles.dx.label","DX chasing & awards","","DX",""
"2","profiles.dx.blurb","Chase new ones: awards (DXCC/Challenge/Honor Roll/WAZ), propagation, the map, and the DXpedition board.","","DXpedition | DXCC | WAZ",""
"2","profiles.contest.label","Contesting","","","Short label on: operating profiles. The same English text ""Contesting"" is used by 3 different keys (e.g. settings.tabs.contesting, features.category.contesting) — each can take a different Portuguese word, so choose the one that fits THIS screen."
"2","profiles.contest.blurb","Run rate: the contest workspace and field log, with awards and prop out of the way.","","",""
"2","profiles.pota.blurb","Activate and hunt: the map and a field log for parks-and-peaks operating.","","",""
"2","profiles.vhf.label","6m / VHF & openings","","VHF | 6m",""
"2","profiles.vhf.blurb","Catch the band coming alive: Connect (map + openings), satellite passes, and the DXpedition board.","","DXpedition",""
"2","profiles.everything.label","Everything (expert)","","",""
"2","profiles.everything.blurb","Turn the whole console on. Every section and capability enabled.","","",""
"2","features.category.operate","Operate","","","Short label on: feature registry (menus). The same English text ""Operate"" is used by 3 different keys (e.g. amp.operate, features.operate.label) — each can take a different Portuguese word, so choose the one that fits THIS screen."
"2","features.category.dxAwards","DX & Awards","","DX",""
"2","features.category.contesting","Contesting","","","Short label on: feature registry (menus). The same English text ""Contesting"" is used by 3 different keys (e.g. settings.tabs.contesting, profiles.contest.label) — each can take a different Portuguese word, so choose the one that fits THIS screen."
"2","features.category.propagation","Propagation","","","Short label on: feature registry (menus). The same English text ""Propagation"" is used by 2 different keys (e.g. settings.integrations.propagation.title) — each can take a different Portuguese word, so choose the one that fits THIS screen."
"2","features.category.logging","Logging","","","One-word control on: feature registry (menus). Out of context this could be a noun or a verb — open that screen (or read the key name) before choosing the Portuguese word."
"2","features.category.system","System","","","One-word control on: feature registry (menus). Out of context this could be a noun or a verb — open that screen (or read the key name) before choosing the Portuguese word."
"2","features.operate.label","Operate","","","Short label on: feature registry (menus). The same English text ""Operate"" is used by 3 different keys (e.g. amp.operate, features.category.operate) — each can take a different Portuguese word, so choose the one that fits THIS screen."
"2","features.operate.oneLine","The waterfall-first cockpit — decode, tune, and work stations.","","",""
"2","features.cw.oneLine","CW operating — keyboard + F-key macros, WPM, spectrum, casual ragchew.","","WPM | CW",""
"2","features.phone.oneLine","Phone (SSB) operating — PTT, band-aware sideband, RF power, panadapter.","","PTT | SSB | RF",""
"2","features.rtty.oneLine","RTTY operating — 45.45 baud Baudot: streaming decode, F-key macros, FSK/AFSK keying.","","Baudot | AFSK | RTTY | FSK | FSK/AFSK | 45.45",""
"2","features.psk.oneLine","PSK31 — narrow-band keyboard mode: click a trace, read the ragchew (receive).","","PSK31",""
"2","features.sstv.oneLine","SSTV — slow-scan images auto-decode into a gallery (Martin/Scottie/Robot/PD).","","SSTV",""
"2","features.aprs.oneLine","APRS — AFSK-1200 packet: decode positions/messages, send a position beacon.","","AFSK | APRS | AFSK-1200",""
"2","features.logbook.label","Logbook","","","Short label on: feature registry (menus). The same English text ""Logbook"" is used by 3 different keys (e.g. logbook.title, nav.logbook.label) — each can take a different Portuguese word, so choose the one that fits THIS screen."
"2","features.logbook.oneLine","Your ADIF contacts — the system of record.","","ADIF",""
"2","features.settings.label","Settings","","","Short label on: feature registry (menus). The same English text ""Settings"" is used by 3 different keys (e.g. settings.panel.title, nav.settings.label) — each can take a different Portuguese word, so choose the one that fits THIS screen."
"2","features.settings.oneLine","Operator, rig, network, and feature configuration.","","",""
"2","features.nowBar.label","Now Bar","","",""
"2","features.nowBar.oneLine","The persistent at-a-glance status strip (UTC, band, state, alerts).","","UTC",""
"2","features.chat.label","Chat","","","Short label on: feature registry (menus). The same English text ""Chat"" is used by 2 different keys (e.g. settings.quickReply.chat.label) — each can take a different Portuguese word, so choose the one that fits THIS screen."
"2","features.chat.oneLine","Free-form QSO text (TempoFast/TempoDeep).","","TempoDeep | TempoFast | QSO",""
"2","features.fieldDay.oneLine","Contest rate workspace (exchange, dupes, scoring, Cabrillo).","","Cabrillo",""
"2","features.connect.label","Connect","","","Short label on: feature registry (menus). The same English text ""Connect"" is used by 2 different keys (e.g. nav.connect.label) — each can take a different Portuguese word, so choose the one that fits THIS screen."
"2","features.connect.oneLine","Situational awareness — the grayline map + live propagation in one view.","","",""
"2","features.needed.label","Needed","","","Short label on: feature registry (menus). The same English text ""Needed"" is used by 4 different keys (e.g. roster.filter.needed, sat.schedule.column.needed, nav.needed.label) — each can take a different Portuguese word, so choose the one that fits THIS screen."
"2","features.needed.oneLine","What you still need that's on the air now — single-click to QSY.","","QSY",""
"2","features.spots.label","Spots","","","Short label on: feature registry (menus). The same English text ""Spots"" is used by 4 different keys (e.g. globe.layer.spots, spots.title, nav.spots.label) — each can take a different Portuguese word, so choose the one that fits THIS screen."
"2","features.spots.oneLine","Every cluster/RBN spot on the air — the raw firehose, filter by band/mode.","","RBN",""
"2","features.dxped.label","DXpeditions","","DXpeditions","Short label on: feature registry (menus). The same English text ""DXpeditions"" is used by 3 different keys (e.g. map.layer.dxped.label, globe.layer.dxped) — each can take a different Portuguese word, so choose the one that fits THIS screen."
"2","features.dxped.oneLine","DXpeditions — active now, the forward calendar, and your needed status.","","DXpeditions",""
"2","features.sats.label","Satellites","","","Short label on: feature registry (menus). The same English text ""Satellites"" is used by 4 different keys (e.g. globe.layer.sats, sat.head.title, nav.sats.label) — each can take a different Portuguese word, so choose the one that fits THIS screen."
"2","features.sats.oneLine","Satellite passes over YOUR grid — when to try which bird, favorites first.","","",""
"2","features.memories.label","Memories","","","Short label on: feature registry (menus). The same English text ""Memories"" is used by 3 different keys (e.g. memories.aria, nav.memories.label) — each can take a different Portuguese word, so choose the one that fits THIS screen."
"2","features.memories.oneLine","Saved channels — repeaters, HF nets, calling freqs: groups, ★ favorites, one-click tune, CHIRP CSV, starter packs + opt-in net reminders.","","CHIRP | CSV | HF",""
"2","features.program.label","Program","","","Short label on: feature registry (menus). The same English text ""Program"" is used by 4 different keys (e.g. ota.program.aria, program.title, nav.program.label) — each can take a different Portuguese word, so choose the one that fits THIS screen."
"2","features.program.oneLine","Program your radios — local repeaters to a channel list: CHIRP CSV, rig memories, or tune-now.","","CHIRP | CSV",""
"2","features.awards.label","Awards","","","Short label on: feature registry (menus). The same English text ""Awards"" is used by 3 different keys (e.g. awards.title, nav.awards.label) — each can take a different Portuguese word, so choose the one that fits THIS screen."
"2","features.awards.oneLine","Journey + official awards — firsts, sub-award ladders, DXCC/WAZ/WAS progress.","","DXCC | WAS | WAZ | DXCC/WAZ",""
"2","features.stats.label","Stats","","","Short label on: feature registry (menus). The same English text ""Stats"" is used by 2 different keys (e.g. nav.stats.label) — each can take a different Portuguese word, so choose the one that fits THIS screen."
"2","features.stats.oneLine","Your logbook, sliced — QSOs by band, mode, year, hour, entity, and confirmations.","","QSOs",""
"2","features.pota.oneLine","Parks/Summits on the air — who's on now (hunt) + tag your activation.","","",""
"2","features.gamification.label","Achievements","","","One-word control on: feature registry (menus). Out of context this could be a noun or a verb — open that screen (or read the key name) before choosing the Portuguese word."
"2","features.gamification.oneLine","Celebrate milestone unlocks (toasts + badges).","","",""
"2","radios.picker.aria","Choose radio","","",""
"2","radios.picker.title","Which radio?","","",""
"2","radios.picker.sub","You have two radios running at once. Pick the radio this window will operate — you can open a second window for the other. They share one logbook.","","",""
"2","radios.picker.inUse.title","{{name}} is already open in another window","","{{name}}",""
"2","radios.picker.inUse.tag","in use","","",""
"2","radios.picker.choose.title","Operate {{name}}","","{{name}}",""
"2","radios.picker.single","Use one radio (follow bands on a single window)","","",""
"2","radios.switcher.aria","Active radio","","",""
"2","radios.switcher.active.title","{{name}} — active radio ({{band}} · {{freq}} MHz)","","{{name}} | {{band}} | {{freq}} | MHz",""
"2","radios.switcher.switch.title","Switch to {{name}} (last on {{band}} · {{freq}} MHz)","","{{name}} | {{band}} | {{freq}} | MHz",""
"2","radios.switcher.catDead.title","Switch to {{name}} — ⚠ CAT not responding (check its rig, cable, and COM port)","","{{name}} | CAT",""
"2","radios.switcher.catDead.aria","CAT not responding","","CAT",""
"2","radios.switcher.catDead.band","no CAT","","CAT",""
"2","radios.peg.on.label","🔒 Pegged","","",""
"2","radios.peg.off.label","🔓 Peg","","",""
"2","radios.peg.on.title","Peg-lock ON — the active radio stays put; selecting a band won’t auto-switch radios. Click to unlock.","","",""
"2","radios.peg.off.title","Peg-lock OFF — selecting a band may auto-switch to the radio that covers it. Click to pin the active radio.","","",""
"3","operate.header.modes.aria","Operating mode","","","Short label on: Operate cockpit (FT8 / FT4). The same English text ""Operating mode"" is used by 2 different keys (e.g. nav.aria) — each can take a different Portuguese word, so choose the one that fits THIS screen."
"3","operate.mode.ft8.title","Standard WSJT-X FT8 — 15 s T/R","","WSJT-X | FT8",""
"3","operate.mode.ft4.title","Standard WSJT-X FT4 — 7.5 s T/R","","WSJT-X | FT4 | 7.5",""
"3","operate.mode.ft2.title","FT2 (Decodium) — 3.75 s T/R, FT4 with a halved symbol time","","FT2 | FT4 | 3.75",""
"3","operate.header.msk144Period.aria","MSK144 T/R period (seconds)","","MSK144",""
"3","operate.header.msk144Period.title","T/R period — 15 s is the 6 m workhorse; 30 s eases deep-search on 2 m","","",""
"3","operate.header.decodeDepth.aria","Decode depth","","","Short label on: Operate cockpit (FT8 / FT4). The same English text ""Decode depth"" is used by 2 different keys (e.g. settings.digital.decodeDepth.label) — each can take a different Portuguese word, so choose the one that fits THIS screen."
"3","operate.header.decodeDepth.title","FT8/FT4 decode depth — Deep catches weaker signals but uses more CPU/battery (a field/POTA lever)","","POTA | FT4 | FT8",""
"3","operate.header.decodeDepth.fast","Fast","","","Short label on: Operate cockpit (FT8 / FT4). The same English text ""Fast"" is used by 4 different keys (e.g. settings.digital.decodeDepth.fast, cw.rxDsp.agc.fast, phone.rxDsp.agc.fast) — each can take a different Portuguese word, so choose the one that fits THIS screen."
"3","operate.header.decodeDepth.norm","Norm","","","One-word control on: Operate cockpit (FT8 / FT4). Out of context this could be a noun or a verb — open that screen (or read the key name) before choosing the Portuguese word."
"3","operate.header.decodeDepth.deep","Deep","","","Short label on: Operate cockpit (FT8 / FT4). The same English text ""Deep"" is used by 2 different keys (e.g. settings.digital.decodeDepth.deep) — each can take a different Portuguese word, so choose the one that fits THIS screen."
"3","operate.header.power.label","Pwr","","","Short label on: Operate cockpit (FT8 / FT4). The same English text ""Pwr"" is used by 2 different keys (e.g. tempo.header.power.label) — each can take a different Portuguese word, so choose the one that fits THIS screen."
"3","operate.header.power.title","TX drive (Pwr) — trim down until your rig's ALC is just zero","","ALC | TX",""
"3","operate.header.dxped.label","DXped:","","DXped","One-word control on: Operate cockpit (FT8 / FT4). Out of context this could be a noun or a verb — open that screen (or read the key name) before choosing the Portuguese word."
"3","operate.header.dxped.aria","DXpedition mode","","DXpedition","Short label on: Operate cockpit (FT8 / FT4). The same English text ""DXpedition mode"" is used by 2 different keys (e.g. settings.digital.dxpedition.label) — each can take a different Portuguese word, so choose the one that fits THIS screen."
"3","operate.dxped.off.label","Off","","","Short label on: Operate cockpit (FT8 / FT4). The same English text ""Off"" is used by 8 different keys (e.g. roam.status.off, settings.alerts.scope.off, settings.digital.dxpedition.off) — each can take a different Portuguese word, so choose the one that fits THIS screen."
"3","operate.dxped.off.title","No DXpedition special mode","","DXpedition",""
"3","operate.dxped.hound.title","DXpedition hound: calls go out above 1000 Hz, your R+report auto-moves to the Fox's frequency, and the QSO ends on the Fox's RR73 with NO parting 73 — a 73 there is QRM in the Fox's own segment. Off again at every launch: turn it on for the DXpedition, not for the day.","","DXpedition | RR73 | Fox | QRM | QSO | 73 | Hz",""
"3","operate.header.source.aria","Signal source","","",""
"3","operate.header.source.title","Where decodes come from — active: {{active}}. Native = Nexus decodes local audio; Companion = ride an upstream WSJT-X/JTDX/MSHV decode stream over UDP {{addr}}.","","{{active}} | {{addr}} | WSJT-X | Nexus | JTDX | MSHV | UDP | JTDX/MSHV",""
"3","operate.header.source.title.listening","Where decodes come from — active: {{active}} · listening {{addr}}. Native = Nexus decodes local audio; Companion = ride an upstream WSJT-X/JTDX/MSHV decode stream over UDP {{addr}}.","","{{active}} | {{addr}} | WSJT-X | Nexus | JTDX | MSHV | UDP | JTDX/MSHV",""
"3","operate.header.source.native.title","Native engine — Nexus decodes local audio","","Nexus",""
"3","operate.header.source.companion.title","Companion — ride an existing WSJT-X / JTDX / MSHV decode stream over UDP {{addr}}","","{{addr}} | WSJT-X | JTDX | MSHV | UDP",""
"3","operate.header.offsets.aria","Audio offsets (Hz)","","Hz",""
"3","operate.header.df.title","{{label}} audio offset (Hz) — Enter/blur commits, clamped 200–4000","","{{label}} | Hz",""
"3","operate.header.df.aria","{{label}} offset in Hz","","{{label}} | Hz",""
"3","operate.header.decode.label","Decode","","","Short label on: Operate cockpit (FT8 / FT4). The same English text ""Decode"" is used by 2 different keys (e.g. cw.pane.decode.title) — each can take a different Portuguese word, so choose the one that fits THIS screen."
"3","operate.header.decode.title","Re-decode the last period (F6)","","F6",""
"3","operate.header.decode.title.mac","Re-decode the last period (F6)
{{hint}}","","{{hint}} | F6",""
"3","operate.header.record.start.aria","Record QSO audio","","QSO","Short label on: Operate cockpit (FT8 / FT4). The same English text ""Record QSO audio"" is used by 3 different keys (e.g. cw.record.start.aria, phone.record.start.aria) — each can take a different Portuguese word, so choose the one that fits THIS screen."
"3","operate.header.record.stop.aria","Stop recording this QSO","","QSO","Short label on: Operate cockpit (FT8 / FT4). The same English text ""Stop recording this QSO"" is used by 3 different keys (e.g. cw.record.stop.aria, phone.record.stop.aria) — each can take a different Portuguese word, so choose the one that fits THIS screen."
"3","operate.header.record.start.title","Record the received audio to a WAV in the recordings folder","","WAV",""
"3","operate.header.record.stop.title","Recording — click to stop recording this QSO","","QSO",""
"3","operate.header.record.startFailed","Could not start recording","","","Short label on: Operate cockpit (FT8 / FT4). The same English text ""Could not start recording"" is used by 4 different keys (e.g. cw.record.startFailed, phone.record.startFailed, phone.keyer.recordFailed) — each can take a different Portuguese word, so choose the one that fits THIS screen."
"3","operate.header.record.stopFailed","Could not stop recording","","","Short label on: Operate cockpit (FT8 / FT4). The same English text ""Could not stop recording"" is used by 3 different keys (e.g. cw.record.stopFailed, phone.record.stopFailed) — each can take a different Portuguese word, so choose the one that fits THIS screen."
"3","operate.header.layout.aria","Operate layout","","",""
"3","operate.header.layout.classic.label","Classic","","","One-word control on: Operate cockpit (FT8 / FT4). Out of context this could be a noun or a verb — open that screen (or read the key name) before choosing the Portuguese word."
"3","operate.header.layout.classic.title","Classic — WSJT-X layout (Band Activity + Rx Frequency pair, roster aside)","","WSJT-X",""
"3","operate.header.layout.roster.label","Roster","","","One-word control on: Operate cockpit (FT8 / FT4). Out of context this could be a noun or a verb — open that screen (or read the key name) before choosing the Portuguese word."
"3","operate.header.layout.roster.title","Roster — GridTracker layout (Call Roster dominant)","","GridTracker",""
"3","operate.header.map.label","Map","","","One-word control on: Operate cockpit (FT8 / FT4). Out of context this could be a noun or a verb — open that screen (or read the key name) before choosing the Portuguese word."
"3","operate.header.map.title","Open the POTA activity map in its own window","","POTA",""
"3","operate.header.spot.aria","Spot a callsign to the DX cluster","","DX",""
"3","operate.header.spot.title","Spot a callsign to the DX cluster (opens a popup — call, frequency, comment)","","DX",""
"3","operate.header.popOut.aria","Open Operate in its own window","","",""
"3","operate.header.popOut.title","Open Operate in its own window (for a second monitor)","","",""
"3","operate.waterfall.redock.label","⧉ Waterfall popped out — click to re-dock","","",""
"3","operate.waterfall.redock.title","The waterfall is in its own window — click to bring it back here","","",""
"3","operate.waterfall.splitter.label","waterfall height","","",""
"3","operate.seam.bandActivityRxFreq.label","Band Activity / Rx Frequency","","",""
"3","operate.seam.qsocolStations.label","Rx Frequency column / Stations roster","","",""
"3","operate.panel.waterfall","Waterfall","","","Short label on: Operate cockpit (FT8 / FT4). The same English text ""Waterfall"" is used by 5 different keys (e.g. rtty.panel.waterfall, psk.panel.waterfall, sstv.panel.waterfall) — each can take a different Portuguese word, so choose the one that fits THIS screen."
"3","operate.panel.bandActivity","Band Activity","","","Short label on: Operate cockpit (FT8 / FT4). The same English text ""Band Activity"" is used by 4 different keys (e.g. operate.decodes.title, cw.panel.bandActivity, phone.panel.bandActivity) — each can take a different Portuguese word, so choose the one that fits THIS screen."
"3","operate.panel.callRoster","Call Roster","","","Short label on: Operate cockpit (FT8 / FT4). The same English text ""Call Roster"" is used by 2 different keys (e.g. operate.roster.title) — each can take a different Portuguese word, so choose the one that fits THIS screen."
"3","operate.panel.rxfreq","Rx Frequency","","",""
"3","operate.panel.txmsgs","Tx Messages","","",""
"3","operate.panel.stations","Stations","","","Short label on: Operate cockpit (FT8 / FT4). The same English text ""Stations"" is used by 2 different keys (e.g. roster.title) — each can take a different Portuguese word, so choose the one that fits THIS screen."
"3","operate.panel.txmeters","TX Meters","","TX","Short label on: Operate cockpit (FT8 / FT4). The same English text ""TX Meters"" is used by 3 different keys (e.g. cw.panel.txmeters, phone.panel.txmeters) — each can take a different Portuguese word, so choose the one that fits THIS screen."
"3","operate.rotor.pointed","Rotator → {{call}}: {{deg}}°","","{{call}} | {{deg}}",""
"3","operate.rotor.failed","Rotator: {{error}}","","{{error}}","Short label on: Operate cockpit (FT8 / FT4). The same English text ""Rotator: {{error}}"" is used by 3 different keys (e.g. cw.rotator.failed, rotor.pane.slew.failed) — each can take a different Portuguese word, so choose the one that fits THIS screen."
"3","operate.strip.rxOnly.why","This mode is receive-only in Nexus — it decodes but does not transmit","","Nexus",""
"3","operate.strip.beacon.why","This is a beacon mode — it transmits your callsign, grid and power on a schedule. There is no QSO sequence. Set the transmit % and power in Settings ▸ Beacons (WSPR & FST4W).","","FST4W | WSPR | QSO",""
"3","operate.strip.roles.aria","Sequencer role","","",""
"3","operate.strip.callCq.label","Call CQ","","CQ",""
"3","operate.strip.callCq.title","Auto CQ — call CQ continuously, work each station that answers with the normal FT8/FT4 sequence, then return to CQ automatically","","FT4 | FT8 | CQ",""
"3","operate.strip.sandp.label","S&P","","","Short label on: Operate cockpit (FT8 / FT4). The same English text ""S&P"" is used by 2 different keys (e.g. fieldDay.role.sp) — each can take a different Portuguese word, so choose the one that fits THIS screen."
"3","operate.strip.sandp.title","Monitor — search & pounce","","",""
"3","operate.strip.txControls.aria","Transmit controls","","","Short label on: Operate cockpit (FT8 / FT4). The same English text ""Transmit controls"" is used by 2 different keys (e.g. topbar.txControls.aria) — each can take a different Portuguese word, so choose the one that fits THIS screen."
"3","operate.strip.holdTx.label","Hold Tx","","","Short label on: Operate cockpit (FT8 / FT4). The same English text ""Hold Tx"" is used by 2 different keys (e.g. topbar.holdTx.label) — each can take a different Portuguese word, so choose the one that fits THIS screen."
"3","operate.strip.holdTx.title","Hold Tx Freq: keep your TX offset where you put it when you double-click a station to work them. Off, your TX moves onto theirs (WSJT-X's behaviour). A plain waterfall click never moves TX either way.","","WSJT-X | TX",""
"3","operate.strip.state.transmitting","▲ TRANSMITTING","","",""
"3","operate.strip.state.receiving","▼ Receiving","","",""
"3","operate.strip.state.txOff","■ TX off","","TX",""
"3","operate.strip.rigDiverge.label","rig: {{mode}}","","{{mode}}","Short label on: Operate cockpit (FT8 / FT4). The same English text ""rig: {{mode}}"" is used by 3 different keys (e.g. phone.rigMismatch.chip, topbar.rigMode.chip) — each can take a different Portuguese word, so choose the one that fits THIS screen."
"3","operate.strip.rigDiverge.title","Your rig is on {{rigMode}}, but Nexus has {{mode}}. Something moved it at the radio (SmartSDR, another program, or the mode knob). Transmit and logging use {{mode}} — set the radio to match, or re-pick the band here.","","{{rigMode}} | {{mode}} | SmartSDR | Nexus",""
"3","operate.strip.narrowFilter.label","filter {{hz}} Hz","","{{hz}} | Hz",""
"3","operate.strip.narrowFilter.title","The radio's receive filter is {{hz}} Hz — far narrower than an FT8/FT4 window. Signals outside it are not reaching the decoder at all. Widen the filter at the radio (2.4-3 kHz is normal).","","{{hz}} | FT4 | FT8 | kHz | Hz | 2.4",""
"3","operate.strip.autoCq.title","Auto CQ is running — calling CQ continuously, working each station that answers, then returning to CQ for the next one. Click S&P to stop.","","CQ",""
"3","operate.strip.report.title","Report received about your signal","","",""
"3","operate.strip.now.stalled","Stalled","","","One-word control on: Operate cockpit (FT8 / FT4). Out of context this could be a noun or a verb — open that screen (or read the key name) before choosing the Portuguese word."
"3","operate.strip.now.rxOnly","— receive-only, not transmitting","","",""
"3","operate.strip.now.beacon","— beacon: transmits on schedule","","",""
"3","operate.strip.now.listening","— listening","","",""
"3","operate.strip.attempts.title","Sent {{count}} times — calling repeatedly","","{{count}}",""
"3","operate.strip.resend.title","Re-arm and re-send this message","","",""
"3","operate.strip.freetext.placeholder","Free text (Tx5)","","",""
"3","operate.strip.freetext.aria","In-QSO free text","","QSO",""
"3","operate.strip.send.label","Send","","","Short label on: Operate cockpit (FT8 / FT4). The same English text ""Send"" is used by 6 different keys (e.g. tempo.composer.send, rtty.compose.send.label, psk.compose.send.label) — each can take a different Portuguese word, so choose the one that fits THIS screen."
"3","operate.strip.send.title","Send on the next over","","",""
"3","operate.strip.log.label","Log","","","Short label on: Operate cockpit (FT8 / FT4). The same English text ""Log"" is used by 7 different keys (e.g. logbook.form.log, logEntry.log, rtty.pane.log.title) — each can take a different Portuguese word, so choose the one that fits THIS screen."
"3","operate.strip.log.title","Log this QSO now","","QSO",""
"3","operate.strip.period.title","Transmit cycle — click to cycle Auto → Tx 1st → Tx 2nd. Auto picks the opposite cycle of the station you answer; the station you work must be on the OPPOSITE period.","","",""
"3","operate.strip.period.auto.first","TX AUTO / 1st","","TX",""
"3","operate.strip.period.auto.second","TX AUTO / 2nd","","TX",""
"3","operate.strip.period.first","TX 1st / even","","TX",""
"3","operate.strip.period.second","TX 2nd / odd","","TX",""
"3","operate.strip.skipTx1.label","Skip Tx1","","",""
"3","operate.strip.skipTx1.title","Skip Tx1 — when you answer a CQ, open with your signal report (Tx2) instead of your grid (Tx1), saving a cycle. Standard callsigns only (a compound call still sends its grid). Resets each launch, like WSJT-X.","","WSJT-X | CQ",""
"3","operate.strip.nextSlot.label","next {{secs}}s","","{{secs}}",""
"3","operate.strip.nextSlot.title","Time to the next slot","","",""
"3","operate.decodes.title","Band Activity","","","Short label on: Operate cockpit (FT8 / FT4). The same English text ""Band Activity"" is used by 4 different keys (e.g. operate.panel.bandActivity, cw.panel.bandActivity, phone.panel.bandActivity) — each can take a different Portuguese word, so choose the one that fits THIS screen."
"3","operate.decodes.rxFreq.title","Rx Frequency · {{hz}} Hz","","{{hz}} | Hz",""
"3","operate.decodes.erase.label","Erase","","","One-word control on: Operate cockpit (FT8 / FT4). Out of context this could be a noun or a verb — open that screen (or read the key name) before choosing the Portuguese word."
"3","operate.decodes.erase.title","Erase this pane (WSJT-X Erase)","","WSJT-X",""
"3","operate.decodes.filters.aria","Filter decodes","","",""
"3","operate.decodes.filter.all","All","","","Short label on: Operate cockpit (FT8 / FT4). The same English text ""All"" is used by 9 different keys (e.g. roster.filter.all, needed.filter.all, map.sats.filter.all) — each can take a different Portuguese word, so choose the one that fits THIS screen."
"3","operate.decodes.filter.me","To me","","",""
"3","operate.decodes.filter.rx","On RX","","RX",""
"3","operate.decodes.filter.new","New","","","Short label on: Operate cockpit (FT8 / FT4). The same English text ""New"" is used by 2 different keys (e.g. settings.cw.macros.profiles.add) — each can take a different Portuguese word, so choose the one that fits THIS screen."
"3","operate.decodes.filter.title.all","All decodes","","",""
"3","operate.decodes.filter.title.cq","CQ calls only","","CQ",""
"3","operate.decodes.filter.title.cq73","73 and RR73 signoffs included — a free frequency is about to appear","","RR73 | 73",""
"3","operate.decodes.filter.title.me","Directed to my callsign","","",""
"3","operate.decodes.filter.title.rx","On my RX frequency (±50 Hz), plus anything addressed to me — follow a QSO without clutter","","QSO | Hz | RX",""
"3","operate.decodes.filter.title.b4","Worked before","","",""
"3","operate.decodes.filter.title.new","New DXCC / new grid — the ""new one"" chase","","DXCC",""
"3","operate.decodes.hideBlocked.label","−Blk","","","One-word control on: Operate cockpit (FT8 / FT4). Out of context this could be a noun or a verb — open that screen (or read the key name) before choosing the Portuguese word."
"3","operate.decodes.hideBlocked.title","Hide blocked callsigns from this pane (they render dimmed when off). The auto-responder never answers blocked calls regardless — Alt-double-click a row to block or unblock.","","",""
"3","operate.decodes.hideConfirmed.label","−Conf","","","One-word control on: Operate cockpit (FT8 / FT4). Out of context this could be a noun or a verb — open that screen (or read the key name) before choosing the Portuguese word."
"3","operate.decodes.hideConfirmed.title","Hide stations whose ENTITY is already confirmed (LoTW/card) on this band — chase what you still need. It is the country that is confirmed, not necessarily this callsign. A station that's new on the band always shows.","","LoTW",""
"3","operate.decodes.hideB4.title","Hide stations you have already worked (B4) from whichever filter is active — CQ-only minus B4, and friends","","B4 | CQ",""
"3","operate.decodes.hideB4.title.idle","The B4 chip shows worked stations — the hide switch is idle there","","B4",""
"3","operate.decodes.sort.label","sort","","","One-word control on: Operate cockpit (FT8 / FT4). Out of context this could be a noun or a verb — open that screen (or read the key name) before choosing the Portuguese word."
"3","operate.decodes.sort.time","Time","","","Short label on: Operate cockpit (FT8 / FT4). The same English text ""Time"" is used by 2 different keys (e.g. fieldDay.log.column.time) — each can take a different Portuguese word, so choose the one that fits THIS screen."
"3","operate.decodes.sort.freq","Freq","","","Short label on: Operate cockpit (FT8 / FT4). The same English text ""Freq"" is used by 4 different keys (e.g. logbook.column.freq, needed.column.freq, spots.column.freq) — each can take a different Portuguese word, so choose the one that fits THIS screen."
"3","operate.decodes.heard","{{count}} heard","","{{count}}",""
"3","operate.decodes.reviewing","▲ reviewing — scroll to bottom to follow","","",""
"3","operate.decodes.harq.title","IR-HARQ recovered {{count}} decode(s) this session","","{{count}} | IR-HARQ",""
"3","operate.decodes.list.aria","Decoded stations — arrow to move, Enter to select, Shift+Enter to work","","",""
"3","operate.decodes.empty.title","No decodes yet","","",""
"3","operate.decodes.empty.detail","Waiting for the next slot — decoded signals will appear here as they arrive.","","",""
"3","operate.decodes.emptyFiltered.title","Nothing matches “{{filter}}”","","{{filter}}",""
"3","operate.decodes.emptyFiltered.detail","{{count}} decodes in history are hidden by the current filter — pick another chip to see them.","","{{count}}",""
"3","operate.decodes.period.aria","Period {{time}} UTC","","{{time}} | UTC",""
"3","operate.decodes.row.aria","{{call}}, {{snr}} dB, {{hz}} hertz, {{message}}{{country}}{{azimuth}}","","{{call}} | {{snr}} | {{hz}} | {{message}} | {{country}} | {{azimuth}} | dB",""
"3","operate.decodes.row.aria.country",", {{country}}","","{{country}}",""
"3","operate.decodes.row.aria.azimuth",", {{deg}} degrees","","{{deg}}",""
"3","operate.decodes.row.aria.azimuth.approx",", about {{deg}} degrees","","{{deg}}",""
"3","operate.decodes.row.title","Click to select {{call}} · double-click to work{{highlight}}","","{{call}} | {{highlight}}",""
"3","operate.decodes.row.highlighted"," · highlighted by your logger (UDP)","","UDP",""
"3","operate.decodes.tier.title","Decoded by {{tier}}","","{{tier}}",""
"3","operate.decodes.utc.title","UTC heard","","UTC",""
"3","operate.decodes.dt.title","DT — time offset (s); large = clock/sync skew","","",""
"3","operate.decodes.dt.title.msk144","T — when in the period the ping landed (s)","","",""
"3","operate.decodes.marker.lowConf.title","Low-confidence decode","","",""
"3","operate.decodes.marker.ap.title","AP-assisted decode","","",""
"3","operate.decodes.needs.aria","needs","","","One-word control on: Operate cockpit (FT8 / FT4). Out of context this could be a noun or a verb — open that screen (or read the key name) before choosing the Portuguese word."
"3","operate.decodes.harqRv.title","Recovered by IR-HARQ (RV0–RV{{rv}})","","{{rv}} | IR-HARQ",""
"3","operate.decodes.tag.you","YOU","","","Abbreviation shown on: Operate cockpit (FT8 / FT4). Check the screen before expanding or translating it."
"3","operate.decodes.lotw.title","Uploads to LoTW — a QSO with {{call}} should confirm (ARRL activity list)","","{{call}} | ARRL | LoTW | QSO",""
"3","operate.decodes.lotw.thisStation","this station","","",""
"3","operate.roster.title","Call Roster","","","Short label on: Operate cockpit (FT8 / FT4). The same English text ""Call Roster"" is used by 2 different keys (e.g. operate.panel.callRoster) — each can take a different Portuguese word, so choose the one that fits THIS screen."
"3","operate.roster.filter.neededOnly","Needed only","","",""
"3","operate.roster.filter.hideWorked","Hide worked","","",""
"3","operate.roster.filter.hideWorked.title","Hide stations you have already worked — EXCEPT the ones that still fill a need, which stay on the list. That is why a B4 chip can survive this filter: you worked that call on another band or mode, and it is still a new slot here. Turn on Needed only to see just those.","","B4",""
"3","operate.roster.filter.hideBlocked","Hide blocked","","",""
"3","operate.roster.filter.hideBlocked.title","Drop blocked callsigns from the roster entirely (unchecked: they render dimmed). Alt-double-click a row to block or unblock; the auto-responder never answers blocked calls either way.","","",""
"3","operate.roster.spot.label","Spot","","","Short label on: Operate cockpit (FT8 / FT4). The same English text ""Spot"" is used by 2 different keys (e.g. spots.post.submit) — each can take a different Portuguese word, so choose the one that fits THIS screen."
"3","operate.roster.spot.label.call","Spot {{call}}","","{{call}}",""
"3","operate.roster.spot.title","Spot {{call}} to the DX cluster at the current dial","","{{call}} | DX",""
"3","operate.roster.spot.title.none","Select a station to spot it to the DX cluster","","DX",""
"3","operate.roster.grid.aria","Call roster — arrow to move, Enter to select, Shift+Enter to work","","",""
"3","operate.roster.sort.title","Sort by {{column}}","","{{column}}","Short label on: Operate cockpit (FT8 / FT4). The same English text ""Sort by {{column}}"" is used by 2 different keys (e.g. prop.openingsLog.sort.title) — each can take a different Portuguese word, so choose the one that fits THIS screen."
"3","operate.roster.col.call","Call","","","Short label on: Operate cockpit (FT8 / FT4). The same English text ""Call"" is used by 10 different keys (e.g. logbook.field.call.label, logbook.column.call, logEntry.call.placeholder) — each can take a different Portuguese word, so choose the one that fits THIS screen."
"3","operate.roster.col.calling","Calling","","","Short label on: Operate cockpit (FT8 / FT4). The same English text ""Calling"" is used by 2 different keys (e.g. memories.kind.calling) — each can take a different Portuguese word, so choose the one that fits THIS screen."
"3","operate.roster.col.calling.title","Sort by who each station is calling (CQ = calling nobody)","","CQ",""
"3","operate.roster.col.need","Need","","","Short label on: Operate cockpit (FT8 / FT4). The same English text ""Need"" is used by 4 different keys (e.g. needed.column.need, map.colorBy.need.label, nowbar.need.label) — each can take a different Portuguese word, so choose the one that fits THIS screen."
"3","operate.roster.col.country","Country","","","Short label on: Operate cockpit (FT8 / FT4). The same English text ""Country"" is used by 3 different keys (e.g. logbook.column.country, logEntry.country.placeholder) — each can take a different Portuguese word, so choose the one that fits THIS screen."
"3","operate.roster.col.state","State","","","Short label on: Operate cockpit (FT8 / FT4). The same English text ""State"" is used by 4 different keys (e.g. settings.station.opState.label, logbook.field.state.label, logEntry.state.placeholder) — each can take a different Portuguese word, so choose the one that fits THIS screen."
"3","operate.roster.col.state.title","Sort by state or province (from the callsign, or the heard grid)","","",""
"3","operate.roster.col.grid","Grid","","","Short label on: Operate cockpit (FT8 / FT4). The same English text ""Grid"" is used by 7 different keys (e.g. settings.station.grid.label, logbook.field.grid.label, logEntry.grid.placeholder) — each can take a different Portuguese word, so choose the one that fits THIS screen."
"3","operate.roster.col.dist","Dist","","","Short label on: Operate cockpit (FT8 / FT4). The same English text ""Dist"" is used by 2 different keys (e.g. aprs.table.dist) — each can take a different Portuguese word, so choose the one that fits THIS screen."
"3","operate.roster.col.bearing","Brg","","","One-word control on: Operate cockpit (FT8 / FT4). Out of context this could be a noun or a verb — open that screen (or read the key name) before choosing the Portuguese word."
"3","operate.roster.col.age","Age","","","Short label on: Operate cockpit (FT8 / FT4). The same English text ""Age"" is used by 3 different keys (e.g. spots.column.age, aprs.table.age) — each can take a different Portuguese word, so choose the one that fits THIS screen."
"3","operate.roster.empty","No stations heard yet — decoded stations appear here as they arrive.","","",""
"3","operate.roster.row.aria","{{call}}{{grid}}{{need}}{{worked}}{{working}}","","{{call}} | {{grid}} | {{need}} | {{worked}} | {{working}}",""
"3","operate.roster.row.aria.grid",", grid {{grid}}","","{{grid}}",""
"3","operate.roster.row.aria.need",", needed {{need}}","","{{need}}",""
"3","operate.roster.row.aria.worked",", worked","","",""
"3","operate.roster.row.aria.working",", working now","","",""
"3","operate.roster.row.work.title","Double-click to work {{call}}","","{{call}}","Short label on: Operate cockpit (FT8 / FT4). The same English text ""Double-click to work {{call}}"" is used by 2 different keys (e.g. roster.card.doubleClick) — each can take a different Portuguese word, so choose the one that fits THIS screen."
"3","operate.roster.lotw.title","Uploads to LoTW — this contact should confirm","","LoTW",""
"3","operate.roster.calling.title","Working {{call}}","","{{call}}","Short label on: Operate cockpit (FT8 / FT4). The same English text ""Working {{call}}"" is used by 2 different keys (e.g. tempo.header.fd.working) — each can take a different Portuguese word, so choose the one that fits THIS screen."
"3","operate.roster.calling.cq.title","Calling CQ — not in a QSO","","QSO | CQ",""
"3","operate.roster.calling.cqDir.title","Calling CQ {{dir}} — a DIRECTED call. He is asking for {{dir}} only, so answering from anywhere else will usually be ignored.","","{{dir}} | CQ",""
"3","operate.roster.state.title","{{call}} is in {{state}}","","{{call}} | {{state}}",""
"3","operate.roster.age.now","now","","","Short label on: Operate cockpit (FT8 / FT4). The same English text ""now"" is used by 4 different keys (e.g. roster.card.heard.now, sat.passesPane.now, waterfall.paused.now) — each can take a different Portuguese word, so choose the one that fits THIS screen."
"3","operate.roster.age.slots","{{count}} sl","","{{count}}",""
"3","operate.roster.age.minutes","{{minutes}}m","","{{minutes}}","One-word control on: Operate cockpit (FT8 / FT4). Out of context this could be a noun or a verb — open that screen (or read the key name) before choosing the Portuguese word."
"3","operate.row.ignored.title","Ignored this session (Alt-double-click to restore)","","",""
"3","operate.b4.sameBand","Worked before on this band","","",""
"3","operate.b4.otherBand","Worked before (another band)","","","Short label on: Operate cockpit (FT8 / FT4). The same English text ""Worked before (another band)"" is used by 2 different keys (e.g. roster.card.b4.otherBand) — each can take a different Portuguese word, so choose the one that fits THIS screen."
"3","operate.tx.aria","Standard messages (Tx1–Tx6)","","",""
"3","operate.tx.dxCall.label","DX Call","","DX",""
"3","operate.tx.dxCall.aria","DX callsign","","DX",""
"3","operate.tx.dxGrid.label","DX Grid","","DX",""
"3","operate.tx.dxGrid.aria","DX grid locator","","DX",""
"3","operate.tx.generate.label","Generate Std Msgs","","",""
"3","operate.tx.generate.title","Generate the six standard messages from DX Call / Grid / report (WSJT-X Generate Std Msgs)","","WSJT-X | DX",""
"3","operate.tx.clear.label","Clear","","","Short label on: Operate cockpit (FT8 / FT4). The same English text ""Clear"" is used by 11 different keys (e.g. logbook.search.clear, logEntry.clear.label, needed.filter.clear.label) — each can take a different Portuguese word, so choose the one that fits THIS screen."
"3","operate.tx.clear.title","Clear DX Call + Grid (F4)","","DX | F4",""
"3","operate.tx.rows.aria","Tx message rows","","",""
"3","operate.tx.next.title","Queued as the next transmission","","",""
"3","operate.tx.tx5.placeholder","Free text","","",""
"3","operate.tx.tx5.aria","Tx5 free text","","",""
"3","operate.tx.tx6.placeholder","CQ call","","CQ",""
"3","operate.tx.tx6.aria","Tx6 Call CQ (edit for a directed CQ)","","CQ",""
"3","operate.tx.tx6.hint","Edit for a directed CQ — CQ DX / CQ NA / CQ POTA / CQ TEST","","POTA | CQ | DX",""
"3","operate.tx.callCq.title","Call CQ (Alt+6)","","CQ",""
"3","operate.tx.send.title","Send this as the next transmission (Alt+{{n}})","","{{n}}",""
"3","logbook.title","Logbook","","","Short label on: Logbook view. The same English text ""Logbook"" is used by 3 different keys (e.g. nav.logbook.label, features.logbook.label) — each can take a different Portuguese word, so choose the one that fits THIS screen."
"3","logbook.subtitle","ADIF contacts","","ADIF",""
"3","logbook.import.adif.label","Import ADIF","","ADIF",""
"3","logbook.import.failed","ADIF import failed","","ADIF",""
"3","logbook.import.imported::one","Imported {{count}} QSO","","{{count}} | QSO","Plural form ""one"" — this key has one row per form (::one = exactly 1, ::other = every other count). Fill both rows separately; never merge them into one sentence."
"3","logbook.import.imported::other","Imported {{count}} QSOs","","{{count}} | QSOs","Plural form ""other"" — this key has one row per form (::one = exactly 1, ::other = every other count). Fill both rows separately; never merge them into one sentence."
"3","logbook.import.dupes"," ({{count}} dupes skipped)","","{{count}}",""
"3","logbook.import.updated::one"," · {{count}} existing QSO updated with confirmations/credits","","{{count}} | QSO","Plural form ""one"" — this key has one row per form (::one = exactly 1, ::other = every other count). Fill both rows separately; never merge them into one sentence."
"3","logbook.import.updated::other"," · {{count}} existing QSOs updated with confirmations/credits","","{{count}} | QSOs","Plural form ""other"" — this key has one row per form (::one = exactly 1, ::other = every other count). Fill both rows separately; never merge them into one sentence."
"3","logbook.sync.label","Sync confirmations","","",""
"3","logbook.sync.title","Reconcile a LoTW ADIF export into the log — upgrades confirmations + credit on existing QSOs","","ADIF | LoTW | QSOs",""
"3","logbook.sync.failed","LoTW sync failed","","LoTW","Short label on: Logbook view. The same English text ""LoTW sync failed"" is used by 2 different keys (e.g. settings.connections.lotw.sync.failed) — each can take a different Portuguese word, so choose the one that fits THIS screen."
"3","logbook.sync.done","Synced: {{confirmed}} newly confirmed, {{credited}} credited","","{{confirmed}} | {{credited}}",""
"3","logbook.sync.doneUnmatched","Synced: {{confirmed}} newly confirmed, {{credited}} credited · {{unmatched}} unmatched","","{{confirmed}} | {{credited}} | {{unmatched}}",""
"3","logbook.pota.label","Import POTA","","POTA",""
"3","logbook.pota.title","Import a pota.app hunter/activator ADIF export — stamps park references onto your matching logged QSOs. Never creates or overwrites records.","","ADIF | QSOs",""
"3","logbook.pota.failed","POTA import failed","","POTA",""
"3","logbook.pota.stamped::one","POTA: {{count}} QSO stamped with park refs","","{{count}} | POTA | QSO","Plural form ""one"" — this key has one row per form (::one = exactly 1, ::other = every other count). Fill both rows separately; never merge them into one sentence."
"3","logbook.pota.stamped::other","POTA: {{count}} QSOs stamped with park refs","","{{count}} | POTA | QSOs","Plural form ""other"" — this key has one row per form (::one = exactly 1, ::other = every other count). Fill both rows separately; never merge them into one sentence."
"3","logbook.pota.already"," · {{count}} already stamped","","{{count}}",""
"3","logbook.pota.unmatched"," · {{count}} had no matching QSO (not added)","","{{count}} | QSO",""
"3","logbook.fetchLotw.label","Fetch LoTW","","LoTW",""
"3","logbook.fetchLotw.title","Fetch confirmations directly from LoTW (no file download — uses the LoTW credentials saved in Settings ▸ Confirmations)","","LoTW",""
"3","logbook.fetchLotw.failed","LoTW fetch failed","","LoTW",""
"3","logbook.fetchLotw.done","LoTW — {{confirmed}} newly confirmed, {{credited}} credited","","{{confirmed}} | {{credited}} | LoTW",""
"3","logbook.qrzSync.label","Sync QRZ","","QRZ",""
"3","logbook.qrzSync.title","Fetch your online QRZ Logbook and merge it here — QSOs logged elsewhere plus QRZ confirmation status (needs the QRZ Logbook API key in Settings ▸ Confirmations)","","QSOs | QRZ",""
"3","logbook.qrzSync.failed","QRZ sync failed","","QRZ","Short label on: Logbook view. The same English text ""QRZ sync failed"" is used by 2 different keys (e.g. settings.connections.qrz.sync.failed) — each can take a different Portuguese word, so choose the one that fits THIS screen."
"3","logbook.qrzSync.done::one","QRZ sync — {{count}} new QSO, {{confirmed}} newly confirmed","","{{count}} | {{confirmed}} | QRZ | QSO","Plural form ""one"" — this key has one row per form (::one = exactly 1, ::other = every other count). Fill both rows separately; never merge them into one sentence."
"3","logbook.qrzSync.done::other","QRZ sync — {{count}} new QSOs, {{confirmed}} newly confirmed","","{{count}} | {{confirmed}} | QSOs | QRZ","Plural form ""other"" — this key has one row per form (::one = exactly 1, ::other = every other count). Fill both rows separately; never merge them into one sentence."
"3","logbook.export.from.label","from","","","One-word control on: Logbook view. Out of context this could be a noun or a verb — open that screen (or read the key name) before choosing the Portuguese word."
"3","logbook.export.from.title","Export only QSOs on/after this UTC date (empty = from the beginning)","","QSOs | UTC",""
"3","logbook.export.to.label","to","","","One-word control on: Logbook view. Out of context this could be a noun or a verb — open that screen (or read the key name) before choosing the Portuguese word."
"3","logbook.export.to.title","Export only QSOs on/before this UTC date (empty = to the end)","","QSOs | UTC",""
"3","logbook.export.adif.label","Export ADIF","","ADIF","Short label on: Logbook view. The same English text ""Export ADIF"" is used by 2 different keys (e.g. fieldDay.export.adif.label) — each can take a different Portuguese word, so choose the one that fits THIS screen."
"3","logbook.export.adif.title","Save the whole logbook as an ADIF file in your Downloads folder","","ADIF",""
"3","logbook.export.adif.titleRange","Save the selected date range as an ADIF file in your Downloads folder","","ADIF",""
"3","logbook.export.csv.label","Export CSV","","CSV","Short label on: Logbook view. The same English text ""Export CSV"" is used by 2 different keys (e.g. program.deliver.exportCsv.label) — each can take a different Portuguese word, so choose the one that fits THIS screen."
"3","logbook.export.csv.title","Save the whole logbook as a CSV spreadsheet in your Downloads folder","","CSV",""
"3","logbook.export.csv.titleRange","Save the selected date range as a CSV spreadsheet in your Downloads folder","","CSV",""
"3","logbook.export.failed","Export failed","","",""
"3","logbook.export.done::one","Exported {{count}} QSO → {{path}}","","{{count}} | {{path}} | QSO","Plural form ""one"" — this key has one row per form (::one = exactly 1, ::other = every other count). Fill both rows separately; never merge them into one sentence."
"3","logbook.export.done::other","Exported {{count}} QSOs → {{path}}","","{{count}} | {{path}} | QSOs","Plural form ""other"" — this key has one row per form (::one = exactly 1, ::other = every other count). Fill both rows separately; never merge them into one sentence."
"3","logbook.export.perOperator.label","Export per operator","","",""
"3","logbook.export.perOperator.title","One ADIF per operator ({{operators}}) plus the combined log","","{{operators}} | ADIF",""
"3","logbook.export.perOperator.done","Exported {{count}} files → Downloads","","{{count}}",""
"3","logbook.lotw.upload.label","Upload to LoTW","","LoTW","Short label on: Logbook view. The same English text ""Upload to LoTW"" is used by 2 different keys (e.g. awards.conf.uploadToLotw) — each can take a different Portuguese word, so choose the one that fits THIS screen."
"3","logbook.lotw.upload.labelCount","Upload to LoTW ({{count}})","","{{count}} | LoTW",""
"3","logbook.lotw.upload.busy","Uploading…","","","Short label on: Logbook view. The same English text ""Uploading…"" is used by 2 different keys (e.g. awards.conf.uploading) — each can take a different Portuguese word, so choose the one that fits THIS screen."
"3","logbook.lotw.upload.title","Sign + upload your un-uploaded QSOs to LoTW via TQSL (set your Station Location in Settings)","","LoTW | QSOs | TQSL",""
"3","logbook.lotw.upload.timeless::one"," — {{count}} imported QSO has no time of day and can never match at LoTW, so they are not sent","","{{count}} | LoTW | QSO","Plural form ""one"" — this key has one row per form (::one = exactly 1, ::other = every other count). Fill both rows separately; never merge them into one sentence."
"3","logbook.lotw.upload.timeless::other"," — {{count}} imported QSOs have no time of day and can never match at LoTW, so they are not sent","","{{count}} | LoTW | QSOs","Plural form ""other"" — this key has one row per form (::one = exactly 1, ::other = every other count). Fill both rows separately; never merge them into one sentence."
"3","logbook.lotw.upload.nothingNew","Nothing new to upload to LoTW","","LoTW",""
"3","logbook.lotw.upload.pending::one","Signed + uploaded {{count}} QSO to LoTW — they'll confirm as partners upload","","{{count}} | LoTW | QSO","Plural form ""one"" — this key has one row per form (::one = exactly 1, ::other = every other count). Fill both rows separately; never merge them into one sentence."
"3","logbook.lotw.upload.pending::other","Signed + uploaded {{count}} QSOs to LoTW — they'll confirm as partners upload","","{{count}} | LoTW | QSOs","Plural form ""other"" — this key has one row per form (::one = exactly 1, ::other = every other count). Fill both rows separately; never merge them into one sentence."
"3","logbook.lotw.upload.duplicate::one","{{count}} QSO were already on LoTW","","{{count}} | LoTW | QSO","Plural form ""one"" — this key has one row per form (::one = exactly 1, ::other = every other count). Fill both rows separately; never merge them into one sentence."
"3","logbook.lotw.upload.duplicate::other","{{count}} QSOs were already on LoTW","","{{count}} | LoTW | QSOs","Plural form ""other"" — this key has one row per form (::one = exactly 1, ::other = every other count). Fill both rows separately; never merge them into one sentence."
"3","logbook.lotw.upload.retry","LoTW unreachable — try again shortly","","LoTW",""
"3","logbook.lotw.upload.authFailed","LoTW rejected your certificate/Station Location","","LoTW",""
"3","logbook.lotw.upload.authFailedDetail","LoTW rejected your certificate/Station Location: {{detail}}","","{{detail}} | LoTW",""
"3","logbook.lotw.upload.failed","LoTW upload failed","","LoTW",""
"3","logbook.lotw.upload.failedDetail","LoTW upload failed: {{detail}}","","{{detail}} | LoTW",""
"3","logbook.markLotw.label","Mark on LoTW","","LoTW",""
"3","logbook.markLotw.title","Already have these on LoTW (uploaded via another tool)? Mark them so Nexus stops counting them as needing upload.","","Nexus | LoTW",""
"3","logbook.markLotw.aria","Mark as already on LoTW","","LoTW",""
"3","logbook.markLotw.heading::one","Mark {{formatted}} QSO as already on LoTW?","","{{formatted}} | LoTW | QSO","Plural form ""one"" — this key has one row per form (::one = exactly 1, ::other = every other count). Fill both rows separately; never merge them into one sentence."
"3","logbook.markLotw.heading::other","Mark {{formatted}} QSOs as already on LoTW?","","{{formatted}} | LoTW | QSOs","Plural form ""other"" — this key has one row per form (::one = exactly 1, ::other = every other count). Fill both rows separately; never merge them into one sentence."
"3","logbook.markLotw.body::one","Use this if you imported a log you'd already uploaded to LoTW another way (Ham2K Polo, TQSL…). It marks the {{formatted}} un-uploaded QSO as already on LoTW, so the <b>Upload to LoTW</b> count stops offering to re-send them. It only updates Nexus's own record — nothing is sent, and your LoTW account and log are untouched. New QSOs you make later still upload normally.","","{{formatted}} | <b> | Nexus | LoTW | QSOs | TQSL | QSO","Plural form ""one"" — this key has one row per form (::one = exactly 1, ::other = every other count). Fill both rows separately; never merge them into one sentence. Quotes another control by name: ""Upload to LoTW"" is the on-screen text of logbook.lotw.upload.label / awards.conf.uploadToLotw. Translate the quote and that control exactly the same way, or the hint points at a menu entry that no longer exists."
"3","logbook.markLotw.body::other","Use this if you imported a log you'd already uploaded to LoTW another way (Ham2K Polo, TQSL…). It marks the {{formatted}} un-uploaded QSOs as already on LoTW, so the <b>Upload to LoTW</b> count stops offering to re-send them. It only updates Nexus's own record — nothing is sent, and your LoTW account and log are untouched. New QSOs you make later still upload normally.","","{{formatted}} | <b> | Nexus | LoTW | QSOs | TQSL","Plural form ""other"" — this key has one row per form (::one = exactly 1, ::other = every other count). Fill both rows separately; never merge them into one sentence. Quotes another control by name: ""Upload to LoTW"" is the on-screen text of logbook.lotw.upload.label / awards.conf.uploadToLotw. Translate the quote and that control exactly the same way, or the hint points at a menu entry that no longer exists."
"3","logbook.markLotw.cancel","Cancel","","","Short label on: Logbook view. The same English text ""Cancel"" is used by 4 different keys (e.g. logbook.purge.cancel, spots.post.cancel, sat.armConfirm.cancel) — each can take a different Portuguese word, so choose the one that fits THIS screen."
"3","logbook.markLotw.confirm","Mark {{formatted}} as on LoTW","","{{formatted}} | LoTW",""
"3","logbook.markLotw.failed","Could not update LoTW state","","LoTW",""
"3","logbook.markLotw.done::one","Marked {{formatted}} QSO as already on LoTW","","{{formatted}} | LoTW | QSO","Plural form ""one"" — this key has one row per form (::one = exactly 1, ::other = every other count). Fill both rows separately; never merge them into one sentence."
"3","logbook.markLotw.done::other","Marked {{formatted}} QSOs as already on LoTW","","{{formatted}} | LoTW | QSOs","Plural form ""other"" — this key has one row per form (::one = exactly 1, ::other = every other count). Fill both rows separately; never merge them into one sentence."
"3","logbook.markLotw.nothing","Nothing to mark","","",""
"3","logbook.purge.label","Purge log","","",""
"3","logbook.purge.title","Delete every contact in the local logbook (irreversible)","","",""
"3","logbook.purge.aria","Purge logbook","","",""
"3","logbook.purge.heading","Purge the entire logbook?","","",""
"3","logbook.purge.irreversible","Irreversible","","","One-word control on: Logbook view. Out of context this could be a noun or a verb — open that screen (or read the key name) before choosing the Portuguese word."
"3","logbook.purge.warn::one","This permanently deletes <b>all {{count}} contact</b> from your local logbook and rewrites the ADIF file to empty. It does <b>not</b> remove anything you've already uploaded to LoTW, QRZ, eQSL, or ClubLog. There is no undo — export an ADIF backup first if you might want it.","","{{count}} | <b> | ClubLog | ADIF | LoTW | eQSL | QRZ","Plural form ""one"" — this key has one row per form (::one = exactly 1, ::other = every other count). Fill both rows separately; never merge them into one sentence."
"3","logbook.purge.warn::other","This permanently deletes <b>all {{count}} contacts</b> from your local logbook and rewrites the ADIF file to empty. It does <b>not</b> remove anything you've already uploaded to LoTW, QRZ, eQSL, or ClubLog. There is no undo — export an ADIF backup first if you might want it.","","{{count}} | <b> | ClubLog | ADIF | LoTW | eQSL | QRZ","Plural form ""other"" — this key has one row per form (::one = exactly 1, ::other = every other count). Fill both rows separately; never merge them into one sentence."
"3","logbook.purge.syncWarn","It also resets your <b>LoTW and eQSL sync position</b>, so the next sync re-downloads your whole confirmation history instead of only recent matches. That is what brings your confirmations back after a purge — but it takes considerably longer than a routine sync, so give it time to finish.","","<b> | LoTW | eQSL",""
"3","logbook.purge.typeWord","Type <b>{{word}}</b> to confirm","","{{word}} | <b>",""
"3","logbook.purge.cancel","Cancel","","","Short label on: Logbook view. The same English text ""Cancel"" is used by 4 different keys (e.g. logbook.markLotw.cancel, spots.post.cancel, sat.armConfirm.cancel) — each can take a different Portuguese word, so choose the one that fits THIS screen."
"3","logbook.purge.busy","Purging…","","","One-word control on: Logbook view. Out of context this could be a noun or a verb — open that screen (or read the key name) before choosing the Portuguese word."
"3","logbook.purge.confirm::one","Purge {{count}} contact","","{{count}}","Plural form ""one"" — this key has one row per form (::one = exactly 1, ::other = every other count). Fill both rows separately; never merge them into one sentence."
"3","logbook.purge.confirm::other","Purge {{count}} contacts","","{{count}}","Plural form ""other"" — this key has one row per form (::one = exactly 1, ::other = every other count). Fill both rows separately; never merge them into one sentence."
"3","logbook.purge.failed","Could not purge the log","","",""
"3","logbook.purge.done::one","Purged {{count}} contact from the log","","{{count}}","Plural form ""one"" — this key has one row per form (::one = exactly 1, ::other = every other count). Fill both rows separately; never merge them into one sentence."
"3","logbook.purge.done::other","Purged {{count}} contacts from the log","","{{count}}","Plural form ""other"" — this key has one row per form (::one = exactly 1, ::other = every other count). Fill both rows separately; never merge them into one sentence."
"3","logbook.form.open","Log QSO","","QSO","Short label on: Logbook view. The same English text ""Log QSO"" is used by 3 different keys (e.g. logPrompt.aria, logPrompt.log) — each can take a different Portuguese word, so choose the one that fits THIS screen."
"3","logbook.form.close","Close","","","Short label on: Logbook view. The same English text ""Close"" is used by 3 different keys (e.g. memories.packs.close.aria, aprs.card.close) — each can take a different Portuguese word, so choose the one that fits THIS screen."
"3","logbook.field.call.label","Call","","","Short label on: Logbook view. The same English text ""Call"" is used by 10 different keys (e.g. logbook.column.call, logEntry.call.placeholder, logEntry.fd.call.label) — each can take a different Portuguese word, so choose the one that fits THIS screen."
"3","logbook.field.qrz.title","Look up name + grid on QRZ.com","","QRZ.com | QRZ",""
"3","logbook.field.grid.label","Grid","","","Short label on: Logbook view. The same English text ""Grid"" is used by 7 different keys (e.g. settings.station.grid.label, logEntry.grid.placeholder, logPrompt.grid.label) — each can take a different Portuguese word, so choose the one that fits THIS screen."
"3","logbook.field.band.label","Band","","","Short label on: Logbook view. The same English text ""Band"" is used by 13 different keys (e.g. logbook.column.band, logEntry.override.band.label, needed.column.band) — each can take a different Portuguese word, so choose the one that fits THIS screen."
"3","logbook.field.freq.label","Freq (MHz)","","MHz","Short label on: Logbook view. The same English text ""Freq (MHz)"" is used by 2 different keys (e.g. logEntry.override.freq.label) — each can take a different Portuguese word, so choose the one that fits THIS screen."
"3","logbook.field.mode.label","Mode","","","Short label on: Logbook view. The same English text ""Mode"" is used by 15 different keys (e.g. logbook.column.mode, logEntry.override.mode.label, needed.column.mode) — each can take a different Portuguese word, so choose the one that fits THIS screen."
"3","logbook.field.rstSent.label","RST Sent","","RST",""
"3","logbook.field.rstRcvd.label","RST Rcvd","","RST",""
"3","logbook.field.when.label","Date + time (UTC)","","UTC",""
"3","logbook.field.when.title","When the contact actually happened, in UTC. Leave blank to stamp now.","","UTC",""
"3","logbook.field.state.label","State","","","Short label on: Logbook view. The same English text ""State"" is used by 4 different keys (e.g. settings.station.opState.label, logEntry.state.placeholder, operate.roster.col.state) — each can take a different Portuguese word, so choose the one that fits THIS screen."
"3","logbook.field.state.title","US state — drives Worked All States. A hand-logged contact has no decode to derive it from.","","",""
"3","logbook.field.txPower.label","TX power (W)","","TX",""
"3","logbook.field.parkTheirs.label","Park (worked)","","",""
"3","logbook.field.parkTheirs.title","POTA reference of the park the station you worked was activating (ADIF SIG_INFO). Defaults to POTA.","","ADIF | POTA",""
"3","logbook.field.parkMine.label","Park (mine)","","",""
"3","logbook.field.parkMine.title","POTA reference of YOUR own activation for this contact (ADIF MY_SIG_INFO). Defaults to POTA.","","ADIF | POTA",""
"3","logbook.field.name.label","Name","","","Short label on: Logbook view. The same English text ""Name"" is used by 4 different keys (e.g. logEntry.name.placeholder, memories.grid.column.name, memories.editor.name.label) — each can take a different Portuguese word, so choose the one that fits THIS screen."
"3","logbook.field.name.placeholder","Jim","","","One-word control on: Logbook view. Out of context this could be a noun or a verb — open that screen (or read the key name) before choosing the Portuguese word."
"3","logbook.field.qth.label","QTH","","QTH","Abbreviation shown on: Logbook view. Check the screen before expanding or translating it."
"3","logbook.field.qth.placeholder","Dayton, OH","","",""
"3","logbook.column.notes","Notes","","","Short label on: Logbook view. The same English text ""Notes"" is used by 3 different keys (e.g. logbook.field.notes.label, memories.editor.notes.label) — each can take a different Portuguese word, so choose the one that fits THIS screen."
"3","logbook.row.notes.title","Comment (shared on the QSL)","","QSL",""
"3","logbook.row.notes.private","Private note","","",""
"3","logbook.row.notes.aria","has a private note","","",""
"3","logbook.field.comment.label","Comment","","","Short label on: Logbook view. The same English text ""Comment"" is used by 5 different keys (e.g. spots.column.comment, spots.post.comment.label, aprs.beacon.comment.label) — each can take a different Portuguese word, so choose the one that fits THIS screen."
"3","logbook.field.comment.placeholder","Shared on the QSL","","QSL",""
"3","logbook.field.notes.label","Notes","","","Short label on: Logbook view. The same English text ""Notes"" is used by 3 different keys (e.g. logbook.column.notes, memories.editor.notes.label) — each can take a different Portuguese word, so choose the one that fits THIS screen."
"3","logbook.field.notes.placeholder","Rig / antenna / weather / what you talked about…","","",""
"3","logbook.form.callRequired","Callsign is required.","","","Short label on: Logbook view. The same English text ""Callsign is required."" is used by 2 different keys (e.g. settings.cat.callsignRequired) — each can take a different Portuguese word, so choose the one that fits THIS screen."
"3","logbook.form.editingNote","Editing — confirmations and upload state are kept, unless you change the callsign: a corrected call re-sends to every service and drops confirmations matched on the old one.","","",""
"3","logbook.form.save","Save","","","Short label on: Logbook view. The same English text ""Save"" is used by 3 different keys (e.g. settings.panel.save, settings.profiles.save.action) — each can take a different Portuguese word, so choose the one that fits THIS screen."
"3","logbook.form.log","Log","","","Short label on: Logbook view. The same English text ""Log"" is used by 7 different keys (e.g. logEntry.log, operate.strip.log.label, rtty.pane.log.title) — each can take a different Portuguese word, so choose the one that fits THIS screen."
"3","logbook.form.saveFailed","Could not save the edit","","",""
"3","logbook.form.updated","Updated {{call}}","","{{call}}",""
"3","logbook.form.logFailed","Could not log QSO","","QSO","Short label on: Logbook view. The same English text ""Could not log QSO"" is used by 2 different keys (e.g. shell.log.failed) — each can take a different Portuguese word, so choose the one that fits THIS screen."
"3","logbook.globe.loading","Loading globe…","","",""
"3","logbook.search.placeholder","Search call / grid / band / mode / date…","","",""
"3","logbook.search.clear","Clear","","","Short label on: Logbook view. The same English text ""Clear"" is used by 11 different keys (e.g. logEntry.clear.label, needed.filter.clear.label, spots.filter.clear.label) — each can take a different Portuguese word, so choose the one that fits THIS screen."
"3","logbook.filter.needsConfirmation.label","needs confirmation","","",""
"3","logbook.filter.needsConfirmation.title","Show only contacts without an award-eligible (LoTW/paper) confirmation. Rows you've already sent a QSL request for stay here — a request is not a confirmation.","","LoTW | QSL",""
"3","logbook.column.call","Call","","","Short label on: Logbook view. The same English text ""Call"" is used by 10 different keys (e.g. logbook.field.call.label, logEntry.call.placeholder, logEntry.fd.call.label) — each can take a different Portuguese word, so choose the one that fits THIS screen."
"3","logbook.column.country","Country","","","Short label on: Logbook view. The same English text ""Country"" is used by 3 different keys (e.g. logEntry.country.placeholder, operate.roster.col.country) — each can take a different Portuguese word, so choose the one that fits THIS screen."
"3","logbook.column.band","Band","","","Short label on: Logbook view. The same English text ""Band"" is used by 13 different keys (e.g. logbook.field.band.label, logEntry.override.band.label, needed.column.band) — each can take a different Portuguese word, so choose the one that fits THIS screen."
"3","logbook.column.freq","Freq","","","Short label on: Logbook view. The same English text ""Freq"" is used by 4 different keys (e.g. needed.column.freq, spots.column.freq, operate.decodes.sort.freq) — each can take a different Portuguese word, so choose the one that fits THIS screen."
"3","logbook.column.mode","Mode","","","Short label on: Logbook view. The same English text ""Mode"" is used by 15 different keys (e.g. logbook.field.mode.label, logEntry.override.mode.label, needed.column.mode) — each can take a different Portuguese word, so choose the one that fits THIS screen."
"3","logbook.column.sent","Sent","","","Short label on: Logbook view. The same English text ""Sent"" is used by 4 different keys (e.g. logEntry.rstSent.label, tempo.bubble.sent, cw.pane.sent.title) — each can take a different Portuguese word, so choose the one that fits THIS screen."
"3","logbook.column.rcvd","Rcvd","","","Short label on: Logbook view. The same English text ""Rcvd"" is used by 2 different keys (e.g. logEntry.rstRcvd.label) — each can take a different Portuguese word, so choose the one that fits THIS screen."
"3","logbook.column.time","Time (UTC)","","UTC","Short label on: Logbook view. The same English text ""Time (UTC)"" is used by 2 different keys (e.g. logEntry.override.time.label) — each can take a different Portuguese word, so choose the one that fits THIS screen."
"3","logbook.column.park","Park","","","One-word control on: Logbook view. Out of context this could be a noun or a verb — open that screen (or read the key name) before choosing the Portuguese word."
"3","logbook.column.actions","Edit / delete","","",""
"3","logbook.empty","No logged contacts yet.","","",""
"3","logbook.emptySearch","No contacts match “{{query}}”.","","{{query}}",""
"3","logbook.row.park.worked","{{program}} {{ref}} (worked)","","{{program}} | {{ref}}",""
"3","logbook.row.park.mine","My activation: {{program}} {{ref}}","","{{program}} | {{ref}}",""
"3","logbook.row.qsl.lotw","LoTW confirmed (award-eligible)","","LoTW",""
"3","logbook.row.qsl.card","Paper card received (award-eligible)","","",""
"3","logbook.row.qsl.eqsl","eQSL received (NOT DXCC/WAZ/WAS-eligible)","","DXCC | eQSL | WAS | WAZ | DXCC/WAZ",""
"3","logbook.row.qsl.confirmed","LoTW / paper — award-eligible","","LoTW",""
"3","logbook.row.qsl.eqslOnly","eQSL only — not accepted for DXCC/WAZ/WAS","","DXCC | eQSL | WAS | WAZ | DXCC/WAZ",""
"3","logbook.row.qsl.none","Not confirmed","","",""
"3","logbook.row.spot.title","Spot {{call}} to the DX cluster (pre-fills this QSO's call + frequency)","","{{call}} | QSO | DX",""
"3","logbook.row.spot.aria","Spot {{call}} to the DX cluster","","{{call}} | DX",""
"3","logbook.row.pushQrz.title","Push {{call}} to your QRZ logbook (re-push is safe — duplicates are detected)","","{{call}} | QRZ",""
"3","logbook.row.pushQrz.aria","Push {{call}} to QRZ","","{{call}} | QRZ",""
"3","logbook.row.pushClublog.title","Push {{call}} to ClubLog (re-push is safe — duplicates are detected)","","{{call}} | ClubLog",""
"3","logbook.row.pushClublog.aria","Push {{call}} to ClubLog","","{{call}} | ClubLog",""
"3","logbook.row.pushWrl.title","Send this QSO with {{call}} to World Radio League","","{{call}} | QSO",""
"3","logbook.row.pushWrl.aria","Push the QSO with {{call}} to World Radio League","","{{call}} | QSO",""
"3","logbook.push.wrl.ok","{{call}} sent to World Radio League","","{{call}}",""
"3","logbook.push.wrl.duplicate","World Radio League already has {{call}}","","{{call}}",""
"3","logbook.push.wrl.unavailable","World Radio League is busy — {{call}} will go on the next try","","{{call}}",""
"3","logbook.push.wrl.rejected","World Radio League refused {{call}}: {{reason}}","","{{call}} | {{reason}}",""
"3","logbook.push.wrl.failed","World Radio League push failed: {{detail}}","","{{detail}}",""
"3","logbook.row.pushHrdlog.title","Push {{call}} to HRDLog.net (live-logging/awards site — not an ARRL confirmation source; re-push is safe)","","{{call}} | HRDLog | ARRL",""
"3","logbook.row.pushHrdlog.aria","Push {{call}} to HRDLog.net","","{{call}} | HRDLog",""
"3","logbook.row.qslSent.title","Mark a QSL request sent to {{call}} (bureau/direct/electronic). A request is not a confirmation — the row stays here until it's confirmed.","","{{call}} | QSL",""
"3","logbook.row.qslSent.aria","Mark QSL sent to {{call}}","","{{call}} | QSL",""
"3","logbook.qsl.cardMarked","QSL card recorded for {{call}}","","{{call}} | QSL",""
"3","logbook.qsl.cardCleared","QSL card cleared for {{call}}","","{{call}} | QSL",""
"3","logbook.row.qslRcvd.card","Card received","","",""
"3","logbook.row.qslRcvd.clear","Card NOT received","","",""
"3","logbook.row.qslSent.clear","QSL NOT sent","","QSL",""
"3","logbook.row.qslSent.bureau","Bureau","","","One-word control on: Logbook view. Out of context this could be a noun or a verb — open that screen (or read the key name) before choosing the Portuguese word."
"3","logbook.row.qslSent.direct","Direct","","","One-word control on: Logbook view. Out of context this could be a noun or a verb — open that screen (or read the key name) before choosing the Portuguese word."
"3","logbook.row.qslSent.electronic","Electronic","","","One-word control on: Logbook view. Out of context this could be a noun or a verb — open that screen (or read the key name) before choosing the Portuguese word."
"3","logbook.row.edit","Edit {{call}}","","{{call}}",""
"3","logbook.row.delete","Delete {{call}}","","{{call}}",""
"3","logbook.qsl.via.bureau","bureau","","","One-word control on: Logbook view. Out of context this could be a noun or a verb — open that screen (or read the key name) before choosing the Portuguese word."
"3","logbook.qsl.via.direct","direct","","","One-word control on: Logbook view. Out of context this could be a noun or a verb — open that screen (or read the key name) before choosing the Portuguese word."
"3","logbook.qsl.via.electronic","electronic","","","One-word control on: Logbook view. Out of context this could be a noun or a verb — open that screen (or read the key name) before choosing the Portuguese word."
"3","logbook.qsl.sent","QSL sent","","QSL",""
"3","logbook.qsl.sentOn","QSL sent {{date}}","","{{date}} | QSL",""
"3","logbook.qsl.sentVia","QSL sent via {{via}}","","{{via}} | QSL",""
"3","logbook.qsl.sentOnVia","QSL sent {{date}} via {{via}}","","{{date}} | {{via}} | QSL",""
"3","logbook.qsl.marked","Marked QSL sent to {{call}} ({{via}})","","{{call}} | {{via}} | QSL",""
"3","logbook.qsl.sentCleared","QSL sent mark cleared for {{call}}","","{{call}} | QSL",""
"3","logbook.qsl.markFailed","Could not mark QSL sent","","QSL",""
"3","logbook.push.qrz.ok","✓ {{call}} pushed to QRZ logbook","","{{call}} | QRZ",""
"3","logbook.push.qrz.duplicate","✓ {{call}} already in your QRZ logbook (duplicate) — upload chain works","","{{call}} | QRZ",""
"3","logbook.push.qrz.rejected","✗ QRZ rejected {{call}}: {{reason}}","","{{call}} | {{reason}} | QRZ",""
"3","logbook.push.qrz.failed","✗ QRZ push failed: {{detail}}","","{{detail}} | QRZ",""
"3","logbook.push.clublog.ok","✓ {{call}} pushed to ClubLog","","{{call}} | ClubLog",""
"3","logbook.push.clublog.duplicate","✓ {{call}} already on ClubLog (duplicate) — upload chain works","","{{call}} | ClubLog",""
"3","logbook.push.clublog.rejected","✗ ClubLog rejected {{call}}: {{reason}}","","{{call}} | {{reason}} | ClubLog",""
"3","logbook.push.clublog.failed","✗ ClubLog push failed: {{detail}}","","{{detail}} | ClubLog",""
"3","logbook.push.hrdlog.ok","✓ {{call}} pushed to HRDLog.net","","{{call}} | HRDLog",""
"3","logbook.push.hrdlog.duplicate","✓ {{call}} already on HRDLog.net (duplicate) — upload chain works","","{{call}} | HRDLog",""
"3","logbook.push.hrdlog.unavailable","HRDLog.net unavailable — {{call}} not confirmed uploaded; try again later","","{{call}} | HRDLog",""
"3","logbook.push.hrdlog.rejected","✗ HRDLog.net rejected {{call}}: {{reason}}","","{{call}} | {{reason}} | HRDLog",""
"3","logbook.push.hrdlog.failed","✗ HRDLog.net push failed: {{detail}}","","{{detail}} | HRDLog",""
"3","logbook.delete.heading","Delete the QSO with {{call}} on {{band}}?","","{{call}} | {{band}} | QSO",""
"3","logbook.delete.body","This removes it from your log. This can't be undone.","","",""
"3","logbook.delete.confirm","Delete QSO","","QSO",""
"3","logbook.delete.failed","Could not delete the QSO","","QSO",""
"3","logbook.delete.done","Deleted {{call}}","","{{call}}",""
"3","logbook.globe.spin.stop.title","Stop the slow rotation","","",""
"3","logbook.globe.spin.start.title","Start the slow rotation","","",""
"3","logbook.globe.spin.pause","⏸ Spin","","","Short label on: Logbook view. The same English text ""⏸ Spin"" is used by 2 different keys (e.g. globe.spin.pause) — each can take a different Portuguese word, so choose the one that fits THIS screen."
"3","logbook.globe.spin.play","▶ Spin","","","Short label on: Logbook view. The same English text ""▶ Spin"" is used by 2 different keys (e.g. globe.spin.play) — each can take a different Portuguese word, so choose the one that fits THIS screen."
"3","logbook.globe.band.title","Grid squares are a per-band achievement (VUCC) — view one band's squares on their own","","VUCC",""
"3","logbook.globe.band.all","All bands","","","Short label on: Logbook view. The same English text ""All bands"" is used by 3 different keys (e.g. awards.grids.filter.all.label, settings.alerts.scope.all) — each can take a different Portuguese word, so choose the one that fits THIS screen."
"3","logbook.globe.count.all::one","{{count}} grid square worked","","{{count}}","Plural form ""one"" — this key has one row per form (::one = exactly 1, ::other = every other count). Fill both rows separately; never merge them into one sentence."
"3","logbook.globe.count.all::other","{{count}} grid squares worked","","{{count}}","Plural form ""other"" — this key has one row per form (::one = exactly 1, ::other = every other count). Fill both rows separately; never merge them into one sentence."
"3","logbook.globe.count.band::one","{{count}} grid square on {{band}}","","{{count}} | {{band}}","Plural form ""one"" — this key has one row per form (::one = exactly 1, ::other = every other count). Fill both rows separately; never merge them into one sentence."
"3","logbook.globe.count.band::other","{{count}} grid squares on {{band}}","","{{count}} | {{band}}","Plural form ""other"" — this key has one row per form (::one = exactly 1, ::other = every other count). Fill both rows separately; never merge them into one sentence."
"3","roster.title","Stations","","","Short label on: station roster. The same English text ""Stations"" is used by 2 different keys (e.g. operate.panel.stations) — each can take a different Portuguese word, so choose the one that fits THIS screen."
"3","roster.band.label","Band — calling CQ","","CQ",""
"3","roster.band.title","Call CQ and see open broadcasts on the band","","CQ",""
"3","roster.recents.aria","Recent conversations","","",""
"3","roster.recents.head","Recent chats","","",""
"3","roster.recents.open","Open conversation with {{call}}","","{{call}}",""
"3","roster.recents.offline","not heard recently","","",""
"3","roster.recents.archive.title","Delete this conversation","","",""
"3","roster.recents.archive.aria","Delete conversation with {{call}}","","{{call}}",""
"3","roster.onBandNow","On the band now","","",""
"3","roster.filter.aria","Station filter","","",""
"3","roster.filter.all","All","","","Short label on: station roster. The same English text ""All"" is used by 9 different keys (e.g. needed.filter.all, map.sats.filter.all, globe.sats.filter.all) — each can take a different Portuguese word, so choose the one that fits THIS screen."
"3","roster.filter.heardNow","Heard now","","",""
"3","roster.filter.beaconing","Beaconing","","","One-word control on: station roster. Out of context this could be a noun or a verb — open that screen (or read the key name) before choosing the Portuguese word."
"3","roster.filter.needed","Needed","","","Short label on: station roster. The same English text ""Needed"" is used by 4 different keys (e.g. sat.schedule.column.needed, nav.needed.label, features.needed.label) — each can take a different Portuguese word, so choose the one that fits THIS screen."
"3","roster.empty","No stations match.","","",""
"3","roster.countFiltered","of {{count}}","","{{count}}","Short label on: station roster. The same English text ""of {{count}}"" is used by 3 different keys (e.g. needed.countFiltered, spots.countFiltered) — each can take a different Portuguese word, so choose the one that fits THIS screen."
"3","roster.search.placeholder","Call or PA*…","","PA",""
"3","roster.search.label","Search stations","","",""
"3","roster.search.title","Search by callsign. * and ? are wildcards — PA* finds every PA prefix, ON?AOI fills in one character. Several terms mean ""any of these"": PA* ON4*. Esc clears.","","PA",""
"3","roster.search.clear","Clear search","","","Short label on: station roster. The same English text ""Clear search"" is used by 2 different keys (e.g. spots.search.clear) — each can take a different Portuguese word, so choose the one that fits THIS screen."
"3","roster.card.doubleClick","Double-click to work {{call}}","","{{call}}","Short label on: station roster. The same English text ""Double-click to work {{call}}"" is used by 2 different keys (e.g. operate.roster.row.work.title) — each can take a different Portuguese word, so choose the one that fits THIS screen."
"3","roster.card.open","Open {{call}}","","{{call}}",""
"3","roster.card.b4.sameBand","Worked before on this band","","",""
"3","roster.card.b4.otherBand","Worked before (another band)","","","Short label on: station roster. The same English text ""Worked before (another band)"" is used by 2 different keys (e.g. operate.b4.otherBand) — each can take a different Portuguese word, so choose the one that fits THIS screen."
"3","roster.card.work.label","Work","","","Short label on: station roster. The same English text ""Work"" is used by 4 different keys (e.g. dxped.chase.work, alerts.action.work, toast.action.default) — each can take a different Portuguese word, so choose the one that fits THIS screen."
"3","roster.card.work.title","Work {{call}}","","{{call}}",""
"3","roster.card.heard.now","now","","","Short label on: station roster. The same English text ""now"" is used by 4 different keys (e.g. sat.passesPane.now, operate.roster.age.now, waterfall.paused.now) — each can take a different Portuguese word, so choose the one that fits THIS screen."
"3","roster.card.heard.slots::one","{{count}} slot ago","","{{count}}","Plural form ""one"" — this key has one row per form (::one = exactly 1, ::other = every other count). Fill both rows separately; never merge them into one sentence."
"3","roster.card.heard.slots::other","{{count}} slots ago","","{{count}}","Plural form ""other"" — this key has one row per form (::one = exactly 1, ::other = every other count). Fill both rows separately; never merge them into one sentence."
"3","roster.card.heard.minutes","{{count}} min ago","","{{count}}",""
"3","spots.title","Spots","","","Short label on: Spots panel. The same English text ""Spots"" is used by 4 different keys (e.g. globe.layer.spots, nav.spots.label, features.spots.label) — each can take a different Portuguese word, so choose the one that fits THIS screen."
"3","spots.countFiltered","of {{count}}","","{{count}}","Short label on: Spots panel. The same English text ""of {{count}}"" is used by 3 different keys (e.g. roster.countFiltered, needed.countFiltered) — each can take a different Portuguese word, so choose the one that fits THIS screen."
"3","spots.hint","every spot on the air — single-click to work it","","",""
"3","spots.search.placeholder","Search call · entity · spotter · freq…  (PA* works)","","PA",""
"3","spots.search.label","Search spots","","",""
"3","spots.search.clear","Clear search","","","Short label on: Spots panel. The same English text ""Clear search"" is used by 2 different keys (e.g. roster.search.clear) — each can take a different Portuguese word, so choose the one that fits THIS screen."
"3","spots.popOut.label","⧉ Pop out","","","Short label on: Spots panel. The same English text ""⧉ Pop out"" is used by 6 different keys (e.g. needed.popOut.label, dxped.popOut.label, ota.popOut.label) — each can take a different Portuguese word, so choose the one that fits THIS screen."
"3","spots.popOut.title","Open in its own window","","",""
"3","spots.filters.aria","Filter spots","","",""
"3","spots.filters.modes.aria","Modes shown","","","Short label on: Spots panel. The same English text ""Modes shown"" is used by 2 different keys (e.g. needed.filters.modes.aria) — each can take a different Portuguese word, so choose the one that fits THIS screen."
"3","spots.filters.states.aria","US states shown","","",""
"3","spots.filter.toggle.title","Filter spots by band, mode, state, or privileges","","",""
"3","spots.filter.toggle.active","Filtered","","","Short label on: Spots panel. The same English text ""Filtered"" is used by 2 different keys (e.g. needed.filter.toggle.active) — each can take a different Portuguese word, so choose the one that fits THIS screen."
"3","spots.filter.toggle.idle","Filter","","","Short label on: Spots panel. The same English text ""Filter"" is used by 2 different keys (e.g. needed.filter.toggle.idle) — each can take a different Portuguese word, so choose the one that fits THIS screen."
"3","spots.filter.mode.show.title","Show {{mode}} spots","","{{mode}}",""
"3","spots.filter.mode.hide.title","Hide {{mode}} spots","","{{mode}}",""
"3","spots.filter.state.title","Show only {{state}} spots (state resolved from stations you've heard before)","","{{state}}",""
"3","spots.filter.local.label","Heard on my continent","","",""
"3","spots.filter.local.hidden","Heard on my continent · {{count}} hidden","","{{count}}",""
"3","spots.filter.local.title","Show only spots someone on your continent actually heard. A station reported solely from another continent says nothing about a path from your station — the same test the Needed board uses. Turn it off for the worldwide cluster feed.","","",""
"3","spots.filter.privileges.label","My privileges","","",""
"3","spots.filter.privileges.title","Show only spots you may transmit to under your license class (Settings ▸ license). Open class sees everything either way.","","",""
"3","spots.filter.clear.label","Clear","","","Short label on: Spots panel. The same English text ""Clear"" is used by 11 different keys (e.g. logbook.search.clear, logEntry.clear.label, needed.filter.clear.label) — each can take a different Portuguese word, so choose the one that fits THIS screen."
"3","spots.filter.clear.title","Clear all filters","","","Short label on: Spots panel. The same English text ""Clear all filters"" is used by 2 different keys (e.g. needed.filter.clear.title) — each can take a different Portuguese word, so choose the one that fits THIS screen."
"3","spots.column.age","Age","","","Short label on: Spots panel. The same English text ""Age"" is used by 3 different keys (e.g. aprs.table.age, operate.roster.col.age) — each can take a different Portuguese word, so choose the one that fits THIS screen."
"3","spots.column.call","Call","","","Short label on: Spots panel. The same English text ""Call"" is used by 10 different keys (e.g. logbook.field.call.label, logbook.column.call, logEntry.call.placeholder) — each can take a different Portuguese word, so choose the one that fits THIS screen."
"3","spots.column.entity","Entity","","","Short label on: Spots panel. The same English text ""Entity"" is used by 2 different keys (e.g. needed.column.entity) — each can take a different Portuguese word, so choose the one that fits THIS screen."
"3","spots.column.state","St","","","One-word control on: Spots panel. Out of context this could be a noun or a verb — open that screen (or read the key name) before choosing the Portuguese word."
"3","spots.column.band","Band","","","Short label on: Spots panel. The same English text ""Band"" is used by 13 different keys (e.g. logbook.field.band.label, logbook.column.band, logEntry.override.band.label) — each can take a different Portuguese word, so choose the one that fits THIS screen."
"3","spots.column.freq","Freq","","","Short label on: Spots panel. The same English text ""Freq"" is used by 4 different keys (e.g. logbook.column.freq, needed.column.freq, operate.decodes.sort.freq) — each can take a different Portuguese word, so choose the one that fits THIS screen."
"3","spots.column.mode","Mode","","","Short label on: Spots panel. The same English text ""Mode"" is used by 15 different keys (e.g. logbook.field.mode.label, logbook.column.mode, logEntry.override.mode.label) — each can take a different Portuguese word, so choose the one that fits THIS screen."
"3","spots.column.spotter","Spotter","","","One-word control on: Spots panel. Out of context this could be a noun or a verb — open that screen (or read the key name) before choosing the Portuguese word."
"3","spots.column.comment","Comment","","","Short label on: Spots panel. The same English text ""Comment"" is used by 5 different keys (e.g. logbook.field.comment.label, spots.post.comment.label, aprs.beacon.comment.label) — each can take a different Portuguese word, so choose the one that fits THIS screen."
"3","spots.empty.filtered","No spots match the current filters — clear to see all.","","",""
"3","spots.empty","No spots yet — cluster/RBN spots appear here as they arrive.","","RBN",""
"3","spots.row.work.title","Work {{call}} — {{mode}} @ {{freq}} MHz (spotted by {{spotter}})","","{{call}} | {{mode}} | {{freq}} | {{spotter}} | MHz",""
"3","spots.row.title","{{call}} @ {{freq}} MHz (spotted by {{spotter}})","","{{call}} | {{freq}} | {{spotter}} | MHz",""
"3","spots.row.mode.title","{{mode}} spot","","{{mode}}",""
"3","spots.row.mode.submode.title","{{submode}} spot ({{mode}})","","{{submode}} | {{mode}}",""
"3","spots.post.aria","Spot a callsign","","",""
"3","spots.post.title","Spot to the DX cluster","","DX",""
"3","spots.post.call.label","Callsign","","","Short label on: Spots panel. The same English text ""Callsign"" is used by 5 different keys (e.g. settings.station.callsign.label, gettingStarted.station.shot.callsignLabel, memories.editor.callsign.label) — each can take a different Portuguese word, so choose the one that fits THIS screen."
"3","spots.post.freq.label","Frequency (MHz)","","MHz",""
"3","spots.post.comment.label","Comment","","","Short label on: Spots panel. The same English text ""Comment"" is used by 5 different keys (e.g. logbook.field.comment.label, spots.column.comment, aprs.beacon.comment.label) — each can take a different Portuguese word, so choose the one that fits THIS screen."
"3","spots.post.comment.placeholder","e.g. FT8 up 2 · loud · 599","","599 | FT8",""
"3","spots.post.cancel","Cancel","","","Short label on: Spots panel. The same English text ""Cancel"" is used by 4 different keys (e.g. logbook.markLotw.cancel, logbook.purge.cancel, sat.armConfirm.cancel) — each can take a different Portuguese word, so choose the one that fits THIS screen."
"3","spots.post.submit","Spot","","","Short label on: Spots panel. The same English text ""Spot"" is used by 2 different keys (e.g. operate.roster.spot.label) — each can take a different Portuguese word, so choose the one that fits THIS screen."
"3","spots.post.busy","Spotting…","","","One-word control on: Spots panel. Out of context this could be a noun or a verb — open that screen (or read the key name) before choosing the Portuguese word."
"3","spots.post.done","Spotted {{call}} on the cluster","","{{call}}",""
"3","spots.post.failed","Spot failed","","",""
"3","spots.legend.aria","Spot colour + type key","","",""
"3","spots.legend.pota.title","Live POTA activator — the call is on a park now","","POTA",""
"3","spots.legend.sota.title","Live SOTA activator — the call is on a summit now","","SOTA",""
"3","spots.legend.dxped.label","DXped","","DXped","Short label on: Spots panel. The same English text ""DXped"" is used by 3 different keys (e.g. needed.filter.dxped, nav.dxped.label) — each can take a different Portuguese word, so choose the one that fits THIS screen."
"3","spots.legend.dxped.title","Active announced DXpedition — a limited-time window","","DXpedition",""
"3","spots.legend.beacon.label","Beacon","","","One-word control on: Spots panel. Out of context this could be a noun or a verb — open that screen (or read the key name) before choosing the Portuguese word."
"3","spots.legend.beacon.title","One-way transmission (NCDXF/IARU beacon or W1AW bulletin) — real propagation evidence, but it never answers, so it is never scored as a need","","NCDXF | IARU | NCDXF/IARU",""
"3","spots.type.dxped","DXpedition","","DXpedition","Short label on: Spots panel. The same English text ""DXpedition"" is used by 2 different keys (e.g. chase.feed.dxped.title) — each can take a different Portuguese word, so choose the one that fits THIS screen."
"3","spots.beacon.ncdxf","NCDXF beacon — one-way, not workable","","NCDXF",""
"3","spots.beacon.w1aw","W1AW bulletin — one-way, not workable","","",""
"3","needed.title","Needed now","","",""
"3","needed.countFiltered","of {{count}}","","{{count}}","Short label on: Needed panel. The same English text ""of {{count}}"" is used by 3 different keys (e.g. roster.countFiltered, spots.countFiltered) — each can take a different Portuguese word, so choose the one that fits THIS screen."
"3","needed.hint","single-click a row to QSY the radio to that band and listen","","QSY",""
"3","needed.filters.aria","Filter needed alerts","","",""
"3","needed.filters.modes.aria","Modes shown","","","Short label on: Needed panel. The same English text ""Modes shown"" is used by 2 different keys (e.g. spots.filters.modes.aria) — each can take a different Portuguese word, so choose the one that fits THIS screen."
"3","needed.filter.toggle.title","Filter the board by need type, band, or mode","","",""
"3","needed.filter.toggle.active","Filtered","","","Short label on: Needed panel. The same English text ""Filtered"" is used by 2 different keys (e.g. spots.filter.toggle.active) — each can take a different Portuguese word, so choose the one that fits THIS screen."
"3","needed.filter.toggle.idle","Filter","","","Short label on: Needed panel. The same English text ""Filter"" is used by 2 different keys (e.g. spots.filter.toggle.idle) — each can take a different Portuguese word, so choose the one that fits THIS screen."
"3","needed.filter.clear.label","Clear","","","Short label on: Needed panel. The same English text ""Clear"" is used by 11 different keys (e.g. logbook.search.clear, logEntry.clear.label, spots.filter.clear.label) — each can take a different Portuguese word, so choose the one that fits THIS screen."
"3","needed.filter.clear.title","Clear all filters","","","Short label on: Needed panel. The same English text ""Clear all filters"" is used by 2 different keys (e.g. spots.filter.clear.title) — each can take a different Portuguese word, so choose the one that fits THIS screen."
"3","needed.filter.all","All","","","Short label on: Needed panel. The same English text ""All"" is used by 9 different keys (e.g. roster.filter.all, map.sats.filter.all, globe.sats.filter.all) — each can take a different Portuguese word, so choose the one that fits THIS screen."
"3","needed.filter.wanted","Watch list","","","Short label on: Needed panel. The same English text ""Watch list"" is used by 2 different keys (e.g. settings.alerts.watchlist.label) — each can take a different Portuguese word, so choose the one that fits THIS screen."
"3","needed.filter.atno","ATNO","","ATNO","Abbreviation shown on: Needed panel. Check the screen before expanding or translating it."
"3","needed.filter.newBand","New band","","","Short label on: Needed panel. The same English text ""New band"" is used by 2 different keys (e.g. status.newBand.label) — each can take a different Portuguese word, so choose the one that fits THIS screen."
"3","needed.filter.newMode","New mode","","","Short label on: Needed panel. The same English text ""New mode"" is used by 2 different keys (e.g. status.newMode.label) — each can take a different Portuguese word, so choose the one that fits THIS screen."
"3","needed.filter.newZone","New zone","","",""
"3","needed.filter.newGrid","New grid","","","Short label on: Needed panel. The same English text ""New grid"" is used by 2 different keys (e.g. settings.alerts.grid.label) — each can take a different Portuguese word, so choose the one that fits THIS screen."
"3","needed.filter.newState","New state","","",""
"3","needed.filter.confirm","Needs confirm","","",""
"3","needed.filter.dxped","DXped","","DXped","Short label on: Needed panel. The same English text ""DXped"" is used by 3 different keys (e.g. spots.legend.dxped.label, nav.dxped.label) — each can take a different Portuguese word, so choose the one that fits THIS screen."
"3","needed.filter.mode.show.title","Show {{mode}} needs","","{{mode}}",""
"3","needed.filter.mode.hide.title","Hide {{mode}} needs","","{{mode}}",""
"3","needed.popOut.label","⧉ Pop out","","","Short label on: Needed panel. The same English text ""⧉ Pop out"" is used by 6 different keys (e.g. dxped.popOut.label, spots.popOut.label, ota.popOut.label) — each can take a different Portuguese word, so choose the one that fits THIS screen."
"3","needed.popOut.title","Open this board in its own window (for a second monitor)","","",""
"3","needed.autoPop.label","open at launch","","",""
"3","needed.autoPop.title","Open this board in its own window automatically when the app starts","","",""
"3","needed.rotator.title","Antenna rotator — live heading + manual point (via rotctld)","","",""
"3","needed.rotator.azimuth.placeholder","az","","","One-word control on: Needed panel. Out of context this could be a noun or a verb — open that screen (or read the key name) before choosing the Portuguese word."
"3","needed.rotator.azimuth.label","Rotator azimuth (degrees)","","",""
"3","needed.rotator.go.title","Turn the rotator to this azimuth","","",""
"3","needed.rotator.pointed","↗ Rotator → {{deg}}°","","{{deg}}",""
"3","needed.rotator.failed","Rotator command failed","","",""
"3","needed.phone.live.text","Phone source: {{host}} · live","","{{host}}",""
"3","needed.phone.live.title","SSB/phone spots are flowing from {{host}}.","","{{host}} | SSB",""
"3","needed.phone.connected.text","Phone source: {{host}} · connected","","{{host}}",""
"3","needed.phone.connected.title","Connected to {{host}} — no phone spot yet (an empty Phone board just means nothing you need is on SSB right now).","","{{host}} | SSB",""
"3","needed.phone.connecting.text","Phone source: {{host}} · connecting…","","{{host}}",""
"3","needed.phone.connecting.title","Reaching the SSB cluster node {{host}}.","","{{host}} | SSB",""
"3","needed.phone.down.text","Phone source: {{host}} · down","","{{host}}",""
"3","needed.phone.down.title","Lost the connection to {{host}} — no SSB/phone needs until it reconnects.","","{{host}} | SSB",""
"3","needed.phone.idle.text","Phone source: {{host}} · idle","","{{host}}",""
"3","needed.phone.idle.title","Connected to {{host}} but quiet — a lull in human SSB spots.","","{{host}} | SSB",""
"3","needed.phone.unknown.text","Phone source: {{host}} · {{state}}","","{{host}} | {{state}}",""
"3","needed.phone.unknown.title","{{host}}: {{state}}","","{{host}} | {{state}}",""
"3","needed.phone.spots::one"," · {{count}} SSB spot","","{{count}} | SSB","Plural form ""one"" — this key has one row per form (::one = exactly 1, ::other = every other count). Fill both rows separately; never merge them into one sentence."
"3","needed.phone.spots::other"," · {{count}} SSB spots","","{{count}} | SSB","Plural form ""other"" — this key has one row per form (::one = exactly 1, ::other = every other count). Fill both rows separately; never merge them into one sentence."
"3","needed.phone.needs::one"," → {{count}} need","","{{count}}","Plural form ""one"" — this key has one row per form (::one = exactly 1, ::other = every other count). Fill both rows separately; never merge them into one sentence."
"3","needed.phone.needs::other"," → {{count}} needs","","{{count}}","Plural form ""other"" — this key has one row per form (::one = exactly 1, ::other = every other count). Fill both rows separately; never merge them into one sentence."
"3","needed.phone.off.link","Phone source off — <a>turn on “DX Cluster / RBN spots”</a>","","<a> | RBN | DX",""
"3","needed.phone.off.plain","Phone source off — turn on “DX Cluster / RBN spots” in Settings ▸ Integrations & Feeds","","RBN | DX","Quotes another control by name: ""DX Cluster / RBN spots"" is the on-screen text of settings.integrations.clusterSpots.label. Translate the quote and that control exactly the same way, or the hint points at a menu entry that no longer exists."
"3","needed.phone.off.title","Phone/SSB needs come only from a human DX-cluster node. This shows when the DX Cluster feed is disabled OR no human host is set — turn on “DX Cluster / RBN spots” and add a host (e.g. ve7cc.net:23) in Settings ▸ Integrations & Feeds. RBN carries only CW + digital, never SSB.","","RBN | SSB | CW | DX","Quotes another control by name: ""DX Cluster / RBN spots"" is the on-screen text of settings.integrations.clusterSpots.label. Translate the quote and that control exactly the same way, or the hint points at a menu entry that no longer exists."
"3","needed.grid.aria","Needed now — arrow to move, Enter to work or QSY","","QSY",""
"3","needed.column.need","Need","","","Short label on: Needed panel. The same English text ""Need"" is used by 4 different keys (e.g. map.colorBy.need.label, operate.roster.col.need, nowbar.need.label) — each can take a different Portuguese word, so choose the one that fits THIS screen."
"3","needed.column.call","Call","","","Short label on: Needed panel. The same English text ""Call"" is used by 10 different keys (e.g. logbook.field.call.label, logbook.column.call, logEntry.call.placeholder) — each can take a different Portuguese word, so choose the one that fits THIS screen."
"3","needed.column.entity","Entity","","","Short label on: Needed panel. The same English text ""Entity"" is used by 2 different keys (e.g. spots.column.entity) — each can take a different Portuguese word, so choose the one that fits THIS screen."
"3","needed.column.band","Band","","","Short label on: Needed panel. The same English text ""Band"" is used by 13 different keys (e.g. logbook.field.band.label, logbook.column.band, logEntry.override.band.label) — each can take a different Portuguese word, so choose the one that fits THIS screen."
"3","needed.column.freq","Freq","","","Short label on: Needed panel. The same English text ""Freq"" is used by 4 different keys (e.g. logbook.column.freq, spots.column.freq, operate.decodes.sort.freq) — each can take a different Portuguese word, so choose the one that fits THIS screen."
"3","needed.row.freq.title","Spotted on {{freq}} MHz","","{{freq}} | MHz",""
"3","needed.row.freq.none","No exact frequency — this need is band-level only","","",""
"3","needed.column.mode","Mode","","","Short label on: Needed panel. The same English text ""Mode"" is used by 15 different keys (e.g. logbook.field.mode.label, logbook.column.mode, logEntry.override.mode.label) — each can take a different Portuguese word, so choose the one that fits THIS screen."
"3","needed.column.zone","Zone","","","One-word control on: Needed panel. Out of context this could be a noun or a verb — open that screen (or read the key name) before choosing the Portuguese word."
"3","needed.column.why","Why","","","One-word control on: Needed panel. Out of context this could be a noun or a verb — open that screen (or read the key name) before choosing the Portuguese word."
"3","needed.empty.filtered","No alerts match the current filters — clear to see all.","","",""
"3","needed.empty","Nothing needed on the air right now — needed stations (new ones, band-slots, modes, grids, POTA/SOTA) appear here as they're heard or spotted.","","POTA | SOTA | POTA/SOTA",""
"3","needed.row.work.title","Work {{call}} — {{mode}} on {{band}}","","{{call}} | {{mode}} | {{band}}",""
"3","needed.row.work.titleFreq","Work {{call}} — {{mode}} on {{band}} @ {{freq}} MHz","","{{call}} | {{mode}} | {{band}} | {{freq}} | MHz",""
"3","needed.row.mainWindow.title","{{call}} ({{mode}}) — open the main window to work this (pop-out only QSYs the band)","","{{call}} | {{mode}}",""
"3","needed.row.qsy.titleFreq","QSY to {{freq}} MHz and listen for {{call}}","","{{freq}} | {{call}} | MHz | QSY",""
"3","needed.row.qsy.titleBand","QSY to {{band}} and listen for {{call}}","","{{band}} | {{call}} | QSY",""
"3","needed.row.aria","{{call}}, {{entity}}, {{band}} {{mode}}, needed {{tags}}","","{{call}} | {{entity}} | {{band}} | {{mode}} | {{tags}}",""
"3","needed.row.ariaAzimuth","{{call}}, {{entity}}, about {{deg}} degrees, {{band}} {{mode}}, needed {{tags}}","","{{call}} | {{entity}} | {{deg}} | {{band}} | {{mode}} | {{tags}}",""
"3","needed.row.point.title","Point the antenna at {{call}}","","{{call}}",""
"3","needed.row.mode.title","Needed on {{mode}}","","{{mode}}",""
"3","need.badge.entity.label","NEW ONE","","","Short label on: needed-status chips. The same English text ""NEW ONE"" is used by 2 different keys (e.g. need.chip.newEntity.label) — each can take a different Portuguese word, so choose the one that fits THIS screen."
"3","need.badge.entity.title","New DXCC entity — an all-time new one","","DXCC",""
"3","need.badge.zone.label","ZONE","","","Abbreviation shown on: needed-status chips. Check the screen before expanding or translating it."
"3","need.badge.zone.title","New CQ zone on this band (5BWAZ)","","CQ",""
"3","need.badge.band.label","BAND","","","Abbreviation shown on: needed-status chips. Check the screen before expanding or translating it."
"3","need.badge.band.title","New band-slot for this entity","","",""
"3","need.badge.mode.label","MODE","","","Abbreviation shown on: needed-status chips. Check the screen before expanding or translating it."
"3","need.badge.mode.title","New mode for this entity","","",""
"3","need.badge.grid.label","GRID","","","Abbreviation shown on: needed-status chips. Check the screen before expanding or translating it."
"3","need.badge.grid.title","New grid square on this band (VUCC is per band)","","VUCC",""
"3","need.badge.state.label","STATE","","","Abbreviation shown on: needed-status chips. Check the screen before expanding or translating it."
"3","need.badge.state.title","New US state on this band (5BWAS) — a hint from the grid; confirm from the log","","",""
"3","need.badge.dxped.label","DXPED","","","Abbreviation shown on: needed-status chips. Check the screen before expanding or translating it."
"3","need.badge.dxped.title","Active DXpedition — limited-time window","","DXpedition",""
"3","need.badge.confirm.label","LoTW","","LoTW","Short label on: needed-status chips. The same English text ""LoTW"" is used by 3 different keys (e.g. need.chip.confirm.label, need.chip.confirm.short) — each can take a different Portuguese word, so choose the one that fits THIS screen."
"3","need.badge.confirm.title","This entity/zone/grid is worked on this band but not yet confirmed — a LoTW match or a paper card would close it (eQSL and QRZ do not count toward awards, so they do not clear this). Not a claim about this callsign: B4 is the worked-this-call chip.","","LoTW | eQSL | QRZ | B4",""
"3","need.badge.pota.title","Live POTA activator","","POTA",""
"3","need.badge.sota.title","Live SOTA activator","","SOTA",""
"3","need.badge.wanted.label","WANTED","","","Abbreviation shown on: needed-status chips. Check the screen before expanding or translating it."
"3","need.badge.wanted.title","On your wanted watch list","","",""
"3","need.chip.newEntity.label","NEW ONE","","","Short label on: needed-status chips. The same English text ""NEW ONE"" is used by 2 different keys (e.g. need.badge.entity.label) — each can take a different Portuguese word, so choose the one that fits THIS screen."
"3","need.chip.newEntity.short","NEW","","","Abbreviation shown on: needed-status chips. Check the screen before expanding or translating it."
"3","need.chip.newEntity.title","All-time-new DXCC entity (ATNO)","","ATNO | DXCC",""
"3","need.chip.newZone.label","ZONE","","","Abbreviation shown on: needed-status chips. Check the screen before expanding or translating it."
"3","need.chip.newZone.short","ZONE","","","Abbreviation shown on: needed-status chips. Check the screen before expanding or translating it."
"3","need.chip.newZone.title","New CQ zone on this band","","CQ",""
"3","need.chip.newBand.label","BAND","","","Abbreviation shown on: needed-status chips. Check the screen before expanding or translating it."
"3","need.chip.newBand.short","BAND","","","Abbreviation shown on: needed-status chips. Check the screen before expanding or translating it."
"3","need.chip.newBand.title","New band-slot for this entity","","",""
"3","need.chip.newMode.label","MODE","","","Abbreviation shown on: needed-status chips. Check the screen before expanding or translating it."
"3","need.chip.newMode.short","MODE","","","Abbreviation shown on: needed-status chips. Check the screen before expanding or translating it."
"3","need.chip.newMode.title","New mode for this entity","","",""
"3","need.chip.newGrid.label","GRID","","","Abbreviation shown on: needed-status chips. Check the screen before expanding or translating it."
"3","need.chip.newGrid.short","GRID","","","Abbreviation shown on: needed-status chips. Check the screen before expanding or translating it."
"3","need.chip.newGrid.title","New grid square on this band","","",""
"3","need.chip.newState.label","STATE","","","Abbreviation shown on: needed-status chips. Check the screen before expanding or translating it."
"3","need.chip.newState.short","ST","","","Abbreviation shown on: needed-status chips. Check the screen before expanding or translating it."
"3","need.chip.newState.title","New US state on this band — best-guess from the grid","","",""
"3","need.chip.confirm.label","LoTW","","LoTW","Short label on: needed-status chips. The same English text ""LoTW"" is used by 3 different keys (e.g. need.badge.confirm.label, need.chip.confirm.short) — each can take a different Portuguese word, so choose the one that fits THIS screen."
"3","need.chip.confirm.short","LoTW","","LoTW","Short label on: needed-status chips. The same English text ""LoTW"" is used by 3 different keys (e.g. need.badge.confirm.label, need.chip.confirm.label) — each can take a different Portuguese word, so choose the one that fits THIS screen."
"3","need.chip.confirm.title","Worked on this band but not yet confirmed — a LoTW match or a paper card closes it; eQSL and QRZ do not count toward awards","","LoTW | eQSL | QRZ",""
"3","need.chip.dxped.label","DXPED","","","Abbreviation shown on: needed-status chips. Check the screen before expanding or translating it."
"3","need.chip.dxped.short","DXP","","","Abbreviation shown on: needed-status chips. Check the screen before expanding or translating it."
"3","need.chip.dxped.title","Active announced DXpedition — a limited-time window","","DXpedition",""
"3","need.chip.pota.title","Live POTA activator — the row's call is on a park right now","","POTA",""
"3","need.chip.sota.title","Live SOTA activator — the row's call is on a summit right now","","SOTA",""
"3","need.chip.wanted.label","WANTED","","","Abbreviation shown on: needed-status chips. Check the screen before expanding or translating it."
"3","need.chip.wanted.short","WANT","","","Abbreviation shown on: needed-status chips. Check the screen before expanding or translating it."
"3","need.chip.wanted.title","On your wanted watch list","","",""
"3","bandMap.title","Band map","","",""
"3","bandMap.offPlan","{{band}} — off the band plan","","{{band}}",""
"3","bandMap.empty.noPlan","no band-plan data for {{band}}","","{{band}}",""
"3","bandMap.empty.thisFrequency","this frequency","","","Short label on: band map. The same English text ""this frequency"" is used by 2 different keys (e.g. bandStrip.empty.thisFrequency) — each can take a different Portuguese word, so choose the one that fits THIS screen."
"3","bandMap.count::one","{{count}} {{mode}} spot · {{band}}","","{{count}} | {{mode}} | {{band}}","Plural form ""one"" — this key has one row per form (::one = exactly 1, ::other = every other count). Fill both rows separately; never merge them into one sentence."
"3","bandMap.count::other","{{count}} {{mode}} spots · {{band}}","","{{count}} | {{mode}} | {{band}}","Plural form ""other"" — this key has one row per form (::one = exactly 1, ::other = every other count). Fill both rows separately; never merge them into one sentence."
"3","bandMap.count.more"," · {{count}} more","","{{count}}",""
"3","bandMap.empty.none","no {{mode}} spots on {{band}} yet","","{{mode}} | {{band}}",""
"3","bandMap.legend.label","Legend","","","Short label on: band map. The same English text ""Legend"" is used by 2 different keys (e.g. bandStrip.legend.label) — each can take a different Portuguese word, so choose the one that fits THIS screen."
"3","bandMap.legend.title","Show/hide the colour + type key","","",""
"3","bandMap.dock.left.title","Dock to the left screen edge","","",""
"3","bandMap.dock.right.title","Dock to the right screen edge","","",""
"3","bandMap.dock.left.titleRemembered","Dock this window to the left screen edge (full-height strip, remembered)","","",""
"3","bandMap.dock.right.titleRemembered","Dock this window to the right screen edge (full-height strip, remembered)","","",""
"3","bandMap.track.title","{{band}} — high at top, low at bottom (MHz)","","{{band}} | MHz",""
"3","bandMap.track.title.tunable","{{band}} — high at top, low at bottom (MHz). Click to tune here; scroll to tune.","","{{band}} | MHz",""
"3","bandMap.shade.title","Your licensed phone segment on this band","","",""
"3","bandMap.spot.title","{{detail}} — click to work","","{{detail}}",""
"3","bandMap.age.secs","{{secs}}s ago","","{{secs}}","Short label on: band map. The same English text ""{{secs}}s ago"" is used by 5 different keys (e.g. map.hover.aprs.ageSecs, chase.age.secs, bandStrip.age.secs) — each can take a different Portuguese word, so choose the one that fits THIS screen."
"3","bandMap.age.mins","{{mins}}m ago","","{{mins}}","Short label on: band map. The same English text ""{{mins}}m ago"" is used by 7 different keys (e.g. map.hover.aprs.ageMins, prop.opening.ago.mins, chase.age.mins) — each can take a different Portuguese word, so choose the one that fits THIS screen."
"3","bandMap.age.hours","{{hours}}h ago","","{{hours}}","Short label on: band map. The same English text ""{{hours}}h ago"" is used by 4 different keys (e.g. prop.opening.ago.hours, program.age.hours, bandStrip.age.hours) — each can take a different Portuguese word, so choose the one that fits THIS screen."
"3","bandMap.dial.title","You: {{freq}} MHz","","{{freq}} | MHz","Short label on: band map. The same English text ""You: {{freq}} MHz"" is used by 2 different keys (e.g. bandStrip.dial.title) — each can take a different Portuguese word, so choose the one that fits THIS screen."
"3","bandMap.dial.title.blocked","You: {{freq}} MHz — transmit blocked (outside your privileges)","","{{freq}} | MHz",""
"3","waterfall.palette.aria.scoped","Waterfall color palette (this mode)","","",""
"3","waterfall.palette.aria.shared","Waterfall color palette (Phone, CW, RTTY and SSTV — FT has its own)","","RTTY | SSTV | CW",""
"3","waterfall.palette.title.scoped","Waterfall color palette — applies to this mode","","",""
"3","waterfall.palette.title.shared","Waterfall color palette — shared by Phone, CW, RTTY and SSTV. The FT waterfall keeps its own.","","RTTY | SSTV | CW",""
"3","waterfall.title","Waterfall","","","Short label on: waterfall display. The same English text ""Waterfall"" is used by 5 different keys (e.g. operate.panel.waterfall, rtty.panel.waterfall, psk.panel.waterfall) — each can take a different Portuguese word, so choose the one that fits THIS screen."
"3","waterfall.hint","left = RX · right / Shift = TX · {{mod}} = both","","{{mod}} | RX | TX",""
"3","waterfall.zoom.aria","Waterfall zoom span","","",""
"3","waterfall.zoom.title","Waterfall view — Std (0–3 kHz, WSJT-X-like), Full (0–4 kHz), or zoom in around the RX marker","","WSJT-X | kHz | RX",""
"3","waterfall.gain.title","Gain — contrast (how punchy strong signals look). Center = auto.","","",""
"3","waterfall.gain.aria","Waterfall gain (contrast)","","",""
"3","waterfall.zero.title","Zero — where the black point sits relative to the noise floor. Center = the default (background black); left shows more of the noise, right buries it deeper.","","",""
"3","waterfall.zero.aria","Waterfall zero (baseline)","","",""
"3","waterfall.flow.down.label","Scrolls down","","","Short label on: waterfall display. The same English text ""Scrolls down"" is used by 2 different keys (e.g. scope.flow.down.label) — each can take a different Portuguese word, so choose the one that fits THIS screen."
"3","waterfall.flow.up.label","Scrolls up","","","Short label on: waterfall display. The same English text ""Scrolls up"" is used by 2 different keys (e.g. scope.flow.up.label) — each can take a different Portuguese word, so choose the one that fits THIS screen."
"3","waterfall.flow.down.title","Scrolls down — the newest row appears at the TOP and history travels downward. Click for the other way: newest at the bottom, history travelling up (the default).","","",""
"3","waterfall.flow.down.title.dss","Scrolls down — the newest row appears at the TOP and history travels downward. Click for the other way: newest at the bottom, history travelling up (the default). The 3D view keeps its own front-to-back perspective either way.","","",""
"3","waterfall.flow.up.title","Scrolls up — the newest row appears at the BOTTOM and history travels upward (the default). Click for the other way: newest at the top, history travelling down.","","",""
"3","waterfall.flow.up.title.dss","Scrolls up — the newest row appears at the BOTTOM and history travels upward (the default). Click for the other way: newest at the top, history travelling down. The 3D view keeps its own front-to-back perspective either way.","","",""
"3","waterfall.dss.on.title","Switch to the flat 2D waterfall","","",""
"3","waterfall.dss.off.title","Switch to the 3D stacked-spectrum view (a rolling perspective of the last ~96 rows)","","",""
"3","waterfall.pause.title","Pause the waterfall — then scroll back through history with the mouse wheel","","",""
"3","waterfall.pause.resume.title","Resume the live waterfall (history kept accumulating while paused)","","",""
"3","waterfall.popOut.title","Pop the waterfall out into its own window (frees this space; drag to another monitor)","","",""
"3","waterfall.canvas.title","Click sets RX (WSJT-X) · Shift+click sets TX · {{mod}}+click sets both","","{{mod}} | WSJT-X | RX | TX",""
"3","waterfall.legend.title","Color = signal strength (dB relative to the current strongest signal)","","dB",""
"3","waterfall.paused","⏸ PAUSED","","",""
"3","waterfall.paused.back","⏸ PAUSED · −{{age}}","","{{age}}",""
"3","waterfall.paused.now","now","","","Short label on: waterfall display. The same English text ""now"" is used by 4 different keys (e.g. roster.card.heard.now, sat.passesPane.now, operate.roster.age.now) — each can take a different Portuguese word, so choose the one that fits THIS screen."
"3","scope.window.balanced.title","Resolution: Balanced — 2048-point window, 171 ms. The default. A 25 WPM dit is shorter than this window, so CW keying reads as a solid bar. Click for sharper.","","WPM | CW",""
"3","scope.window.sharp.title","Resolution: Sharp — 4096-point window, 341 ms. Half the carrier width, at double the time smear. Best for picking a weak carrier out of a crowded passband. Click for faster.","","",""
"3","scope.window.fast.title","Resolution: Fast — 1024-point window, 85 ms. Carriers read twice as wide, but keying and speech onsets actually resolve. Click to return to the default.","","",""
"3","scope.resolution.aria","Scope resolution {{width}} — click to change","","{{width}}",""
"3","scope.smeter.title","S-meter {{reading}} ({{db}} dB rel S9, via CAT)","","{{reading}} | {{db}} | CAT | dB",""
"3","scope.smeter.title.tx","S-meter paused during transmit","","",""
"3","scope.smeter.title.none","No CAT S-meter reported by this rig","","CAT",""
"3","scope.source.flex.title","Native FlexRadio panadapter (SmartSDR) — real RF spectrum, not the soundcard FFT","","FlexRadio | SmartSDR | RF",""
"3","scope.source.civ.title","Native Icom CI-V scope — real RF spectrum, not the soundcard FFT","","CI-V | Icom | RF",""
"3","scope.dynamic.title","How far the strongest signal in this view stands above the noise floor. The scope's vertical scale is FIXED at 50 dB above the noise, so a louder signal really does draw a taller spike — use G to widen or tighten that window.","","dB",""
"3","scope.gain.title","Visual gain — stretch (right) or flatten (left) the color contrast","","",""
"3","scope.gain.aria","Scope visual gain","","",""
"3","scope.zero.title","Visual zero — raise (right) to darken the noise floor, lower (left) to reveal weak texture","","",""
"3","scope.zero.aria","Scope visual zero (floor)","","",""
"3","scope.dss.on.title","Back to the flat trace + waterfall","","",""
"3","scope.dss.off.title","Switch to the 3D stacked-spectrum view (fills the panel; hides the trace)","","",""
"3","scope.pause.title","Pause the waterfall — then scroll back through it with the mouse wheel","","",""
"3","scope.pause.resume.title","Resume the live scope (history kept filling while paused)","","",""
"3","scope.flow.down.label","Scrolls down","","","Short label on: panadapter / scope. The same English text ""Scrolls down"" is used by 2 different keys (e.g. waterfall.flow.down.label) — each can take a different Portuguese word, so choose the one that fits THIS screen."
"3","scope.flow.up.label","Scrolls up","","","Short label on: panadapter / scope. The same English text ""Scrolls up"" is used by 2 different keys (e.g. waterfall.flow.up.label) — each can take a different Portuguese word, so choose the one that fits THIS screen."
"3","scope.flow.down.title","Scrolls down — the newest row appears at the TOP and history travels downward. Click for newest at the bottom.","","",""
"3","scope.flow.up.title","Scrolls up — the newest row appears at the BOTTOM and history travels upward. Click for newest at the top.","","",""
"3","scope.canvas.title","Click a signal to tune it · press and drag to slide the passband","","",""
"3","scope.paused.badge","⏸ paused · wheel to rewind","","",""
"3","chase.row.show.title","Show {{call}} on the map","","{{call}}",""
"3","chase.row.point.title","Point the antenna at {{call}}","","{{call}}",""
"3","chase.row.work.title","Rig jumps to this band/mode/frequency; the cockpit opens","","",""
"3","chase.row.work.label","▶ Work","","","Short label on: chase feed (Connect map). The same English text ""▶ Work"" is used by 2 different keys (e.g. sat.work.short) — each can take a different Portuguese word, so choose the one that fits THIS screen."
"3","chase.age.secs","{{secs}}s ago","","{{secs}}","Short label on: chase feed (Connect map). The same English text ""{{secs}}s ago"" is used by 5 different keys (e.g. map.hover.aprs.ageSecs, bandMap.age.secs, bandStrip.age.secs) — each can take a different Portuguese word, so choose the one that fits THIS screen."
"3","chase.age.mins","{{mins}}m ago","","{{mins}}","Short label on: chase feed (Connect map). The same English text ""{{mins}}m ago"" is used by 7 different keys (e.g. map.hover.aprs.ageMins, prop.opening.ago.mins, bandMap.age.mins) — each can take a different Portuguese word, so choose the one that fits THIS screen."
"3","chase.open.now","{{band}} is open ({{workability}}) — call now","","{{band}} | {{workability}}",""
"3","chase.open.marginal","{{band}} marginal","","{{band}}",""
"3","chase.open.closed","{{band}} closed now · best {{window}}","","{{band}} | {{window}}",""
"3","chase.open.best"," · best {{window}}","","{{window}}",""
"3","chase.feed.dxped.label","DXP","","","Abbreviation shown on: chase feed (Connect map). Check the screen before expanding or translating it."
"3","chase.feed.dxped.title","DXpedition","","DXpedition","Short label on: chase feed (Connect map). The same English text ""DXpedition"" is used by 2 different keys (e.g. spots.type.dxped) — each can take a different Portuguese word, so choose the one that fits THIS screen."
"3","chase.feed.endsSoon.label","last days","","",""
"3","chase.feed.endsSoon.title","This operation ends within 3 days","","",""
"3","chase.feed.gem.rare.title","Rare grid — almost no land","","",""
"3","chase.feed.gem.ultra.title","Ultra-rare grid — open water","","",""
"3","chase.feed.empty","Nothing chase-worthy right now — targets appear as needed stations are heard or expeditions come on the air.","","",""
"3","chase.feed.summary","{{count}} to chase ({{openness}}). Top: {{top}}{{entity}} — {{why}}.","","{{count}} | {{openness}} | {{top}} | {{entity}} | {{why}}",""
"3","chase.feed.workableNow","{{count}} workable now","","{{count}}",""
"3","chase.feed.noneOpen","none open this minute","","",""
"3","chase.why.spotted","on the air now (spotted) — {{band}}","","{{band}}",""
"3","chase.why.modelledOpen","{{band}} path modelled open — {{likelihood}}","","{{band}} | {{likelihood}}",""
"3","chase.why.likelihood","{{band}} {{likelihood}}","","{{band}} | {{likelihood}}",""
"3","chase.why.best"," · best {{best}}","","{{best}}",""
"3","chase.why.lastDays","{{why}} · last days!","","{{why}}",""
"3","chase.why.openNow","{{band}} open now — call it","","{{band}}",""
"3","chase.why.closedBest","{{band}} closed now · best {{window}}","","{{band}} | {{window}}",""
"3","chase.why.heardOn","heard on {{band}}","","{{band}}",""
"3","watchlist.hint","Get a loud alert when a matching station is decoded — a callsign or prefix (wildcards: <code>VP8*</code>, <code>*ABC</code>), a whole DXCC entity, or a grid square (<code>FN31</code>, <code>EM7*</code>). A grid you name here alerts on every band — the HF grid-quiet default doesn't apply to squares you asked for.","","<code> | DXCC | HF",""
"3","watchlist.item.kind.call","CALL","","","Abbreviation shown on: watchlist panel. Check the screen before expanding or translating it."
"3","watchlist.item.kind.grid","GRID","","","Abbreviation shown on: watchlist panel. Check the screen before expanding or translating it."
"3","watchlist.item.cqOnly","CQ only","","CQ","Short label on: watchlist panel. The same English text ""CQ only"" is used by 2 different keys (e.g. watchlist.add.cqOnly.label) — each can take a different Portuguese word, so choose the one that fits THIS screen."
"3","watchlist.item.remove.title","Remove from watch list","","",""
"3","watchlist.item.remove.aria","Remove {{value}}","","{{value}}",""
"3","watchlist.add.kind.aria","Watch kind","","",""
"3","watchlist.add.kind.call","Call / prefix","","",""
"3","watchlist.add.kind.dxcc","DXCC entity","","DXCC",""
"3","watchlist.add.kind.grid","Grid square","","","Short label on: watchlist panel. The same English text ""Grid square"" is used by 4 different keys (e.g. gettingStarted.station.shot.gridLabel, program.origin.grid.aria, setup.station.grid.label) — each can take a different Portuguese word, so choose the one that fits THIS screen."
"3","watchlist.add.value.aria","Watch value","","",""
"3","watchlist.add.value.placeholder.call","e.g. {{first}}  or  {{second}}","","{{first}} | {{second}}","Short label on: watchlist panel. The same English text ""e.g. {{first}}  or  {{second}}"" is used by 2 different keys (e.g. watchlist.add.value.placeholder.grid) — each can take a different Portuguese word, so choose the one that fits THIS screen."
"3","watchlist.add.value.placeholder.grid","e.g. {{first}}  or  {{second}}","","{{first}} | {{second}}","Short label on: watchlist panel. The same English text ""e.g. {{first}}  or  {{second}}"" is used by 2 different keys (e.g. watchlist.add.value.placeholder.call) — each can take a different Portuguese word, so choose the one that fits THIS screen."
"3","watchlist.add.value.placeholder.dxcc","e.g. {{entity}}","","{{entity}}",""
"3","watchlist.add.cqOnly.label","CQ only","","CQ","Short label on: watchlist panel. The same English text ""CQ only"" is used by 2 different keys (e.g. watchlist.item.cqOnly) — each can take a different Portuguese word, so choose the one that fits THIS screen."
"3","watchlist.add.cqOnly.title","Only alert on a CQ call","","CQ",""
"3","watchlist.add.submit","Add","","","One-word control on: watchlist panel. Out of context this could be a noun or a verb — open that screen (or read the key name) before choosing the Portuguese word."
"3","meters.rx.label","RX level","","RX",""
"3","meters.rx.title","{{label}}: {{level}} (aim ~30 dB, like WSJT-X)","","{{label}} | {{level}} | WSJT-X | dB",""
"3","meters.tx.aria","Transmit meters","","",""
"3","meters.tx.idle","TX meters — {{when}}","","{{when}} | TX",""
"3","meters.tx.swr.title","Antenna match — keep it under 2:1","","",""
"3","meters.tx.alc.title","ALC — set mic gain so SSB peaks just tickle the zone, never peg it","","ALC | SSB",""
"3","meters.tx.po.title","Actual output power","","",""
"3","meters.tx.comp.title","Speech compression","","",""
"3","recall.qrz.title","Open {{call}} on QRZ (browser)","","{{call}} | QRZ",""
"3","recall.qrz.error","Could not open {{call}} on QRZ","","{{call}} | QRZ",""
"3","recall.where.empty","Tab or press Lookup for name / QTH","","QTH",""
"3","recall.geo.title","Great-circle distance · true bearing from your QTH","","QTH",""
"3","recall.geo.title.approx","Great-circle distance · true bearing from your QTH — approximate: computed from the center of {{squares}}","","{{squares}} | QTH",""
"3","recall.geo.approx.mine","your {{grid}} square (set a 6-character grid in Settings to sharpen it)","","{{grid}}",""
"3","recall.geo.approx.theirs","their {{grid}} square","","{{grid}}",""
"3","recall.geo.approx.both","{{mine}} and {{theirs}}","","{{mine}} | {{theirs}}",""
"3","recall.dupe.label","Dupe {{band}}","","{{band}}",""
"3","recall.dupe.title","Already worked on {{band}} — logging now would be a dupe. Counts any mode on the band unless Settings’ “match mode too” is on.","","{{band}}",""
"3","recall.confirmed.title","{{confirmed}} of {{count}} prior QSOs confirmed","","{{confirmed}} | {{count}} | QSOs",""
"3","recall.need.entity","New DXCC!","","DXCC",""
"3","recall.need.band","New band-slot","","",""
"3","recall.need.mode","New mode-slot","","",""
"3","recall.need.title","Worth working — a new one for your log","","",""
"3","recall.note.title","Your most recent note on this station","","",""
"3","recall.log.head","Previous contacts","","",""
"3","recall.log.aria","Previous contacts with {{call}}","","{{call}}",""
"3","recall.log.row.title","Show {{call}} in the Logbook","","{{call}}",""
"3","assist.state.unassisted","UNASSISTED","","","Short label on: contest assistance note. The same English text ""UNASSISTED"" is used by 2 different keys (e.g. settings.contestCategory.journal.unassisted) — each can take a different Portuguese word, so choose the one that fits THIS screen."
"3","assist.state.assisted","ASSISTED","","","Abbreviation shown on: contest assistance note. Check the screen before expanding or translating it."
"3","assist.sources.off","Assistance sources off: AI CW decoder, DX cluster / RBN, PSK Reporter needs.","","PSK Reporter | PSK | RBN | CW | DX",""
"3","assist.sources.offSince","Assistance sources off since {{since}}: AI CW decoder, DX cluster / RBN, PSK Reporter needs.","","{{since}} | PSK Reporter | PSK | RBN | CW | DX",""
"3","assist.sources.on","AI CW decoder, DX cluster / RBN and PSK Reporter needs are supplying callsign identification.","","PSK Reporter | PSK | RBN | CW | DX",""
"3","assist.sources.onSince","AI CW decoder, DX cluster / RBN and PSK Reporter needs are supplying callsign identification since {{since}}.","","{{since}} | PSK Reporter | PSK | RBN | CW | DX",""
"3","assist.toggle.declare","Declare unassisted entry","","",""
"3","assist.toggle.end","End unassisted entry","","",""
"3","assist.why.summary","What this means for your contest category","","",""
"3","assist.why.cqww","<b>CQ WW</b> rule VIII.2 counts “a CW decoder, DX cluster, DX spotting Web sites … local or remote call sign and frequency decoding technology (e.g., CW Skimmer or Reverse Beacon Network)” as QSO-finding assistance. Using any of them places the entry in <b>Single Operator Assisted</b> (V.A.2) instead of Single Operator (V.A.1).","","<b> | Single Operator | QSO | CQ | CW | DX | VIII.2",""
"3","assist.why.arrl","<b>ARRL</b> contests call it spotting assistance and name “PSKReporter, Telnet, DX spotting websites or bulletin board systems, automated multi-channel decoders”. Single Operator may not use it (HCAT.1.1: “Use of spotting assistance is not permitted.”). <b>Single Operator Unlimited</b> may (HCAT.2.1). ARRL’s glossary defines a multi-channel decoder as software that “displays multiple decoded signals at the same time”. Nexus decodes one signal at a time, so that definition does not describe its CW decoder. It does describe the cluster, RBN and PSK Reporter feeds.","","<b> | Single Operator Unlimited | Single Operator | PSK Reporter | PSKReporter | Telnet | Nexus | ARRL | PSK | RBN | CW | DX | HCAT.1.1 | HCAT.2.1",""
"3","assist.why.ownDecodes","Your <b>own radio’s decodes</b> are not assistance under either ruleset, so they keep feeding the Needed board in unassisted mode. Your outbound PSK Reporter uploads also keep running, because ARRL says “Generating spotting information for use by other stations is not considered to be spotting assistance.”","","<b> | PSK Reporter | ARRL | PSK",""
"3","assist.why.notCovered","<b>What this switch does not cover:</b> POTA and SOTA activator spots still arrive. Neither ruleset names those feeds, but both define assistance broadly enough to include them, so switch off the POTA/SOTA features by hand if you are entering a contest that counts them.","","<b> | POTA | SOTA | POTA/SOTA",""
"3","assist.why.checkRules","Rules differ by contest and change between years, so <b>check the rules of the contest you are entering</b>. This note reports what CQ WW and ARRL currently publish. It is not a category ruling.","","<b> | ARRL | CQ",""
"3","assist.keep","Your own settings are never rewritten. Ending unassisted mode restores the decoder and feeds exactly as you had them.","","",""
"3","pounce.tag.fallback","NEW","","","Abbreviation shown on: pounce alert banner. Check the screen before expanding or translating it."
"3","pounce.work.label","Work it","","",""
"3","pounce.work.title","QSY to {{call}} and start the QSO","","{{call}} | QSO | QSY",""
"3","pounce.dismiss.aria","Dismiss alert","","",""
"3","fastGraph.aria","Fast Graph — signal power across the T/R period; pings draw as spikes","","",""
"3","callbook.lookupFailed","QRZ lookup failed","","QRZ",""
"3","callbook.detail.grid","grid {{grid}}","","{{grid}}",""
"3","callbook.detail.found","found","","","One-word control on: callbook lookup (Logbook / log entry). Out of context this could be a noun or a verb — open that screen (or read the key name) before choosing the Portuguese word."
"3","callbook.result","QRZ {{call}}: {{detail}}","","{{call}} | {{detail}} | QRZ",""
"3","callbook.resultNoGrid","QRZ {{call}}: {{detail}} · grid/state need a QRZ subscription","","{{call}} | {{detail}} | QRZ",""
"3","callbook.qrzPage.title","{{call}} on QRZ.com (opens your browser)","","{{call}} | QRZ.com | QRZ",""
"3","callbook.qrzPage.failed","Could not open {{call}} on QRZ","","{{call}} | QRZ",""
"3","hideCalls.chip.label","Hide calls","","",""
"3","hideCalls.chip.title","Hide callsigns (or VP8*-style prefixes) from this pane — a display filter only; decoding, logging, alerts and the auto-responder are untouched","","",""
"3","hideCalls.head","Hide these callsigns","","",""
"3","hideCalls.placeholder","e.g. {{examples}}","","{{examples}}",""
"3","hideCalls.note","Space-separated. A trailing <code>*</code> is a prefix (""VP8*"" hides every VP8). A view filter only — the stations you are working and those calling you always show. To stop your auto-CQ from answering a call, Alt-double-click it instead.","","<code> | CQ",""
"3","hideCountries.chip.label","Countries","","","One-word control on: hide-countries picker. Out of context this could be a noun or a verb — open that screen (or read the key name) before choosing the Portuguese word."
"3","hideCountries.chip.paused","paused","","","One-word control on: hide-countries picker. Out of context this could be a noun or a verb — open that screen (or read the key name) before choosing the Portuguese word."
"3","hideCountries.chip.title","Hide chosen countries from this pane (a display filter — decoding, logging and alerts are untouched)","","",""
"3","hideCountries.head","Hide these countries","","",""
"3","hideCountries.pause","Pause (keep my ticks, show everything)","","",""
"3","hideCountries.other.head","Other country…","","",""
"3","hideCountries.search.placeholder","search all entities…","","",""
"3","hideCountries.note","A view filter only — decoding, logging and alerts are untouched. Stations calling you, the one you are working, and new entities or band slots still show.","","",""
"3","hideCountries.hidden::one","{{count}} country hidden","","{{count}}","Plural form ""one"" — this key has one row per form (::one = exactly 1, ::other = every other count). Fill both rows separately; never merge them into one sentence."
"3","hideCountries.hidden::other","{{count}} countries hidden","","{{count}}","Plural form ""other"" — this key has one row per form (::one = exactly 1, ::other = every other count). Fill both rows separately; never merge them into one sentence."
"3","hideCountries.clear.label","Clear","","","Short label on: hide-countries picker. The same English text ""Clear"" is used by 11 different keys (e.g. logbook.search.clear, logEntry.clear.label, needed.filter.clear.label) — each can take a different Portuguese word, so choose the one that fits THIS screen."
"3","hideCountries.clear.aria","Clear country filter","","",""
"3","hideCountries.clear.title","Show every country again","","",""
"4","settings.audio.rxGain.failed","Could not apply RX gain","","RX",""
"4","settings.audio.txPower.failed","Could not set TX power","","TX",""
"4","settings.audio.device.notInList","{{device}} — saved, not in the list","","{{device}}",""
"4","settings.audio.legend","Audio","","","One-word control on: Settings ▸ Audio. Out of context this could be a noun or a verb — open that screen (or read the key name) before choosing the Portuguese word."
"4","settings.audio.multiRadio.note","🎚 Audio devices below are for <b>{{radio}}</b>. Each radio has its OWN input/output — click “Edit” on another radio (in Radios above) to set its audio. The live RX audio + waterfall follow whichever radio is active.","","{{radio}} | <b> | RX",""
"4","settings.audio.multiRadio.selectedRadio","the selected radio","","","Short label on: Settings ▸ Audio. The same English text ""the selected radio"" is used by 2 different keys (e.g. settings.radios.selectedRadio) — each can take a different Portuguese word, so choose the one that fits THIS screen."
"4","settings.audio.device.systemDefault","System default","","",""
"4","settings.audio.input.label","Input Device (RX)","","RX",""
"4","settings.audio.input.hint","Sound card carrying receive audio.","","",""
"4","settings.audio.refresh.action","Refresh","","","Short label on: Settings ▸ Audio. The same English text ""Refresh"" is used by 3 different keys (e.g. ota.refresh.label, settings.rigControl.serialPort.refresh.action) — each can take a different Portuguese word, so choose the one that fits THIS screen."
"4","settings.audio.refresh.title","Re-scan audio devices","","",""
"4","settings.audio.output.label","Output Device (TX)","","TX",""
"4","settings.audio.output.hint","Sound card feeding the rig (transmit).","","",""
"4","settings.audio.spectrum.label","Live input spectrum","","",""
"4","settings.audio.spectrum.idle","Flat — no audio on the selected input. Check the device above (radio on? right codec?).","","",""
"4","settings.audio.spectrum.hint","What the selected input hears, live — band noise should show as a moving floor. Confirms the RIGHT device before you leave Settings.","","",""
"4","settings.audio.txPower.label","Tx Power","","",""
"4","settings.audio.txPower.aria","Transmit drive level","","",""
"4","settings.audio.txPower.hint","The audio <b>drive</b> into the rig — the SAME control as the cockpit <b>Pwr</b> slider (they always match now). Trim down until your rig's ALC is just zero. This is <em>not</em> the rig's RF watts — set those on the radio.","","<b> | <em> | ALC | RF",""
"4","settings.audio.rxLevel.label","RX Level","","RX",""
"4","settings.audio.rxLevel.meter","RX audio level","","RX","Short label on: Settings ▸ Audio. The same English text ""RX audio level"" is used by 3 different keys (e.g. phone.rxMeter.label, topbar.rxLevel.label) — each can take a different Portuguese word, so choose the one that fits THIS screen."
"4","settings.audio.rxLevel.hint","A dB scale like WSJT-X — aim for around 30 dB. Anything from ~15–60 dB decodes fine; red means too hot (back off RX Gain or the rig's audio).","","WSJT-X | RX | dB",""
"4","settings.audio.rxGain.label","RX Gain","","RX",""
"4","settings.audio.rxGain.aria","RX capture gain","","RX",""
"4","settings.audio.rxGain.hint","Boost a quiet interface until RX Level reads around 30 dB — the meter responds as you release the slider. Leave at ×1.0 unless the meter reads low (under ~15 dB) — FT8 decodes on a small signal, so you rarely need much.","","FT8 | RX | dB | 1.0",""
"4","settings.radio.check.noPort","No serial port chosen — a rig model is set, so CAT needs a port.","","CAT",""
"4","settings.radio.check.portMissing","{{port}} is not connected right now — check the rig is powered on, or pick another port.","","{{port}}",""
"4","settings.radio.check.dialIn","{{port}} is a dial-in device and will hang waiting for carrier. Use the matching /dev/cu.… port instead.","","{{port}}",""
"4","settings.radio.check.catNoModel","PTT is set to CAT but the rig model is None/VOX — pick your rig model, or choose a different PTT method.","","CAT | PTT | VOX",""
"4","settings.radios.thisRadio","this radio","","","Short label on: Settings ▸ Radios. The same English text ""this radio"" is used by 2 different keys (e.g. sat.binding.thisRadio) — each can take a different Portuguese word, so choose the one that fits THIS screen."
"4","settings.radios.unnamed","radio {{id}}","","{{id}}",""
"4","settings.radios.add.failed","Could not add a radio","","",""
"4","settings.radios.remove.confirm.title","Remove {{name}}?","","{{name}}",""
"4","settings.radios.remove.confirm.body","This deletes its CAT/audio config, its rigctld port and its band coverage. Your contact log is not affected. This can't be undone.","","rigctld | CAT",""
"4","settings.radios.remove.confirm.action","Remove radio","","",""
"4","settings.radios.remove.failed","Could not remove the radio","","",""
"4","settings.radios.rename.failed","Could not rename the radio","","",""
"4","settings.radios.bands.failed","Could not set band coverage","","",""
"4","settings.radios.default.failed","Could not set the default radio","","",""
"4","settings.radios.switch.failed","Could not switch radios","","","Short label on: Settings ▸ Radios. The same English text ""Could not switch radios"" is used by 2 different keys (e.g. shell.radio.switch.failed) — each can take a different Portuguese word, so choose the one that fits THIS screen."
"4","settings.radios.edit.confirm.title","Discard unsaved changes to the radio you were editing?","","",""
"4","settings.radios.edit.confirm.body","The edits you have not saved for that radio are lost.","","",""
"4","settings.radios.edit.confirm.action","Discard and switch","","","Short label on: Settings ▸ Radios. The same English text ""Discard and switch"" is used by 2 different keys (e.g. settings.radios.makeActive.confirm.action) — each can take a different Portuguese word, so choose the one that fits THIS screen."
"4","settings.radios.makeActive.confirm.title","Discard unsaved changes and switch the operating radio?","","",""
"4","settings.radios.makeActive.confirm.body","The carrier is dropped before the swap. Unsaved edits to the radio you were editing are lost.","","",""
"4","settings.radios.makeActive.confirm.action","Discard and switch","","","Short label on: Settings ▸ Radios. The same English text ""Discard and switch"" is used by 2 different keys (e.g. settings.radios.edit.confirm.action) — each can take a different Portuguese word, so choose the one that fits THIS screen."
"4","settings.radios.legend","Radios","","","One-word control on: Settings ▸ Radios. Out of context this could be a noun or a verb — open that screen (or read the key name) before choosing the Portuguese word."
"4","settings.radios.anotherRadio","another radio","","",""
"4","settings.radios.selectedRadio","the selected radio","","","Short label on: Settings ▸ Radios. The same English text ""the selected radio"" is used by 2 different keys (e.g. settings.audio.multiRadio.selectedRadio) — each can take a different Portuguese word, so choose the one that fits THIS screen."
"4","settings.radios.editingNote","<b>Editing {{name}}</b> — not your operating radio. <b>Save</b> writes only this radio's CAT / audio config; your active radio and station-wide settings are untouched.","","{{name}} | <b> | CAT",""
"4","settings.radios.name.placeholder","Radio name","","",""
"4","settings.radios.active.badge","Active","","","One-word control on: Settings ▸ Radios. Out of context this could be a noun or a verb — open that screen (or read the key name) before choosing the Portuguese word."
"4","settings.radios.active.title","Your operating radio.","","",""
"4","settings.radios.editing.badge","Editing","","","One-word control on: Settings ▸ Radios. Out of context this could be a noun or a verb — open that screen (or read the key name) before choosing the Portuguese word."
"4","settings.radios.editing.title","The Rig / CAT + Audio form below is editing this radio.","","CAT",""
"4","settings.radios.edit.action","Edit","","","Short label on: Settings ▸ Radios. The same English text ""Edit"" is used by 2 different keys (e.g. memories.row.edit.title) — each can take a different Portuguese word, so choose the one that fits THIS screen."
"4","settings.radios.edit.title","Edit this radio's CAT / audio below — WITHOUT changing your operating radio (no swap, no dropped carrier).","","CAT",""
"4","settings.radios.makeActive.action","Make active","","",""
"4","settings.radios.makeActive.title","Make this your operating radio (swaps rigs; drops any carrier first).","","",""
"4","settings.radios.remove.action","Remove","","","Short label on: Settings ▸ Radios. The same English text ""Remove"" is used by 2 different keys (e.g. program.chan.remove.aria) — each can take a different Portuguese word, so choose the one that fits THIS screen."
"4","settings.radios.remove.title","Remove this radio from the roster","","",""
"4","settings.radios.remove.title.blocked","This is your operating radio — make another radio active first, then remove this one.","","",""
"4","settings.radios.card.meta","{{rig}} · CAT {{cat}}{{flex}} · audio {{audio}} · CAT helper port {{port}}","","{{rig}} | {{cat}} | {{flex}} | {{audio}} | {{port}} | CAT",""
"4","settings.radios.card.meta.flex"," · Flex radio {{ip}}","","{{ip}}",""
"4","settings.radios.card.omnirig","Set up in OmniRig","","OmniRig",""
"4","settings.radios.card.noModel","No rig model set","","",""
"4","settings.radios.card.noAddress","no address","","",""
"4","settings.radios.card.noPort","no COM port","","",""
"4","settings.radios.card.audioDefault","default","","","One-word control on: Settings ▸ Radios. Out of context this could be a noun or a verb — open that screen (or read the key name) before choosing the Portuguese word."
"4","settings.radios.bands.hint","Covers bands (for auto band-routing; none = covers all):","","",""
"4","settings.radios.add.action","+ Add radio","","",""
"4","settings.radios.hint.multi","The Rig / CAT + Audio settings below edit “{{name}}”. Each radio has its OWN CAT + audio — click “Edit” on any radio to configure it WITHOUT changing the one you're operating on; “Make active” swaps your operating radio.","","{{name}} | CAT","Quotes another control by name: ""Make active"" is the on-screen text of settings.radios.makeActive.action. Translate the quote and that control exactly the same way, or the hint points at a menu entry that no longer exists."
"4","settings.radios.hint.single","Run two rigs at once — e.g. an HF radio plus a VHF/UHF radio on a different antenna? Add a second radio; you can then Edit either one without interrupting the one you are operating on. Newcomers can ignore this.","","UHF | VHF | HF | VHF/UHF",""
"4","settings.radios.simultaneous.aria","Run both radios at the same time","","",""
"4","settings.radios.simultaneous.hint","<b>Run both radios at the same time</b> — launch Nexus and it asks which radio this window drives; open a second window for the other. Both share one logbook. Leave off if you only ever use one radio at a time (you can still switch between them from the top bar).","","<b> | Nexus","Quotes another control by name: ""Run both radios at the same time"" is the on-screen text of settings.radios.simultaneous.aria. Translate the quote and that control exactly the same way, or the hint points at a menu entry that no longer exists."
"4","settings.detect.usb.failed","USB radio detection failed","","USB",""
"4","settings.detect.flex.scanFailed","Flex LAN scan: {{error}}","","{{error}}",""
"4","settings.detect.none","No radios found — USB: plug in + power on; Flex: must be on this network.","","USB",""
"4","settings.detect.unknownRadio","radio","","","Short label on: Settings ▸ Radio detect. The same English text ""radio"" is used by 2 different keys (e.g. setup.rig.selected.unnamedRadio) — each can take a different Portuguese word, so choose the one that fits THIS screen."
"4","settings.detect.applied.interface","Applied {{device}} on {{port}} — now pick your Rig Model, then Save","","{{device}} | {{port}}",""
"4","settings.detect.applied.identifying","Applied {{device}} on {{port}} — identifying via Auto-test…","","{{device}} | {{port}}",""
"4","settings.detect.applied.review","Applied {{device}} on {{port}} — review + Save settings","","{{device}} | {{port}}",""
"4","settings.detect.flex.applied","Applied {{radio}} at {{ip}} — SmartSDR CAT (slice A, port 5002); native panadapter/DAX ready to enable below. Review + Save, then Test CAT. Second slice? Use port 60001.","","{{radio}} | {{ip}} | SmartSDR | CAT | DAX",""
"4","settings.detect.flex.found","Found {{radio}} at {{ip}} — model and radio IP applied. SmartSDR CAT is Windows-only, so set Network Address yourself: the address of a Windows PC on this network running SmartSDR CAT (slice A is its port 5002). Native panadapter/DAX below talk to the radio directly and need no such PC.","","{{radio}} | {{ip}} | SmartSDR | CAT | DAX",""
"4","settings.cat.callsignRequired","Callsign is required.","","","Short label on: Settings ▸ CAT. The same English text ""Callsign is required."" is used by 2 different keys (e.g. logbook.form.callRequired) — each can take a different Portuguese word, so choose the one that fits THIS screen."
"4","settings.cat.savedNotTested","Saved to {{name}}. CAT can only be tested on the radio you're operating — make {{name}} active to test it.","","{{name}} | CAT",""
"4","settings.cat.test.failed","Could not run the CAT test.","","CAT",""
"4","settings.cat.autoTest.failed","Could not run the port auto-test.","","",""
"4","settings.connections.test.testing","testing…","","","One-word control on: Settings ▸ Connections. Out of context this could be a noun or a verb — open that screen (or read the key name) before choosing the Portuguese word."
"4","settings.connections.sync.unmatched"," · {{count}} unmatched","","{{count}}",""
"4","settings.connections.lotw.password.saveFailed","Could not save the LoTW password","","LoTW",""
"4","settings.connections.lotw.password.saved","LoTW password saved to the system keychain","","LoTW",""
"4","settings.connections.lotw.password.clearFailed","Could not clear the LoTW password","","LoTW",""
"4","settings.connections.lotw.password.cleared","LoTW password cleared from the keychain","","LoTW",""
"4","settings.connections.lotw.sync.failed","LoTW sync failed","","LoTW","Short label on: Settings ▸ Connections. The same English text ""LoTW sync failed"" is used by 2 different keys (e.g. logbook.sync.failed) — each can take a different Portuguese word, so choose the one that fits THIS screen."
"4","settings.connections.lotw.sync.done","LoTW: {{confirmed}} newly confirmed, {{credited}} credited{{promoted}}{{unmatched}}","","{{confirmed}} | {{credited}} | {{promoted}} | {{unmatched}} | LoTW",""
"4","settings.connections.lotw.sync.promoted::one"," · {{count}} upload now on file","","{{count}}","Plural form ""one"" — this key has one row per form (::one = exactly 1, ::other = every other count). Fill both rows separately; never merge them into one sentence."
"4","settings.connections.lotw.sync.promoted::other"," · {{count}} uploads now on file","","{{count}}","Plural form ""other"" — this key has one row per form (::one = exactly 1, ::other = every other count). Fill both rows separately; never merge them into one sentence."
"4","settings.connections.eqsl.password.saveFailed","Could not save the eQSL password","","eQSL",""
"4","settings.connections.eqsl.password.saved","eQSL password saved — auto-upload to eQSL is ON","","eQSL",""
"4","settings.connections.eqsl.password.clearFailed","Could not clear the eQSL password","","eQSL",""
"4","settings.connections.eqsl.password.cleared","eQSL password cleared — auto-upload to eQSL is off","","eQSL",""
"4","settings.connections.eqsl.sync.failed","eQSL sync failed","","eQSL",""
"4","settings.connections.eqsl.sync.done","eQSL: {{confirmed}} newly confirmed (not DXCC/WAS credit){{unmatched}}","","{{confirmed}} | {{unmatched}} | DXCC | eQSL | WAS | DXCC/WAS",""
"4","settings.connections.qrz.password.saveFailed","Could not save the QRZ password","","QRZ",""
"4","settings.connections.qrz.password.saved","QRZ password saved to the system keychain","","QRZ",""
"4","settings.connections.qrz.password.clearFailed","Could not clear the QRZ password","","QRZ",""
"4","settings.connections.qrz.password.cleared","QRZ password cleared from the keychain","","QRZ",""
"4","settings.connections.qrz.key.saveFailed","Could not save the QRZ Logbook key","","QRZ",""
"4","settings.connections.qrz.key.saved","QRZ Logbook key saved — auto-upload to QRZ is ON","","QRZ",""
"4","settings.connections.qrz.key.clearFailed","Could not clear the QRZ Logbook key","","QRZ",""
"4","settings.connections.qrz.key.cleared","QRZ Logbook key cleared — auto-upload to QRZ is off","","QRZ",""
"4","settings.connections.qrz.sync.failed","QRZ sync failed","","QRZ","Short label on: Settings ▸ Connections. The same English text ""QRZ sync failed"" is used by 2 different keys (e.g. logbook.qrzSync.failed) — each can take a different Portuguese word, so choose the one that fits THIS screen."
"4","settings.connections.qrz.sync.done::one","QRZ: {{count}} new QSO, {{confirmed}} newly confirmed{{unmatched}}","","{{count}} | {{confirmed}} | {{unmatched}} | QRZ | QSO","Plural form ""one"" — this key has one row per form (::one = exactly 1, ::other = every other count). Fill both rows separately; never merge them into one sentence."
"4","settings.connections.qrz.sync.done::other","QRZ: {{count}} new QSOs, {{confirmed}} newly confirmed{{unmatched}}","","{{count}} | {{confirmed}} | {{unmatched}} | QSOs | QRZ","Plural form ""other"" — this key has one row per form (::one = exactly 1, ::other = every other count). Fill both rows separately; never merge them into one sentence."
"4","settings.connections.hamqth.password.saveFailed","Could not save the HamQTH password","","HamQTH",""
"4","settings.connections.hamqth.password.saved","HamQTH password saved to the system keychain","","HamQTH",""
"4","settings.connections.hamqth.password.clearFailed","Could not clear the HamQTH password","","HamQTH",""
"4","settings.connections.hamqth.password.cleared","HamQTH password cleared from the keychain","","HamQTH",""
"4","settings.connections.clublog.password.saveFailed","Could not save the ClubLog password","","ClubLog",""
"4","settings.connections.clublog.password.saved","ClubLog app-password saved — auto-upload to ClubLog is ON","","ClubLog",""
"4","settings.connections.clublog.password.clearFailed","Could not clear the ClubLog password","","ClubLog",""
"4","settings.connections.clublog.password.cleared","ClubLog password cleared — auto-upload to ClubLog is off","","ClubLog",""
"4","settings.connections.hrdlog.code.saveFailed","Could not save the HRDLog.net upload code","","HRDLog",""
"4","settings.connections.hrdlog.code.saved","HRDLog.net code saved — auto-upload to HRDLog.net is ON","","HRDLog",""
"4","settings.connections.hrdlog.code.clearFailed","Could not clear the HRDLog.net upload code","","HRDLog",""
"4","settings.connections.hrdlog.code.cleared","HRDLog.net code cleared — auto-upload to HRDLog.net is off","","HRDLog",""
"4","settings.connections.repeaterbook.token.saveFailed","Could not save the RepeaterBook token","","",""
"4","settings.connections.repeaterbook.token.saved","RepeaterBook token saved — the Program section now uses RepeaterBook","","",""
"4","settings.connections.repeaterbook.token.clearFailed","Could not clear the RepeaterBook token","","",""
"4","settings.connections.repeaterbook.token.cleared","RepeaterBook token cleared — the Program section falls back to hearham.com","","",""
"4","settings.connections.cloudlog.key.saveFailed","Could not save the Cloudlog API key","","",""
"4","settings.connections.cloudlog.key.saved","Cloudlog API key saved to the keychain","","",""
"4","settings.connections.cloudlog.key.clearFailed","Could not clear the Cloudlog API key","","",""
"4","settings.connections.cloudlog.key.cleared","Cloudlog API key cleared from the keychain","","",""
"4","settings.connections.legend","Connections","","","One-word control on: Settings ▸ Connections. Out of context this could be a noun or a verb — open that screen (or read the key name) before choosing the Portuguese word."
"4","settings.connections.test.busy","Testing…","","","Short label on: Settings ▸ Connections. The same English text ""Testing…"" is used by 3 different keys (e.g. settings.rigControl.testCat.testing, setup.rig.testCat.busy) — each can take a different Portuguese word, so choose the one that fits THIS screen."
"4","settings.connections.qrz.test.action","Test","","","One-word control on: Settings ▸ Connections. Out of context this could be a noun or a verb — open that screen (or read the key name) before choosing the Portuguese word."
"4","settings.connections.qrz.test.title","Round-trips the QRZ Logbook API (ACTION=STATUS) — proves the key works without logging anything","","QRZ",""
"4","settings.connections.qrz.test.ok","✓ QRZ Logbook reachable: {{detail}}","","{{detail}} | QRZ",""
"4","settings.connections.qrz.test.fail","✗ QRZ test failed: {{detail}} (Uploads need the per-logbook <b>API key</b> from logbook.qrz.com ▸ Settings ▸ API — not your QRZ password.)","","{{detail}} | <b> | QRZ",""
"4","settings.connections.log.title","Connection log","","",""
"4","settings.connections.log.hint","every save, sync, push, and failure lands here","","",""
"4","settings.connections.log.empty","No events yet this session — save a credential or run a sync and it shows here.","","",""
"4","settings.alerts.legend","Alerts","","","One-word control on: Settings ▸ Alerts. Out of context this could be a noun or a verb — open that screen (or read the key name) before choosing the Portuguese word."
"4","settings.alerts.myCall.label","My call","","","Short label on: Settings ▸ Alerts. The same English text ""My call"" is used by 2 different keys (e.g. settings.cw.macros.role.myCall) — each can take a different Portuguese word, so choose the one that fits THIS screen."
"4","settings.alerts.myCall.hint","Beep + flash when someone directs a call at you.","","",""
"4","settings.alerts.confirmTier.label","Confirmation opportunities","","",""
"4","settings.alerts.confirmTier.hint","Show worked-but-unconfirmed award slots — LoTW confirmation chances — on the Needed board and as chips on decodes. Turn off to chase only new contacts.","","LoTW",""
"4","settings.alerts.cq.label","CQ calls","","CQ",""
"4","settings.alerts.cq.hint","Alert on any decoded CQ. Off by default — CQs are constant.","","CQ",""
"4","settings.alerts.potaNewActivation.label","New POTA activation","","POTA",""
"4","settings.alerts.potaNewActivation.hint","Beep when a park is freshly spotted on the air (the map's Parks on the air layer). Off by default.","","",""
"4","settings.alerts.scope.off","Off","","","Short label on: Settings ▸ Alerts. The same English text ""Off"" is used by 8 different keys (e.g. roam.status.off, settings.digital.dxpedition.off, settings.phone.ctcss.off) — each can take a different Portuguese word, so choose the one that fits THIS screen."
"4","settings.alerts.scope.hf","HF only","","HF",""
"4","settings.alerts.scope.vhf","VHF+ (6 m and up)","","VHF",""
"4","settings.alerts.scope.all","All bands","","","Short label on: Settings ▸ Alerts. The same English text ""All bands"" is used by 3 different keys (e.g. awards.grids.filter.all.label, logbook.globe.band.all) — each can take a different Portuguese word, so choose the one that fits THIS screen."
"4","settings.alerts.dxcc.label","New DXCC","","DXCC",""
"4","settings.alerts.dxcc.aria","New DXCC alert bands","","DXCC",""
"4","settings.alerts.dxcc.hint","Loud alert on a new DXCC entity — a “new one”. Does NOT alert on every decode. The band choice also decides where the NEW ONE icon is shown.","","DXCC",""
"4","settings.alerts.grid.label","New grid","","","Short label on: Settings ▸ Alerts. The same English text ""New grid"" is used by 2 different keys (e.g. needed.filter.newGrid) — each can take a different Portuguese word, so choose the one that fits THIS screen."
"4","settings.alerts.grid.aria","New grid alert bands","","",""
"4","settings.alerts.grid.hint","Quiet toast on a grid you haven't worked. Default VHF+ only — grid awards (VUCC/FFMA) start at 6 m; on HF nearly every decode is an unworked grid. The band choice also decides where the GRID icon is shown, on the roster and the decode rows.","","FFMA | VUCC | VHF | HF | VUCC/FFMA",""
"4","settings.alerts.rareGrid.label","Rare grid 💎","","",""
"4","settings.alerts.rareGrid.aria","Rare grid alert bands","","",""
"4","settings.alerts.rareGrid.hint","The loud 💎 alert for rare/water-only grids (rovers, maritime, DXpeditions) — separate from plain grids so silencing HF chatter keeps the gems. Covers their GRID icon too.","","DXpeditions | HF",""
"4","settings.alerts.watchlist.label","Watch list","","","Short label on: Settings ▸ Alerts. The same English text ""Watch list"" is used by 2 different keys (e.g. needed.filter.wanted) — each can take a different Portuguese word, so choose the one that fits THIS screen."
"4","settings.transmit.legend","Transmit limits & sharing","","",""
"4","settings.transmit.bandEdgeTones.label","Band-edge tones","","",""
"4","settings.transmit.bandEdgeTones.hint","A short audio cue when the dial crosses your license privileges — a rising ""ding"" back in band, a falling ""dong"" past an edge. Applies on every mode.","","",""
"4","settings.transmit.powerCaps.label","Max power by mode (safety)","","",""
"4","settings.transmit.powerCaps.hint","A ceiling on RF output per mode — leave blank for full power. FT8/FT4/RTTY run ~100% duty cycle, so capping the Digital modes (e.g. 30%) protects your finals and any amplifier. The rig is brought down to the cap the moment you enter a capped mode, not only when you touch the power slider.","","RTTY | FT4 | FT8 | RF",""
"4","settings.transmit.note","Saving applies your rig settings live (no restart). <b>Test CAT</b> saves, launches the bundled <code>rigctld</code> (Hamlib ships with Nexus on Windows — no separate install), and reads your rig's frequency to confirm CAT. For CAT, pick your <em>Rig Model</em> and <em>Serial Port</em>; serial RTS/DTR and VOX need no model.","","<b> | <code> | <em> | rigctld | Hamlib | Nexus | CAT | VOX | RTS/DTR","Quotes another control by name: ""Test CAT"" is the on-screen text of settings.rigControl.testCat.action. Translate the quote and that control exactly the same way, or the hint points at a menu entry that no longer exists."
"4","settings.transmit.backup.label","Back up your setup","","",""
"4","settings.transmit.backup.action","Back up","","",""
"4","settings.transmit.backup.title","Save your radios, preferences, memory channels and watchlist to a file","","",""
"4","settings.transmit.backup.hint","Your radios, operating preferences, memory channels, watchlist and chase sets in one file — for a new computer, or before a rebuild. <b>It holds no passwords or API keys</b>: those stay in your operating system's keychain, so a restore asks for them again, and the file is safe to keep on a USB stick. Your contact log is separate — export that from the Logbook. Restoring replaces your current setup.","","<b> | USB",""
"4","settings.transmit.backup.done","Settings backed up → {{path}}","","{{path}}",""
"4","settings.transmit.backup.failed","Backup failed","","",""
"4","settings.transmit.restore.action","Restore…","","","One-word control on: Settings ▸ Transmit. Out of context this could be a noun or a verb — open that screen (or read the key name) before choosing the Portuguese word."
"4","settings.transmit.restore.title","Replace your current setup with a saved backup","","",""
"4","settings.transmit.share.label","Share this radio with other programs","","",""
"4","settings.transmit.share.copy.action","Copy","","","Short label on: Settings ▸ Transmit. The same English text ""Copy"" is used by 3 different keys (e.g. settings.connectWeb.url.copy, settings.fdBoard.url.copy) — each can take a different Portuguese word, so choose the one that fits THIS screen."
"4","settings.transmit.share.copy.title","Copy the address to paste into the other program","","",""
"4","settings.transmit.share.hint.on","Nexus itself answers at this address, so <b>VarAC</b>, <b>FreeDV</b>, <b>WSJT-X</b>, <b>JS8Call</b> and <b>fldigi</b> can use the radio while Nexus runs — pick the rig <em>Hamlib NET rigctl</em> (VarAC and FreeDV call it a network or rigctld connection), give it the address above, and leave their serial port blank. They stay connected even while Nexus tests or reconfigures the radio link, and they follow whichever radio is active. Only for this computer — the address is not reachable from the network. Takes effect right away. Both programs can command the rig, so expect them to argue if you tune in both at once.","","<b> | <em> | JS8Call | rigctld | Hamlib | WSJT-X | fldigi | Nexus",""
"4","settings.transmit.share.hint.off","Off — other programs cannot use the radio while Nexus runs. Turn it on and point them at the address that appears here (<em>Hamlib NET rigctl</em>).","","<em> | Hamlib | Nexus",""
"4","settings.transmit.share.hint.direct","Driving a specific radio that is <em>not</em> the active one: use its direct address <code>{{address}}</code> (per-radio; this link drops briefly whenever Nexus reconfigures that radio).","","{{address}} | <em> | <code> | Nexus",""
"4","settings.transmit.foreignPtt.label","Other programs may key transmit","","",""
"4","settings.transmit.foreignPtt.hint","On: a shared program (WSJT-X, VarAC) can key the rig, exactly as it could when it owned the CAT cable — every Nexus transmit safeguard still applies. Off: shared programs tune and read but never transmit.","","WSJT-X | Nexus | CAT",""
"4","settings.integrations.legend","Integrations & Feeds","","",""
"4","settings.integrations.local.title","Local APIs & Loggers","","",""
"4","settings.integrations.wsjtxUdp.hint","for JTAlert / GridTracker / loggers — and FT8 contest scorers. Several at once: separate addresses with a comma.","","GridTracker | FT8",""
"4","settings.integrations.udpAddr.label","UDP Address","","UDP",""
"4","settings.integrations.udpAddr.hint","host:port for the UDP feed","","UDP",""
"4","settings.integrations.hrdLogging.label","Ham Radio Deluxe logging","","",""
"4","settings.integrations.hrdLogging.hint","push each QSO to HRD Logbook over its QSO-Forwarding UDP port (HRD must be running; don't also run JTAlert/QSO Relay into HRD or you'll double-log)","","HRD | QSO | UDP",""
"4","settings.integrations.hrdAddr.label","HRD UDP Address","","HRD | UDP",""
"4","settings.integrations.hrdAddr.hint","HRD QSO-Forwarding host:port (default 127.0.0.1:2333)","","HRD | QSO | 127.0.0.1",""
"4","settings.integrations.hrd.linkUp","● HRD reachable — contacts are forwarding","","HRD",""
"4","settings.integrations.hrd.linkDown","○ HRD not reachable — {{count}} contact(s) queued, will send when HRD is back","","{{count}} | HRD",""
"4","settings.integrations.companionAddr.label","Companion UDP address","","UDP",""
"4","settings.integrations.companionAddr.hint","Where Nexus listens for WSJT-X/JTDX in Companion source mode.","","WSJT-X | Nexus | JTDX",""
"4","settings.integrations.allTxt.label","Write ALL.TXT decode log","","",""
"4","settings.integrations.allTxt.hint","WSJT-X-format decode log for GridTracker / loggers to tail. Written only while this is on, and it first appears after the next decode.","","GridTracker | WSJT-X",""
"4","settings.integrations.allTxt.path","Saved at <code>{{path}}</code>.","","{{path}} | <code>",""
"4","settings.integrations.allTxt.reveal","Reveal in folder","","",""
"4","settings.integrations.qsoWav.label","Save a WAV per logged QSO","","QSO | WAV",""
"4","settings.integrations.qsoWav.hint","Auto-records the last ~60 s of RX audio on log.","","RX",""
"4","settings.integrations.qsoWav.path","Saved in <code>{{path}}</code>, created the first time you record.","","{{path}} | <code>",""
"4","settings.integrations.qsoWav.reveal","Open recordings folder","","",""
"4","settings.integrations.saveWav.label","Save received audio (.wav per period)","","",""
"4","settings.integrations.saveWav.none","None (default)","","",""
"4","settings.integrations.saveWav.decodes","Save periods with decodes","","",""
"4","settings.integrations.saveWav.all","Save all periods","","",""
"4","settings.integrations.saveWav.hint","WAVs land in recordings/periods (12 kHz mono, ~360 KB each). ""All"" writes ~2 GB/day of continuous monitoring — use for decoder debugging, not always-on.","","kHz",""
"4","settings.integrations.spotSources.title","Spot Sources","","",""
"4","settings.integrations.pskreporter.hint","upload spots to the global map","","",""
"4","settings.integrations.clusterSpots.label","DX Cluster / RBN spots","","RBN | DX",""
"4","settings.integrations.clusterSpots.hint","Surface ""new ones"" from the Reverse Beacon Network on the Needed board + Connect. Takes effect on restart.","","",""
"4","settings.integrations.clusterNodes.label","Phone/SSB cluster nodes","","SSB",""
"4","settings.integrations.clusterNodes.empty","No nodes — add one below to get SSB/phone needs (RBN only carries CW + digital).","","RBN | SSB | CW",""
"4","settings.integrations.clusterNodes.remove.title","Remove this cluster node","","",""
"4","settings.integrations.clusterNodes.remove.aria","Remove {{host}}","","{{host}}",""
"4","settings.integrations.clusterNodes.remove.ariaBlank","Remove node","","",""
"4","settings.integrations.clusterNodes.add.option","+ Add a known node…","","",""
"4","settings.integrations.clusterNodes.addCustom.title","Add a custom node row","","",""
"4","settings.integrations.clusterNodes.addCustom.action","+ Custom","","",""
"4","settings.integrations.clusterNodes.hint","We connect to ALL listed nodes and union their human SSB/phone spots — more nodes = wider phone coverage (RBN CW + digital connect automatically; RBN endpoints are ignored here). An added node connects on the next Save; removing one takes effect on restart.","","RBN | SSB | CW",""
"4","settings.integrations.propagation.title","Propagation","","","Short label on: Settings ▸ Integrations. The same English text ""Propagation"" is used by 2 different keys (e.g. features.category.propagation) — each can take a different Portuguese word, so choose the one that fits THIS screen."
"4","settings.integrations.openingWatch.label","Near-region opening watch","","",""
"4","settings.integrations.openingWatch.hint","Watch VHF/10 m activity near your QTH (not just your own contacts) so openings flag ""open around you"" before you've worked anyone. Takes effect on restart.","","QTH | VHF | VHF/10",""
"4","settings.integrations.propEngine.label","Prediction engine","","",""
"4","settings.integrations.propEngine.heuristic","Modelled (fast heuristic)","","",""
"4","settings.integrations.propEngine.p533","ITU-R P.533 (full physics)","","ITU | ITU-R",""
"4","settings.integrations.propEngine.hint","Drives the per-station path outlook + 24h band×hour grid. P.533 is the real circuit-reliability method (validated against the ITU reference; ~0.1 s per prediction, uses your station power). Live spots always win over any model.","","ITU | 0.1",""
"4","settings.accessibility.legend","Accessibility & eyes-free","","",""
"4","settings.accessibility.note","Speech and sound cues for operating by ear (screen-reader users, or anyone who wants audible feedback). The keyboard and screen-reader labels throughout Nexus are always on — these settings only control what comes out of the speakers.","","Nexus",""
"4","settings.accessibility.announce.label","Announce decodes (screen reader)","","",""
"4","settings.accessibility.announce.off","Off","","","Short label on: Settings ▸ Accessibility. The same English text ""Off"" is used by 8 different keys (e.g. roam.status.off, settings.alerts.scope.off, settings.digital.dxpedition.off) — each can take a different Portuguese word, so choose the one that fits THIS screen."
"4","settings.accessibility.announce.needed","Needed only (calling you / new / watched)","","",""
"4","settings.accessibility.announce.all","All (adds a per-cycle CQ summary)","","CQ",""
"4","settings.accessibility.announce.hint","What a screen reader speaks as decodes arrive. Silent without a reader running. ""Needed"" mirrors your alerts; ""All"" adds a spoken batch summary each cycle.","","",""
"4","settings.accessibility.txRxEarcon.label","TX / RX earcon","","RX | TX",""
"4","settings.accessibility.txRxEarcon.hint","A rising tone when you key up, falling when you unkey — know your TX state by ear.","","TX",""
"4","settings.accessibility.decodeTick.label","Decode-batch tick","","",""
"4","settings.accessibility.decodeTick.hint","A soft tick each cycle new signals are decoded — the band's rhythm, eyes-free.","","",""
"4","settings.backup.restore.confirm.title","Replace your current setup with {{file}}?","","{{file}}",""
"4","settings.backup.restore.confirm.body","Your radios, preferences, memory channels, watchlist and chase sets will be replaced. Your contact log is not affected. This cannot be undone.","","",""
"4","settings.backup.restore.confirm.action","Restore","","","One-word control on: Settings ▸ Backup. Out of context this could be a noun or a verb — open that screen (or read the key name) before choosing the Portuguese word."
"4","settings.backup.restore.done","Settings restored — check your radio and Test CAT","","CAT",""
"4","settings.backup.restore.failed","Restore failed","","",""
"4","settings.backup.reset.confirm.title","Reset all settings to factory defaults?","","",""
"4","settings.backup.reset.confirm.body","Your radios, audio devices, callsign and preferences will be erased. Your contact log is not affected, and stored passwords stay in your keychain. This cannot be undone — back up first if you have not.","","",""
"4","settings.backup.reset.confirm.action","Reset","","","Short label on: Settings ▸ Backup. The same English text ""Reset"" is used by 2 different keys (e.g. map.reset.label) — each can take a different Portuguese word, so choose the one that fits THIS screen."
"4","settings.backup.reset.done","Settings reset to defaults","","",""
"4","settings.backup.reset.failed","Could not reset the configuration","","",""
"4","settings.features.legend","Features","","","One-word control on: Settings ▸ Features. Out of context this could be a noun or a verb — open that screen (or read the key name) before choosing the Portuguese word."
"4","settings.features.alwaysOn","always on","","",""
"4","settings.features.toggle.aria.enable","Enable {{feature}}","","{{feature}}",""
"4","settings.features.toggle.aria.disable","Disable {{feature}}","","{{feature}}",""
"4","settings.features.dependsOn","Turning on also enables {{feature}}.","","{{feature}}",""
"4","settings.features.profile.label","Profile","","","One-word control on: Settings ▸ Features. Out of context this could be a noun or a verb — open that screen (or read the key name) before choosing the Portuguese word."
"4","settings.features.profile.aria","Feature profile","","",""
"4","settings.features.profile.confirm.title","Switch to “{{profile}}”?","","{{profile}}",""
"4","settings.features.profile.confirm.body","This replaces your custom feature set.","","",""
"4","settings.features.profile.confirm.action","Switch","","","One-word control on: Settings ▸ Features. Out of context this could be a noun or a verb — open that screen (or read the key name) before choosing the Portuguese word."
"4","settings.features.profile.custom.label","Custom","","","One-word control on: Settings ▸ Features. Out of context this could be a noun or a verb — open that screen (or read the key name) before choosing the Portuguese word."
"4","settings.features.profile.custom.title","Custom — a blended feature set (manual toggles or multiple goals)","","",""
"4","settings.features.profile.hint.custom","Custom — a blended feature set. Pick a single goal above to reset to its defaults.","","",""
"4","settings.features.profile.hint.preset","Pick a goal to set sensible defaults — every feature stays toggleable below. Switching profiles re-applies its set.","","",""
"4","settings.features.rerunWizard","Re-run setup…","","",""
"4","settings.features.core.title","Core — always on","","",""
"4","settings.features.fieldDay.hint","Turn on for Field Day weekend — reveals the Field Day workspace, the Class/Section exchange across all modes, and the setup tab. Off the rest of the year (nothing shows). Stays on across restarts until you turn it off; Save settings to apply.","","Field Day",""
"4","settings.quickReply.legend","Quick-reply macros","","",""
"4","settings.quickReply.chat.label","Chat","","","Short label on: Settings ▸ Quick reply. The same English text ""Chat"" is used by 2 different keys (e.g. features.chat.label) — each can take a different Portuguese word, so choose the one that fits THIS screen."
"4","settings.quickReply.chat.hint","Comma-separated chips for Chat.","","",""
"4","settings.quickReply.qso.hint","Chips for sequenced QSOs.","","QSOs",""
"4","settings.quickReply.band.label","Band / CQ","","CQ",""
"4","settings.quickReply.band.hint","Open broadcasts — the Call CQ launchpad + band feed.","","CQ",""
"4","settings.betaUpdates.legend","App updates","","",""
"4","settings.betaUpdates.label","Receive beta (pre-release) updates","","",""
"4","settings.betaUpdates.hint","When on, the updater offers pre-release builds — newer features, but less tested. Off keeps you on stable releases only.","","",""
"4","settings.betaUpdates.aria.enable","Turn on beta updates","","",""
"4","settings.betaUpdates.aria.disable","Turn off beta updates","","",""
"4","settings.countryFile.legend","Country file (DXCC)","","DXCC",""
"4","settings.countryFile.update.action","Update country file","","",""
"4","settings.countryFile.update.busy","Updating…","","","Short label on: Settings ▸ Country file. The same English text ""Updating…"" is used by 3 different keys (e.g. settings.orbitalElements.update.busy, settings.callsignState.update.busy) — each can take a different Portuguese word, so choose the one that fits THIS screen."
"4","settings.countryFile.update.done","Country file downloaded — AD1C {{ver}} applies at next launch.","","{{ver}} | AD1C",""
"4","settings.countryFile.update.current","Country file is already current — AD1C {{ver}}.","","{{ver}} | AD1C",""
"4","settings.countryFile.update.failed","Country file update failed: {{detail}}","","{{detail}}",""
"4","settings.countryFile.status","{{count}} entities · AD1C {{ver}} · fetched {{date}}","","{{count}} | {{ver}} | {{date}} | AD1C",""
"4","settings.countryFile.statusBuiltIn","{{count}} entities · AD1C {{ver}} (built-in)","","{{count}} | {{ver}} | AD1C",""
"4","settings.countryFile.empty","Built-in country file active.","","",""
"4","settings.countryFile.pending","Update downloaded (AD1C {{ver}}) — applies at next launch.","","{{ver}} | AD1C",""
"4","settings.countryFile.hint","The AD1C cty.dat country file maps callsigns to DXCC entities — the country on decode rows, the Needed board and the log. Checked weekly; a downloaded update applies at the next launch.","","AD1C | DXCC | cty.dat",""
"4","settings.callsignState.legend","Callsign → state database","","",""
"4","settings.callsignState.update.action","Update now","","","Short label on: Settings ▸ Callsign state. The same English text ""Update now"" is used by 2 different keys (e.g. settings.orbitalElements.update.action) — each can take a different Portuguese word, so choose the one that fits THIS screen."
"4","settings.callsignState.update.busy","Updating…","","","Short label on: Settings ▸ Callsign state. The same English text ""Updating…"" is used by 3 different keys (e.g. settings.orbitalElements.update.busy, settings.countryFile.update.busy) — each can take a different Portuguese word, so choose the one that fits THIS screen."
"4","settings.callsignState.update.done","Callsign→state database updated — {{count}} US calls","","{{count}}",""
"4","settings.callsignState.update.failed","Callsign→state update failed: {{detail}}","","{{detail}}",""
"4","settings.callsignState.status","{{count}} US calls · fetched {{date}}","","{{count}} | {{date}}",""
"4","settings.callsignState.empty","Not loaded yet — downloads on first launch, then auto-refreshes weekly.","","",""
"4","settings.callsignState.hint","A callsign→state index (from the FCC license file) so a New State lights up on cluster / CW / SSB spots that carry no grid. Refreshed weekly from hamradiotools.io; a live decode grid refines it for rovers.","","SSB | CW",""
"4","settings.lotwUsers.legend","LoTW users list","","LoTW",""
"4","settings.lotwUsers.fetch.action","Fetch now","","",""
"4","settings.lotwUsers.fetch.busy","Fetching…","","","One-word control on: Settings ▸ LoTW users. Out of context this could be a noun or a verb — open that screen (or read the key name) before choosing the Portuguese word."
"4","settings.lotwUsers.fetch.done","LoTW list loaded — {{count}} calls","","{{count}} | LoTW",""
"4","settings.lotwUsers.fetch.failed","LoTW list fetch failed: {{detail}}","","{{detail}} | LoTW",""
"4","settings.lotwUsers.status","{{count}} calls · fetched {{date}}","","{{count}} | {{date}}",""
"4","settings.lotwUsers.empty","Not fetched yet — decode lists gain an L mark on calls that upload to LoTW.","","LoTW",""
"4","settings.lotwUsers.maxAge.label","Count as a LoTW user if uploaded within (days)","","LoTW",""
"4","settings.lotwUsers.maxAge.hint","ARRL's activity list updates weekly — refetching more often just returns ""unchanged"". Manual fetch by design (WSJT-X convention).","","WSJT-X | ARRL",""
"4","settings.pounce.legend","Pounce — new-one alert","","",""
"4","settings.pounce.note","Interrupts you the INSTANT a needed station appears on the cluster or RBN, rather than waiting for the spot board to refresh. A loud tone plays whether or not Nexus is the window you are looking at, and a banner offers one-click Work. Off until you switch it on. How rare ""rare"" is depends on your own totals: if you are chasing your first hundred entities then almost every DX spot is a new one and this would never stop talking. Start with <em>New DXCC entity only</em> once your log is far enough along that a new one is genuinely an event. Each station alerts once per band and mode.","","<em> | Nexus | DXCC | RBN | DX","Quotes another control by name: ""New DXCC entity only"" is the on-screen text of settings.pounce.threshold.atno. Translate the quote and that control exactly the same way, or the hint points at a menu entry that no longer exists."
"4","settings.pounce.threshold.label","Alert me for","","",""
"4","settings.pounce.threshold.off","Off (default)","","",""
"4","settings.pounce.threshold.atno","New DXCC entity only","","DXCC",""
"4","settings.pounce.threshold.atnoOrZone","New entity or CQ zone","","CQ",""
"4","settings.pounce.threshold.atnoZoneOrState","New entity, zone, or US state","","",""
"4","settings.connectWeb.legend","Connect on a TV","","",""
"4","settings.connectWeb.label","Serve Connect on this network","","",""
"4","settings.connectWeb.hint","Serves the full Connect view — the map with every layer, the panes, live openings — read-only, to any browser on your network: a shack TV, a tablet, a phone. Nothing can be changed from it.","","",""
"4","settings.connectWeb.exposes","While this is on, anyone on your network can see your callsign, grid square and the propagation picture — including the callsigns of stations heard and spotted. Your log, your needs board and the frequency you are on are never sent.","","",""
"4","settings.connectWeb.aria.enable","Serve Connect on the local network","","",""
"4","settings.connectWeb.aria.disable","Stop serving Connect on the local network","","",""
"4","settings.connectWeb.port.label","Port","","","Short label on: Settings ▸ Connect web. The same English text ""Port"" is used by 2 different keys (e.g. settings.aprs.is.port.label) — each can take a different Portuguese word, so choose the one that fits THIS screen."
"4","settings.connectWeb.port.hint","Separate from the Field Day scoreboard, so both can run at once.","","Field Day",""
"4","settings.connectWeb.url.label","Open this on the TV","","",""
"4","settings.connectWeb.url.copy","Copy","","","Short label on: Settings ▸ Connect web. The same English text ""Copy"" is used by 3 different keys (e.g. settings.fdBoard.url.copy, settings.transmit.share.copy.action) — each can take a different Portuguese word, so choose the one that fits THIS screen."
"4","settings.connectWeb.url.pending","Starting…","","","One-word control on: Settings ▸ Connect web. Out of context this could be a noun or a verb — open that screen (or read the key name) before choosing the Portuguese word."
"4","settings.b4.legend","Worked-before (B4) & dupes","","B4",""
"4","settings.b4.matchMode.label","Match mode too","","",""
"4","settings.b4.matchMode.hint","Off (the default, and WSJT-X’s): working a station on 40m marks them B4-on-band for 40m in every mode, and the log strip’s Dupe badge counts any mode on the band. On: 40m FT8 and 40m phone are separate contacts — the solid B4 chip and the Dupe badge require the mode to match as well. The hollow B4 chip (worked anywhere) is unaffected either way.","","WSJT-X | FT8 | B4 | 40m",""
"5","phone.panel.scope","Scope","","","Short label on: Phone (SSB) cockpit. The same English text ""Scope"" is used by 2 different keys (e.g. cw.panel.scope) — each can take a different Portuguese word, so choose the one that fits THIS screen."
"5","phone.panel.rigscope","Rig Scope Controls","","",""
"5","phone.panel.txmeters","TX Meters","","TX","Short label on: Phone (SSB) cockpit. The same English text ""TX Meters"" is used by 3 different keys (e.g. operate.panel.txmeters, cw.panel.txmeters) — each can take a different Portuguese word, so choose the one that fits THIS screen."
"5","phone.panel.dsp","DSP Functions","","DSP",""
"5","phone.panel.dspLevels","RX DSP Levels","","DSP | RX","Short label on: Phone (SSB) cockpit. The same English text ""RX DSP Levels"" is used by 2 different keys (e.g. cw.panel.rxdsp) — each can take a different Portuguese word, so choose the one that fits THIS screen."
"5","phone.panel.bandActivity","Band Activity","","","Short label on: Phone (SSB) cockpit. The same English text ""Band Activity"" is used by 4 different keys (e.g. operate.panel.bandActivity, operate.decodes.title, cw.panel.bandActivity) — each can take a different Portuguese word, so choose the one that fits THIS screen."
"5","phone.panel.voiceKeyer","Voice Keyer","","",""
"5","phone.pane.bandActivity.title","Band activity","","","Short label on: Phone (SSB) cockpit. The same English text ""Band activity"" is used by 4 different keys (e.g. prop.bands.aria, cw.pane.bandActivity.title, nowbar.band.title.plain) — each can take a different Portuguese word, so choose the one that fits THIS screen."
"5","phone.pane.voiceKeyer.title","Voice keyer","","",""
"5","phone.pane.rigscope.title","Rig scope controls","","",""
"5","phone.pane.dsp.title","DSP functions","","DSP",""
"5","phone.pane.dspLevels.title","RX DSP levels","","DSP | RX","Short label on: Phone (SSB) cockpit. The same English text ""RX DSP levels"" is used by 3 different keys (e.g. cw.rxDsp.aria, phone.rxDsp.aria) — each can take a different Portuguese word, so choose the one that fits THIS screen."
"5","phone.pane.log.title","Log","","","Short label on: Phone (SSB) cockpit. The same English text ""Log"" is used by 7 different keys (e.g. logbook.form.log, logEntry.log, operate.strip.log.label) — each can take a different Portuguese word, so choose the one that fits THIS screen."
"5","phone.mode.aria","Phone mode","","","Short label on: Phone (SSB) cockpit. The same English text ""Phone mode"" is used by 3 different keys (e.g. freq.mode.aria, settings.phone.mode.label) — each can take a different Portuguese word, so choose the one that fits THIS screen."
"5","phone.mode.auto.title","AUTO — sideband by band (now {{sideband}}); a band change re-asserts this","","{{sideband}}",""
"5","phone.mode.force.title","Force {{mode}} until you change bands","","{{mode}}",""
"5","phone.mode.failed","Could not set mode","","",""
"5","phone.header.power.label","Power","","","Short label on: Phone (SSB) cockpit. The same English text ""Power"" is used by 5 different keys (e.g. rtty.header.power.label, psk.header.power.label, sstv.header.power.label) — each can take a different Portuguese word, so choose the one that fits THIS screen."
"5","phone.header.power.title","RF output power","","RF",""
"5","phone.micDax.label","mic off (DAX)","","DAX",""
"5","phone.micDax.title","Flex native DAX audio is on, so the radio takes transmit audio from DAX and your microphone is disconnected — on every slice and in every program, SmartSDR included. Turn OFF Flex native DAX audio in Settings ▸ Radio ▸ Rig & CAT to use the mic.","","SmartSDR | CAT | DAX",""
"5","phone.rigMismatch.chip","rig: {{mode}}","","{{mode}}","Short label on: Phone (SSB) cockpit. The same English text ""rig: {{mode}}"" is used by 3 different keys (e.g. operate.strip.rigDiverge.label, topbar.rigMode.chip) — each can take a different Portuguese word, so choose the one that fits THIS screen."
"5","phone.rigMismatch.title","Your rig is on {{rigMode}}, but Phone is set to {{mode}}. Logging and TX use {{mode}} — turn the rig's mode knob (or re-pick the band) to match.","","{{rigMode}} | {{mode}} | TX",""
"5","phone.split.on.title","Split ON — TX {{freq}} MHz. Click for simplex.","","{{freq}} | MHz | TX",""
"5","phone.split.off.title","Work split — TX off your RX frequency (e.g. up 5)","","RX | TX",""
"5","phone.split.lower.title","TX {{step}} kHz lower","","{{step}} | kHz | TX",""
"5","phone.split.higher.title","TX {{step}} kHz higher","","{{step}} | kHz | TX",""
"5","phone.split.offset.title","TX offset from your RX dial (kHz)","","kHz | RX | TX",""
"5","phone.split.setFailed","Could not set split","","",""
"5","phone.split.clearFailed","Could not clear split","","",""
"5","phone.noCat.label","⚠ no rig control","","",""
"5","phone.noCat.title","No CAT link — set a rigctld/CAT rig in Settings so the app can switch the mode and follow the dial. On VOX/RTS-DTR PTT the rig has no command channel.","","rigctld | CAT | PTT | VOX | VOX/RTS",""
"5","phone.mic.label","Mic","","","One-word control on: Phone (SSB) cockpit. Out of context this could be a noun or a verb — open that screen (or read the key name) before choosing the Portuguese word."
"5","phone.mic.aria","Mic gain","","",""
"5","phone.mic.title","Microphone gain — raise it until SSB peaks tickle the ALC zone","","ALC | SSB",""
"5","phone.filter.title","RX filter / passband width (CAT)","","CAT | RX",""
"5","phone.filter.narrower.title","Narrower (−{{step}} Hz)","","{{step}} | Hz","Short label on: Phone (SSB) cockpit. The same English text ""Narrower (−{{step}} Hz)"" is used by 2 different keys (e.g. cw.filter.narrower.title) — each can take a different Portuguese word, so choose the one that fits THIS screen."
"5","phone.filter.wider.title","Wider (+{{step}} Hz)","","{{step}} | Hz","Short label on: Phone (SSB) cockpit. The same English text ""Wider (+{{step}} Hz)"" is used by 2 different keys (e.g. cw.filter.wider.title) — each can take a different Portuguese word, so choose the one that fits THIS screen."
"5","phone.filter.failed","Could not set filter width","","",""
"5","phone.record.start.aria","Record QSO audio","","QSO","Short label on: Phone (SSB) cockpit. The same English text ""Record QSO audio"" is used by 3 different keys (e.g. operate.header.record.start.aria, cw.record.start.aria) — each can take a different Portuguese word, so choose the one that fits THIS screen."
"5","phone.record.stop.aria","Stop recording this QSO","","QSO","Short label on: Phone (SSB) cockpit. The same English text ""Stop recording this QSO"" is used by 3 different keys (e.g. operate.header.record.stop.aria, cw.record.stop.aria) — each can take a different Portuguese word, so choose the one that fits THIS screen."
"5","phone.record.off.title","Record the received audio to a WAV in the recordings folder","","WAV",""
"5","phone.record.on.title","Recording — click to stop recording this QSO","","QSO",""
"5","phone.record.startFailed","Could not start recording","","","Short label on: Phone (SSB) cockpit. The same English text ""Could not start recording"" is used by 4 different keys (e.g. operate.header.record.startFailed, cw.record.startFailed, phone.keyer.recordFailed) — each can take a different Portuguese word, so choose the one that fits THIS screen."
"5","phone.record.stopFailed","Could not stop recording","","","Short label on: Phone (SSB) cockpit. The same English text ""Could not stop recording"" is used by 3 different keys (e.g. operate.header.record.stopFailed, cw.record.stopFailed) — each can take a different Portuguese word, so choose the one that fits THIS screen."
"5","phone.rxMeter.label","RX audio level","","RX","Short label on: Phone (SSB) cockpit. The same English text ""RX audio level"" is used by 3 different keys (e.g. settings.audio.rxLevel.meter, topbar.rxLevel.label) — each can take a different Portuguese word, so choose the one that fits THIS screen."
"5","phone.tx.locked","TX locked — this frequency/mode is outside your license privileges","","TX",""
"5","phone.tx.turnedBackOn","TX was off — turned it back on. Press PTT again to talk.","","PTT | TX",""
"5","phone.scope.tuneHint","Scroll here to tune the VFO","","VFO",""
"5","phone.scope.nativeRf.label","RF Panadapter","","RF","Short label on: Phone (SSB) cockpit. The same English text ""RF Panadapter"" is used by 2 different keys (e.g. cw.scope.nativeRf.label) — each can take a different Portuguese word, so choose the one that fits THIS screen."
"5","phone.scope.nativeRf.title","Native RF panadapter — the real RF spectrum around your dial, not the demodulated audio passband.","","RF",""
"5","phone.scope.audio.label","Passband","","","Short label on: Phone (SSB) cockpit. The same English text ""Passband"" is used by 2 different keys (e.g. sat.passband.head) — each can take a different Portuguese word, so choose the one that fits THIS screen."
"5","phone.scope.audio.title","Receiver AUDIO spectrum on your rig’s axis: the centre line is your dial, and the passband sits on the side your sideband is on (USB above, LSB below) — the other half is quiet because an SSB receiver only hears one side. Not a band-wide RF panadapter, so a voice fills the passband rather than sliding across it as you tune.","","LSB | SSB | USB | RF",""
"5","phone.scope.audio.sub","RX audio","","RX",""
"5","phone.scope.splitter.label","scope height","","","Short label on: Phone (SSB) cockpit. The same English text ""scope height"" is used by 2 different keys (e.g. cw.scope.splitter.label) — each can take a different Portuguese word, so choose the one that fits THIS screen."
"5","phone.scope.span.aria","Bandscope span","","",""
"5","phone.span.auto.label","Auto","","","Short label on: Phone (SSB) cockpit. The same English text ""Auto"" is used by 4 different keys (e.g. program.radius.auto.label, cw.rxDsp.agc.auto, phone.rxDsp.agc.auto) — each can take a different Portuguese word, so choose the one that fits THIS screen."
"5","phone.span.auto.title","Follows the radio's filter — the scope shows what the rig can pass","","",""
"5","phone.span.full.label","Full","","","Short label on: Phone (SSB) cockpit. The same English text ""Full"" is used by 3 different keys (e.g. cw.rfZoom.full.label, phone.rfZoom.full.label) — each can take a different Portuguese word, so choose the one that fits THIS screen."
"5","phone.span.full.title","The whole captured passband — {{khz}} kHz of sideband from your dial","","{{khz}} | kHz",""
"5","phone.span.voice.label","Voice","","","One-word control on: Phone (SSB) cockpit. Out of context this could be a noun or a verb — open that screen (or read the key name) before choosing the Portuguese word."
"5","phone.span.voice.title","Voice energy — {{khz}} kHz of sideband from your dial","","{{khz}} | kHz",""
"5","phone.span.zoom.title","Zoomed — {{khz}} kHz of sideband from your dial","","{{khz}} | kHz",""
"5","phone.span.tight.title","Tight — {{hz}} Hz of sideband from your dial, for fine tuning","","{{hz}} | Hz",""
"5","phone.rfZoom.aria","Panadapter zoom","","","Short label on: Phone (SSB) cockpit. The same English text ""Panadapter zoom"" is used by 2 different keys (e.g. cw.rfZoom.aria) — each can take a different Portuguese word, so choose the one that fits THIS screen."
"5","phone.rfZoom.full.label","Full","","","Short label on: Phone (SSB) cockpit. The same English text ""Full"" is used by 3 different keys (e.g. cw.rfZoom.full.label, phone.span.full.label) — each can take a different Portuguese word, so choose the one that fits THIS screen."
"5","phone.rfZoom.full.title","The rig's whole scope sweep (set the width on the radio)","","",""
"5","phone.rfZoom.span.title","±{{khz}} kHz around your dial","","{{khz}} | kHz",""
"5","phone.rigScope.aria","Rig scope control","","","Short label on: Phone (SSB) cockpit. The same English text ""Rig scope control"" is used by 2 different keys (e.g. cw.rigScope.aria) — each can take a different Portuguese word, so choose the one that fits THIS screen."
"5","phone.rigScope.label","Rig scope","","","Short label on: Phone (SSB) cockpit. The same English text ""Rig scope"" is used by 2 different keys (e.g. cw.rigScope.label) — each can take a different Portuguese word, so choose the one that fits THIS screen."
"5","phone.rigScope.title","These command the radio's own scope, not just the on-screen zoom","","",""
"5","phone.rigScope.span.title","Set the radio's scope span to {{span}}","","{{span}}",""
"5","phone.rigScope.ref.title","Scope reference level — lower to lift weak signals out of the noise","","",""
"5","phone.rigScope.ref.aria","Scope reference level (dB)","","dB","Short label on: Phone (SSB) cockpit. The same English text ""Scope reference level (dB)"" is used by 2 different keys (e.g. cw.rigScope.ref.aria) — each can take a different Portuguese word, so choose the one that fits THIS screen."
"5","phone.flexPan.aria","Flex panadapter control","","","Short label on: Phone (SSB) cockpit. The same English text ""Flex panadapter control"" is used by 2 different keys (e.g. cw.flexPan.aria) — each can take a different Portuguese word, so choose the one that fits THIS screen."
"5","phone.flexPan.label","Flex pan","","","Short label on: Phone (SSB) cockpit. The same English text ""Flex pan"" is used by 2 different keys (e.g. cw.flexPan.label) — each can take a different Portuguese word, so choose the one that fits THIS screen."
"5","phone.flexPan.title","These command the FlexRadio's real SmartSDR panadapter, not just the on-screen zoom","","FlexRadio | SmartSDR",""
"5","phone.flexPan.span.title","Set the Flex panadapter bandwidth to {{span}}","","{{span}}",""
"5","phone.flexPan.ref.title","Panadapter reference level (dBm) — lower to lift weak signals out of the noise","","dBm",""
"5","phone.flexPan.ref.aria","Flex panadapter reference level (dBm)","","dBm",""
"5","phone.scope.ref.label","Ref","","","Short label on: Phone (SSB) cockpit. The same English text ""Ref"" is used by 2 different keys (e.g. cw.scope.ref.label) — each can take a different Portuguese word, so choose the one that fits THIS screen."
"5","phone.dsp.aria","Rig DSP functions","","DSP","Short label on: Phone (SSB) cockpit. The same English text ""Rig DSP functions"" is used by 2 different keys (e.g. cw.dsp.aria) — each can take a different Portuguese word, so choose the one that fits THIS screen."
"5","phone.dsp.nb.title","Noise Blanker — kills impulse/ignition noise (RX)","","RX",""
"5","phone.dsp.nr.title","Noise Reduction — pulls voice out of broadband hiss (RX, DSP)","","DSP | RX",""
"5","phone.dsp.notch.title","Auto-Notch (ANF) — nulls carriers/heterodynes (RX, DSP)","","DSP | RX",""
"5","phone.dsp.comp.title","Speech Compressor — more average talk power (TX)","","TX",""
"5","phone.dsp.manualNotch.title","Manual notch — the one you place yourself on a whistle, using the notch frequency slider. Distinct from Notch, which hunts a carrier automatically.","","",""
"5","phone.dsp.vox.title","Voice-Operated Transmit — hands-free keying (TX)","","TX",""
"5","phone.dsp.toggleFailed","Could not toggle {{func}}","","{{func}}","Short label on: Phone (SSB) cockpit. The same English text ""Could not toggle {{func}}"" is used by 2 different keys (e.g. cw.dsp.toggleFailed) — each can take a different Portuguese word, so choose the one that fits THIS screen."
"5","phone.rxDsp.aria","RX DSP levels","","DSP | RX","Short label on: Phone (SSB) cockpit. The same English text ""RX DSP levels"" is used by 3 different keys (e.g. cw.rxDsp.aria, phone.pane.dspLevels.title) — each can take a different Portuguese word, so choose the one that fits THIS screen."
"5","phone.rxDsp.nr.title","Noise-reduction depth — raise until the noise floor drops, back off if audio gets watery","","",""
"5","phone.rxDsp.nr.aria","Noise-reduction level","","","Short label on: Phone (SSB) cockpit. The same English text ""Noise-reduction level"" is used by 2 different keys (e.g. cw.rxDsp.nr.aria) — each can take a different Portuguese word, so choose the one that fits THIS screen."
"5","phone.rxDsp.comp.title","Speech processor depth — how hard the compressor works. Raise it for punch on a weak path; too much sounds harsh and splatters.","","",""
"5","phone.rxDsp.comp.aria","Speech processor depth","","",""
"5","phone.rxDsp.notchFreq.title","Manual notch frequency — slide it onto the whistle you want gone. This is the notch you place yourself, not the automatic one.","","",""
"5","phone.rxDsp.notchFreq.aria","Manual notch frequency in hertz","","",""
"5","phone.rxDsp.agc.aria","AGC speed","","AGC","Short label on: Phone (SSB) cockpit. The same English text ""AGC speed"" is used by 2 different keys (e.g. cw.rxDsp.agc.aria) — each can take a different Portuguese word, so choose the one that fits THIS screen."
"5","phone.rxDsp.agc.title","AGC time constant","","AGC",""
"5","phone.rxDsp.agc.auto","Auto","","","Short label on: Phone (SSB) cockpit. The same English text ""Auto"" is used by 4 different keys (e.g. program.radius.auto.label, cw.rxDsp.agc.auto, phone.span.auto.label) — each can take a different Portuguese word, so choose the one that fits THIS screen."
"5","phone.rxDsp.agc.fast","Fast","","","Short label on: Phone (SSB) cockpit. The same English text ""Fast"" is used by 4 different keys (e.g. settings.digital.decodeDepth.fast, operate.header.decodeDepth.fast, cw.rxDsp.agc.fast) — each can take a different Portuguese word, so choose the one that fits THIS screen."
"5","phone.rxDsp.agc.mid","Mid","","","Short label on: Phone (SSB) cockpit. The same English text ""Mid"" is used by 2 different keys (e.g. cw.rxDsp.agc.mid) — each can take a different Portuguese word, so choose the one that fits THIS screen."
"5","phone.rxDsp.agc.slow","Slow","","","Short label on: Phone (SSB) cockpit. The same English text ""Slow"" is used by 2 different keys (e.g. cw.rxDsp.agc.slow) — each can take a different Portuguese word, so choose the one that fits THIS screen."
"5","phone.rxDsp.agc.off","Off","","","Short label on: Phone (SSB) cockpit. The same English text ""Off"" is used by 8 different keys (e.g. roam.status.off, settings.alerts.scope.off, settings.digital.dxpedition.off) — each can take a different Portuguese word, so choose the one that fits THIS screen."
"5","phone.keyer.hint","click or press F1–F6 to send · Esc stops","","F1 | F6",""
"5","phone.keyer.hint.mac","click or press Fn+F1–F6 to send · Esc stops","","F1 | F6",""
"5","phone.keyer.fd.hint","Field Day: record a slot with your exchange <b>“{{exchange}}”</b> for one-key sends.","","{{exchange}} | <b> | Field Day",""
"5","phone.keyer.slot.play.title","Play F{{slot}} ({{label}})","","{{slot}} | {{label}}",""
"5","phone.keyer.slot.record.title","Record F{{slot}}. Records from your INPUT DEVICE — often the rig's RX audio, not a mic. If it is, record the message elsewhere and use Import (⤓).","","{{slot}} | RX",""
"5","phone.keyer.slot.unnamed","Slot {{slot}}","","{{slot}}",""
"5","phone.keyer.slot.state.record","record","","","One-word control on: Phone (SSB) cockpit. Out of context this could be a noun or a verb — open that screen (or read the key name) before choosing the Portuguese word."
"5","phone.keyer.import.title","Import a .wav file","","",""
"5","phone.keyer.clear.title","Clear this recording","","",""
"5","phone.keyer.empty","F{{slot}} has no recording yet — record or import one","","{{slot}}",""
"5","phone.keyer.busyRecording","Finish the recording first","","",""
"5","phone.keyer.releasePtt","Release PTT before sending a voice message","","PTT",""
"5","phone.keyer.txOff","TX is off — click PTT once to turn it back on, then play the message","","PTT | TX",""
"5","phone.keyer.playFailed","Could not play F{{slot}}","","{{slot}}",""
"5","phone.keyer.recordFailed","Could not start recording","","","Short label on: Phone (SSB) cockpit. The same English text ""Could not start recording"" is used by 4 different keys (e.g. operate.header.record.startFailed, cw.record.startFailed, phone.record.startFailed) — each can take a different Portuguese word, so choose the one that fits THIS screen."
"5","phone.keyer.saveFailed","Could not save recording","","",""
"5","phone.keyer.saved","Saved F{{slot}} ({{label}})","","{{slot}} | {{label}}",""
"5","phone.keyer.importFailed","Could not import the WAV","","WAV",""
"5","phone.keyer.imported","Imported F{{slot}} ({{label}})","","{{slot}} | {{label}}",""
"5","phone.keyer.clearFailed","Could not clear the slot","","",""
"5","phone.keyer.hide.stoppedOver","F{{slot}} was on the air — the voice keyer closed and stopped it","","{{slot}}",""
"5","phone.keyer.hide.discarded","Recording for F{{slot}} discarded — the voice keyer closed","","{{slot}}",""
"5","phone.keyer.hide.recorderStuck","Could not stop the recorder for F{{slot}} — it may still be running. Reopen the voice keyer.","","{{slot}}",""
"5","cw.panel.scope","Scope","","","Short label on: CW cockpit. The same English text ""Scope"" is used by 2 different keys (e.g. phone.panel.scope) — each can take a different Portuguese word, so choose the one that fits THIS screen."
"5","cw.panel.scopeCtl","Scope Controls","","",""
"5","cw.panel.dsp","DSP Toggles","","DSP",""
"5","cw.panel.txmeters","TX Meters","","TX","Short label on: CW cockpit. The same English text ""TX Meters"" is used by 3 different keys (e.g. operate.panel.txmeters, phone.panel.txmeters) — each can take a different Portuguese word, so choose the one that fits THIS screen."
"5","cw.panel.rxdsp","RX DSP Levels","","DSP | RX","Short label on: CW cockpit. The same English text ""RX DSP Levels"" is used by 2 different keys (e.g. phone.panel.dspLevels) — each can take a different Portuguese word, so choose the one that fits THIS screen."
"5","cw.panel.bandActivity","Band Activity","","","Short label on: CW cockpit. The same English text ""Band Activity"" is used by 4 different keys (e.g. operate.panel.bandActivity, operate.decodes.title, phone.panel.bandActivity) — each can take a different Portuguese word, so choose the one that fits THIS screen."
"5","cw.panel.copilot","CW Copilot","","CW",""
"5","cw.panel.decode","CW Decode","","CW",""
"5","cw.panel.sent","Sent Echo","","",""
"5","cw.pane.decode.title","Decode","","","Short label on: CW cockpit. The same English text ""Decode"" is used by 2 different keys (e.g. operate.header.decode.label) — each can take a different Portuguese word, so choose the one that fits THIS screen."
"5","cw.pane.sent.title","Sent","","","Short label on: CW cockpit. The same English text ""Sent"" is used by 4 different keys (e.g. logbook.column.sent, logEntry.rstSent.label, tempo.bubble.sent) — each can take a different Portuguese word, so choose the one that fits THIS screen."
"5","cw.pane.rigctl.title","Rig controls","","",""
"5","cw.pane.bandActivity.title","Band activity","","","Short label on: CW cockpit. The same English text ""Band activity"" is used by 4 different keys (e.g. prop.bands.aria, phone.pane.bandActivity.title, nowbar.band.title.plain) — each can take a different Portuguese word, so choose the one that fits THIS screen."
"5","cw.pane.copilot.title","Copilot","","","One-word control on: CW cockpit. Out of context this could be a noun or a verb — open that screen (or read the key name) before choosing the Portuguese word."
"5","cw.pane.log.title","Log","","","Short label on: CW cockpit. The same English text ""Log"" is used by 7 different keys (e.g. logbook.form.log, logEntry.log, operate.strip.log.label) — each can take a different Portuguese word, so choose the one that fits THIS screen."
"5","cw.header.mode.title","The rig is set to CW while you're in this section","","CW",""
"5","cw.wpm.label","Speed","","","One-word control on: CW cockpit. Out of context this could be a noun or a verb — open that screen (or read the key name) before choosing the Portuguese word."
"5","cw.wpm.aria","CW keyer speed (WPM)","","WPM | CW",""
"5","cw.wpm.title","Keyer speed — PgUp/PgDn to nudge (Shift = ±4)","","",""
"5","cw.wpm.title.mac","Keyer speed — PgUp/PgDn to nudge (Shift = ±4) · on a Mac: Fn+↑/Fn+↓","","",""
"5","cw.keyer.label","Keyer","","","Short label on: CW cockpit. The same English text ""Keyer"" is used by 2 different keys (e.g. settings.cw.keyer.title) — each can take a different Portuguese word, so choose the one that fits THIS screen."
"5","cw.keyer.aria","CW keyer back-end","","CW",""
"5","cw.keyer.serial.label","Serial","","","One-word control on: CW cockpit. Out of context this could be a noun or a verb — open that screen (or read the key name) before choosing the Portuguese word."
"5","cw.keyer.soundcard.label","Soundcard","","","One-word control on: CW cockpit. Out of context this could be a noun or a verb — open that screen (or read the key name) before choosing the Portuguese word."
"5","cw.keyer.cat.title","CAT keyer — the rig generates CW (rig in CW). Zero extra hardware.","","CAT | CW",""
"5","cw.keyer.serial.title","Serial keyline — Nexus toggles DTR/RTS into the rig's KEY jack (rig in CW, rig shapes the signal). The clean N1MM/fldigi method for rigs without CAT CW. Set the keyline port + line in Settings ▸ CW.","","fldigi | Nexus | N1MM | CAT | CW | DTR/RTS",""
"5","cw.keyer.winkeyer.title","K1EL WinKeyer — hardware keyer over serial (rig in CW). Set its port in Settings ▸ CW.","","WinKeyer | K1EL | CW",""
"5","cw.keyer.soundcard.title","Soundcard keyer — a keyed audio tone (this TAKES THE RADIO OUT OF CW, into a data mode like FT8 uses; CW mode returns when you pick another keyer). A workaround: works ONLY if Nexus's audio output is routed to the rig (like FT8) AND PTT works, and you must keep drive below ALC. WinKeyer or the serial keyline are the clean options.","","WinKeyer | Nexus | ALC | FT8 | PTT | CW",""
"5","cw.pitch.label","Pitch","","","One-word control on: CW cockpit. Out of context this could be a noun or a verb — open that screen (or read the key name) before choosing the Portuguese word."
"5","cw.pitch.aria","CW pitch (Hz)","","CW | Hz",""
"5","cw.pitch.title","Sidetone / zero-beat pitch (Hz) — the scope's dashed marker","","Hz",""
"5","cw.macroProfile.label","Macros","","","One-word control on: CW cockpit. Out of context this could be a noun or a verb — open that screen (or read the key name) before choosing the Portuguese word."
"5","cw.macroProfile.aria","CW macro profile","","CW",""
"5","cw.macroProfile.title","CW macro profile — your active F-key set (edit sets in Settings ▸ CW)","","CW",""
"5","cw.macroProfile.unnamed","Profile {{n}}","","{{n}}","Short label on: CW cockpit. The same English text ""Profile {{n}}"" is used by 2 different keys (e.g. settings.cw.macros.profiles.unnamed) — each can take a different Portuguese word, so choose the one that fits THIS screen."
"5","cw.macroProfile.failed","Could not switch macro profile","","",""
"5","cw.filter.title","RX filter / passband width (CAT) — narrow to dig CW out of QRM","","CAT | QRM | CW | RX",""
"5","cw.filter.narrower.title","Narrower (−{{step}} Hz)","","{{step}} | Hz","Short label on: CW cockpit. The same English text ""Narrower (−{{step}} Hz)"" is used by 2 different keys (e.g. phone.filter.narrower.title) — each can take a different Portuguese word, so choose the one that fits THIS screen."
"5","cw.filter.wider.title","Wider (+{{step}} Hz)","","{{step}} | Hz","Short label on: CW cockpit. The same English text ""Wider (+{{step}} Hz)"" is used by 2 different keys (e.g. phone.filter.wider.title) — each can take a different Portuguese word, so choose the one that fits THIS screen."
"5","cw.filter.failed","Could not set filter width","","",""
"5","cw.rotator.pointed","Rotator → {{call}}: {{bearing}}°","","{{call}} | {{bearing}}",""
"5","cw.rotator.failed","Rotator: {{error}}","","{{error}}","Short label on: CW cockpit. The same English text ""Rotator: {{error}}"" is used by 3 different keys (e.g. operate.rotor.failed, rotor.pane.slew.failed) — each can take a different Portuguese word, so choose the one that fits THIS screen."
"5","cw.record.start.aria","Record QSO audio","","QSO","Short label on: CW cockpit. The same English text ""Record QSO audio"" is used by 3 different keys (e.g. operate.header.record.start.aria, phone.record.start.aria) — each can take a different Portuguese word, so choose the one that fits THIS screen."
"5","cw.record.stop.aria","Stop recording this QSO","","QSO","Short label on: CW cockpit. The same English text ""Stop recording this QSO"" is used by 3 different keys (e.g. operate.header.record.stop.aria, phone.record.stop.aria) — each can take a different Portuguese word, so choose the one that fits THIS screen."
"5","cw.record.off.title","Record the received audio to a WAV in the recordings folder","","WAV",""
"5","cw.record.on.title","Recording — click to stop recording this QSO","","QSO",""
"5","cw.record.startFailed","Could not start recording","","","Short label on: CW cockpit. The same English text ""Could not start recording"" is used by 4 different keys (e.g. operate.header.record.startFailed, phone.record.startFailed, phone.keyer.recordFailed) — each can take a different Portuguese word, so choose the one that fits THIS screen."
"5","cw.record.stopFailed","Could not stop recording","","","Short label on: CW cockpit. The same English text ""Could not stop recording"" is used by 3 different keys (e.g. operate.header.record.stopFailed, phone.record.stopFailed) — each can take a different Portuguese word, so choose the one that fits THIS screen."
"5","cw.scope.tuneHint","Scroll here to tune the VFO","","VFO",""
"5","cw.scope.nativeRf.label","RF Panadapter","","RF","Short label on: CW cockpit. The same English text ""RF Panadapter"" is used by 2 different keys (e.g. phone.scope.nativeRf.label) — each can take a different Portuguese word, so choose the one that fits THIS screen."
"5","cw.scope.nativeRf.title","Native RF panadapter — the real RF spectrum around your dial.","","RF",""
"5","cw.scope.audio.label","CW audio","","CW",""
"5","cw.zeroBeat.label","Zero beat","","",""
"5","cw.zeroBeat.aria","Zero-beat tuning indicator","","",""
"5","cw.zeroBeat.none","no signal","","",""
"5","cw.zeroBeat.locked","ON PITCH","","",""
"5","cw.zeroBeat.title","Where the received tone sits against your CW pitch. The light comes on within {{tol}} Hz. Tune until the needle centres — it runs the same way as the scope below it. Display only: it never moves your radio.","","{{tol}} | CW | Hz",""
"5","cw.scope.audio.title","Receiver AUDIO centered on your CW pitch ({{lo}}–{{hi}} Hz) — tune a signal onto the dashed hairline, mid-screen, to zero-beat it.","","{{lo}} | {{hi}} | CW | Hz",""
"5","cw.scope.audio.sub","zero-beat","","","One-word control on: CW cockpit. Out of context this could be a noun or a verb — open that screen (or read the key name) before choosing the Portuguese word."
"5","cw.scope.colors.label","Colors","","","One-word control on: CW cockpit. Out of context this could be a noun or a verb — open that screen (or read the key name) before choosing the Portuguese word."
"5","cw.scope.splitter.label","scope height","","","Short label on: CW cockpit. The same English text ""scope height"" is used by 2 different keys (e.g. phone.scope.splitter.label) — each can take a different Portuguese word, so choose the one that fits THIS screen."
"5","cw.rfZoom.aria","Panadapter zoom","","","Short label on: CW cockpit. The same English text ""Panadapter zoom"" is used by 2 different keys (e.g. phone.rfZoom.aria) — each can take a different Portuguese word, so choose the one that fits THIS screen."
"5","cw.rfZoom.full.label","Full","","","Short label on: CW cockpit. The same English text ""Full"" is used by 3 different keys (e.g. phone.span.full.label, phone.rfZoom.full.label) — each can take a different Portuguese word, so choose the one that fits THIS screen."
"5","cw.rfZoom.full.title","The rig's whole scope sweep (set the width on the radio)","","",""
"5","cw.rfZoom.span.title","±{{khz}} kHz around your dial","","{{khz}} | kHz",""
"5","cw.rigScope.aria","Rig scope control","","","Short label on: CW cockpit. The same English text ""Rig scope control"" is used by 2 different keys (e.g. phone.rigScope.aria) — each can take a different Portuguese word, so choose the one that fits THIS screen."
"5","cw.rigScope.label","Rig scope","","","Short label on: CW cockpit. The same English text ""Rig scope"" is used by 2 different keys (e.g. phone.rigScope.label) — each can take a different Portuguese word, so choose the one that fits THIS screen."
"5","cw.rigScope.title","These command the radio's own scope, not just the on-screen zoom","","",""
"5","cw.rigScope.span.title","Set the radio's scope span to {{span}}","","{{span}}",""
"5","cw.rigScope.ref.title","Scope reference level — lower to lift weak signals out of the noise","","",""
"5","cw.rigScope.ref.aria","Scope reference level (dB)","","dB","Short label on: CW cockpit. The same English text ""Scope reference level (dB)"" is used by 2 different keys (e.g. phone.rigScope.ref.aria) — each can take a different Portuguese word, so choose the one that fits THIS screen."
"5","cw.flexPan.aria","Flex panadapter control","","","Short label on: CW cockpit. The same English text ""Flex panadapter control"" is used by 2 different keys (e.g. phone.flexPan.aria) — each can take a different Portuguese word, so choose the one that fits THIS screen."
"5","cw.flexPan.label","Flex pan","","","Short label on: CW cockpit. The same English text ""Flex pan"" is used by 2 different keys (e.g. phone.flexPan.label) — each can take a different Portuguese word, so choose the one that fits THIS screen."
"5","cw.flexPan.title","These command the FlexRadio's real SmartSDR panadapter, not just the on-screen zoom","","FlexRadio | SmartSDR",""
"5","cw.flexPan.span.title","Set the Flex panadapter bandwidth to {{span}}","","{{span}}",""
"5","cw.flexPan.ref.title","Panadapter reference level (dBm) — lower to lift weak signals out of the noise","","dBm",""
"5","cw.flexPan.ref.aria","Flex panadapter reference level (dBm)","","dBm",""
"5","cw.scope.ref.label","Ref","","","Short label on: CW cockpit. The same English text ""Ref"" is used by 2 different keys (e.g. phone.scope.ref.label) — each can take a different Portuguese word, so choose the one that fits THIS screen."
"5","cw.dsp.aria","Rig DSP functions","","DSP","Short label on: CW cockpit. The same English text ""Rig DSP functions"" is used by 2 different keys (e.g. phone.dsp.aria) — each can take a different Portuguese word, so choose the one that fits THIS screen."
"5","cw.dsp.nb.title","Noise Blanker — kills impulse/ignition noise (RX)","","RX",""
"5","cw.dsp.nr.title","Noise Reduction — pulls a tone out of broadband hiss (RX, DSP)","","DSP | RX",""
"5","cw.dsp.notch.title","Auto-Notch (ANF) — nulls a competing carrier (RX, DSP)","","DSP | RX",""
"5","cw.dsp.toggleFailed","Could not toggle {{func}}","","{{func}}","Short label on: CW cockpit. The same English text ""Could not toggle {{func}}"" is used by 2 different keys (e.g. phone.dsp.toggleFailed) — each can take a different Portuguese word, so choose the one that fits THIS screen."
"5","cw.rxDsp.aria","RX DSP levels","","DSP | RX","Short label on: CW cockpit. The same English text ""RX DSP levels"" is used by 3 different keys (e.g. phone.pane.dspLevels.title, phone.rxDsp.aria) — each can take a different Portuguese word, so choose the one that fits THIS screen."
"5","cw.rxDsp.nr.title","Noise-reduction depth — raise until the noise floor drops, back off if the tone gets watery","","",""
"5","cw.rxDsp.nr.aria","Noise-reduction level","","","Short label on: CW cockpit. The same English text ""Noise-reduction level"" is used by 2 different keys (e.g. phone.rxDsp.nr.aria) — each can take a different Portuguese word, so choose the one that fits THIS screen."
"5","cw.rxDsp.agc.aria","AGC speed","","AGC","Short label on: CW cockpit. The same English text ""AGC speed"" is used by 2 different keys (e.g. phone.rxDsp.agc.aria) — each can take a different Portuguese word, so choose the one that fits THIS screen."
"5","cw.rxDsp.agc.title","AGC time constant — Fast for CW/pileups, Slow for steady copy","","AGC | CW",""
"5","cw.rxDsp.agc.auto","Auto","","","Short label on: CW cockpit. The same English text ""Auto"" is used by 4 different keys (e.g. program.radius.auto.label, phone.span.auto.label, phone.rxDsp.agc.auto) — each can take a different Portuguese word, so choose the one that fits THIS screen."
"5","cw.rxDsp.agc.fast","Fast","","","Short label on: CW cockpit. The same English text ""Fast"" is used by 4 different keys (e.g. settings.digital.decodeDepth.fast, operate.header.decodeDepth.fast, phone.rxDsp.agc.fast) — each can take a different Portuguese word, so choose the one that fits THIS screen."
"5","cw.rxDsp.agc.mid","Mid","","","Short label on: CW cockpit. The same English text ""Mid"" is used by 2 different keys (e.g. phone.rxDsp.agc.mid) — each can take a different Portuguese word, so choose the one that fits THIS screen."
"5","cw.rxDsp.agc.slow","Slow","","","Short label on: CW cockpit. The same English text ""Slow"" is used by 2 different keys (e.g. phone.rxDsp.agc.slow) — each can take a different Portuguese word, so choose the one that fits THIS screen."
"5","cw.rxDsp.agc.off","Off","","","Short label on: CW cockpit. The same English text ""Off"" is used by 8 different keys (e.g. roam.status.off, settings.alerts.scope.off, settings.digital.dxpedition.off) — each can take a different Portuguese word, so choose the one that fits THIS screen."
"5","cw.decode.ai.badge","AI","","","Abbreviation shown on: CW cockpit. Check the screen before expanding or translating it."
"5","cw.decode.ai.on.title","AI decoder on — click for the classic pitch decoder","","",""
"5","cw.decode.ai.off.title","AI decoder off (classic pitch decoder) — click to turn AI on","","",""
"5","cw.decode.clear.label","Clear","","","Short label on: CW cockpit. The same English text ""Clear"" is used by 11 different keys (e.g. logbook.search.clear, logEntry.clear.label, needed.filter.clear.label) — each can take a different Portuguese word, so choose the one that fits THIS screen."
"5","cw.decode.clear.title","Clear the decoded + sent transcript","","",""
"5","cw.decode.title","Live CW decode — the AI (neural-net) decoder reads the whole {{window}} Hz window, far better weak-signal copy than a pitch-tracking decoder. Turn AI off to fall back to the classic decoder.","","{{window}} | CW | Hz",""
"5","cw.decode.log.aria","Decoded CW","","CW",""
"5","cw.decode.listening","listening…","","","Short label on: CW cockpit. The same English text ""listening…"" is used by 2 different keys (e.g. rtty.stream.listening) — each can take a different Portuguese word, so choose the one that fits THIS screen."
"5","cw.sent.title","What you've transmitted (F-key macros expanded to the real text)","","",""
"5","cw.copilot.working.label","Working","","","One-word control on: CW cockpit. Out of context this could be a noun or a verb — open that screen (or read the key name) before choosing the Portuguese word."
"5","cw.copilot.heard.label","Heard","","","One-word control on: CW cockpit. Out of context this could be a noun or a verb — open that screen (or read the key name) before choosing the Portuguese word."
"5","cw.copilot.empty","Decoded calls appear here…","","",""
"5","cw.copilot.worked.title","The station you're working — the F-keys + log use this","","",""
"5","cw.copilot.work.title","Work {{call}} — set it for the F-keys + log","","{{call}}",""
"5","cw.macros.aria","CW macros","","CW",""
"5","cw.macro.call.label","Call","","","Short label on: CW cockpit. The same English text ""Call"" is used by 10 different keys (e.g. logbook.field.call.label, logbook.column.call, logEntry.call.placeholder) — each can take a different Portuguese word, so choose the one that fits THIS screen."
"5","cw.macro.reply.label","Reply","","","Short label on: CW cockpit. The same English text ""Reply"" is used by 2 different keys (e.g. sstv.tx.overlay.reply.label) — each can take a different Portuguese word, so choose the one that fits THIS screen."
"5","cw.macro.exch.label","Exch","","","One-word control on: CW cockpit. Out of context this could be a noun or a verb — open that screen (or read the key name) before choosing the Portuguese word."
"5","cw.macro.myCall.label","My Call","","",""
"5","cw.macro.hisCall.label","His Call","","",""
"5","cw.compose.placeholder","Type CW to send… (Enter)","","CW",""
"5","cw.compose.send.label","Send","","","Short label on: CW cockpit. The same English text ""Send"" is used by 6 different keys (e.g. tempo.composer.send, operate.strip.send.label, rtty.compose.send.label) — each can take a different Portuguese word, so choose the one that fits THIS screen."
"5","cw.send.txLocked","TX locked — this frequency is outside your license privileges","","TX",""
"5","cw.send.failed","CW send failed","","CW",""
"5","tempo.empty.heading","No conversation selected","","",""
"5","tempo.empty.body","Pick a station from the roster, or call CQ to be heard on the band.","","CQ",""
"5","tempo.empty.fdActive","<chip>{{event}}</chip> active — call CQ, then send your exchange from the chat box.","","{{event}} | <chip> | CQ",""
"5","tempo.cq.button","📣 Call CQ","","CQ",""
"5","tempo.cq.onAir","Transmits the standard <b>{{cq}}</b> and arms TX.","","{{cq}} | <b> | TX",""
"5","tempo.heartbeat.launch.on","💓 Heartbeat on","","",""
"5","tempo.heartbeat.launch.off","🤍 Heartbeat off","","",""
"5","tempo.heartbeat.launch.title","Periodically beacon your presence so other Tempo stations can hear you and deliver queued messages — turn off to stay silent","","",""
"5","tempo.heartbeat.chip.on","💓 Heartbeat","","",""
"5","tempo.heartbeat.chip.off","🤍 Heartbeat","","",""
"5","tempo.heartbeat.chip.title","Presence heartbeat — periodically beacon so other Tempo stations can hear you and deliver queued messages","","",""
"5","tempo.band.quickbar.aria","Band broadcasts","","",""
"5","tempo.header.band","Band — open calls","","",""
"5","tempo.header.broadcastAs","You broadcast as DE {{call}}","","{{call}}",""
"5","tempo.header.messages","{{count}} messages","","{{count}}",""
"5","tempo.header.fd.title","Winter Field Day is active — Tempo is a first-class Field Day contact surface","","Field Day",""
"5","tempo.header.fd.working","Working {{call}}","","{{call}}","Short label on: Tempo conversation cockpit. The same English text ""Working {{call}}"" is used by 2 different keys (e.g. operate.roster.calling.title) — each can take a different Portuguese word, so choose the one that fits THIS screen."
"5","tempo.header.fd.running","Running (calling CQ)","","CQ",""
"5","tempo.header.fd.searchPounce","Search & pounce","","",""
"5","tempo.messages.empty","No messages yet — say hello.","","",""
"5","tempo.composer.quickReplies.aria","Quick replies","","",""
"5","tempo.composer.fdExchange.title","Send your Winter Field Day exchange (class + section)","","Field Day",""
"5","tempo.composer.placeholder.broadcast","Broadcast to all (DE {{call}}…)","","{{call}}",""
"5","tempo.composer.placeholder.direct","Message {{peer}}…","","{{peer}}",""
"5","tempo.composer.aria.broadcast","Broadcast to all on frequency","","",""
"5","tempo.composer.aria.direct","Message {{peer}}","","{{peer}}",""
"5","tempo.composer.send","Send","","","Short label on: Tempo conversation cockpit. The same English text ""Send"" is used by 6 different keys (e.g. operate.strip.send.label, rtty.compose.send.label, psk.compose.send.label) — each can take a different Portuguese word, so choose the one that fits THIS screen."
"5","tempo.meter.title::one","{{count}} character · {{frames}}/{{max}} overs. Each over carries up to {{payload}} characters; {{max}} overs max — longer text is trimmed before it sends.","","{{count}} | {{frames}} | {{max}} | {{payload}}","Plural form ""one"" — this key has one row per form (::one = exactly 1, ::other = every other count). Fill both rows separately; never merge them into one sentence."
"5","tempo.meter.title::other","{{count}} characters · {{frames}}/{{max}} overs. Each over carries up to {{payload}} characters; {{max}} overs max — longer text is trimmed before it sends.","","{{count}} | {{frames}} | {{max}} | {{payload}}","Plural form ""other"" — this key has one row per form (::one = exactly 1, ::other = every other count). Fill both rows separately; never merge them into one sentence."
"5","tempo.meter.unit","overs","","","One-word control on: Tempo conversation cockpit. Out of context this could be a noun or a verb — open that screen (or read the key name) before choosing the Portuguese word."
"5","tempo.meter.full","full","","","One-word control on: Tempo conversation cockpit. Out of context this could be a noun or a verb — open that screen (or read the key name) before choosing the Portuguese word."
"5","tempo.bubble.abandoned","Not sent — abandoned on restart. Tap to send it again.","","",""
"5","tempo.bubble.noAck","Sent {{attempts}}× — no acknowledgement. Tap to send it again.","","{{attempts}}",""
"5","tempo.bubble.held","Waiting to send","","",""
"5","tempo.bubble.held.peer","Waiting to send — {{call}} not heard yet","","{{call}}",""
"5","tempo.bubble.sending","Sending — try {{attempt}}","","{{attempt}}",""
"5","tempo.bubble.sent","Sent","","","Short label on: Tempo conversation cockpit. The same English text ""Sent"" is used by 4 different keys (e.g. logbook.column.sent, logEntry.rstSent.label, cw.pane.sent.title) — each can take a different Portuguese word, so choose the one that fits THIS screen."
"5","tempo.bubble.onAir","On air","","",""
"5","tempo.bubble.delivered","Delivered","","","One-word control on: Tempo conversation cockpit. Out of context this could be a noun or a verb — open that screen (or read the key name) before choosing the Portuguese word."
"5","tempo.bubble.confirmed","Confirmed — they answered after this went out","","",""
"5","tempo.bubble.resend.title","Tap to re-send this message","","",""
"5","tempo.bubble.incomplete.title","Only {{got}} of {{total}} parts of this message were received — the rest never arrived","","{{got}} | {{total}}",""
"5","tempo.bubble.incomplete.badge","{{got}} of {{total}} received","","{{got}} | {{total}}",""
"5","tempo.header.tier.aria","Tempo tier","","",""
"5","tempo.header.tier.fast.title","TempoFast — fast conversational tier","","TempoFast",""
"5","tempo.header.tier.deep.title","TempoDeep — robust weak-signal tier (15 s)","","TempoDeep",""
"5","tempo.header.power.label","Pwr","","","Short label on: Tempo conversation cockpit. The same English text ""Pwr"" is used by 2 different keys (e.g. operate.header.power.label) — each can take a different Portuguese word, so choose the one that fits THIS screen."
"5","tempo.header.power.title","TX drive (Pwr) — trim down until your rig's ALC is just zero","","ALC | TX",""
"5","tempo.header.cqRun.aria","CQ run","","CQ",""
"5","tempo.header.cqRun.off","📢 Call CQ","","CQ",""
"5","tempo.header.cqRun.off.title","Start a CQ run — keep calling CQ every idle TX slot until someone answers","","CQ | TX",""
"5","tempo.header.cqRun.paused","CQ paused ✕","","CQ",""
"5","tempo.header.cqRun.paused.title","CQ run paused (you are in a conversation) — click to stop the run","","CQ",""
"5","tempo.header.cqRun.on","📢 Calling CQ… ✕","","CQ",""
"5","tempo.header.cqRun.on.title","Calling CQ every idle TX slot — click to stop","","CQ | TX",""
"5","tempo.header.cqRun.resume","▶ Resume","","",""
"5","tempo.header.cqRun.resume.title","Resume calling CQ now (it auto-resumes after the conversation goes quiet)","","CQ",""
"5","roam.title","Coordinated QSY · Roam","","QSY",""
"5","roam.subtitle","move together off QRM & casual listeners","","QRM",""
"5","roam.disclaimer","<b>Not private — announced in the clear.</b> Coordinated QSY steps you and one other station to a new channel together, with the move sent as plain text (FCC Part 97 forbids encryption / obscured meaning, and your callsign IDs every 10 min). It shakes a <em>casual</em> scanner parked on the old frequency — it does <em>not</em> hide you from anyone with a wideband receiver, who can follow. Use it for anti-QRM and modest obscurity, never for secrecy.","","<b> | <em> | QRM | QSY",""
"5","roam.enable.title","Coordinated QSY","","QSY",""
"5","roam.enable.sub.on","Enabled — separate from your normal Chat/QSO modes.","","QSO",""
"5","roam.enable.sub.off","Off by default.","","",""
"5","roam.enable.on","Enabled","","","One-word control on: Roam panel. Out of context this could be a noun or a verb — open that screen (or read the key name) before choosing the Portuguese word."
"5","roam.enable.off","Enable","","","Short label on: Roam panel. The same English text ""Enable"" is used by 2 different keys (e.g. reveal.enable) — each can take a different Portuguese word, so choose the one that fits THIS screen."
"5","roam.partner.title","Roaming partner","","",""
"5","roam.partner.line","<b>{{partner}}</b> · you are the <b>{{role}}</b>","","{{partner}} | {{role}} | <b>",""
"5","roam.partner.none","Select a station in the roster — you move together with that peer.","","",""
"5","roam.role.unpaired","unpaired","","","One-word control on: Roam panel. Out of context this could be a noun or a verb — open that screen (or read the key name) before choosing the Portuguese word."
"5","roam.channels.legend","Channel set","","",""
"5","roam.channels.hint","The initiator round-robins through these (skipping the current one). Pick at least two. Announced QSY is legal on every band.","","QSY",""
"5","roam.channel.title","{{label}} — {{freq}} MHz {{mode}}","","{{label}} | {{freq}} | {{mode}} | MHz",""
"5","roam.cadence.legend","Hop cadence","","","Short label on: Roam panel. The same English text ""Hop cadence"" is used by 2 different keys (e.g. roam.cadence.aria) — each can take a different Portuguese word, so choose the one that fits THIS screen."
"5","roam.cadence.aria","Hop cadence","","","Short label on: Roam panel. The same English text ""Hop cadence"" is used by 2 different keys (e.g. roam.cadence.legend) — each can take a different Portuguese word, so choose the one that fits THIS screen."
"5","roam.cadence.hint","How often the initiator announces a move. Conservative by default (never per-over) so it reads as a normal QSY.","","QSY",""
"5","roam.cadence.option","{{count}} overs","","{{count}}",""
"5","roam.controls.legend","Controls","","","One-word control on: Roam panel. Out of context this could be a noun or a verb — open that screen (or read the key name) before choosing the Portuguese word."
"5","roam.moveNow.label","Move now","","",""
"5","roam.moveNow.title","Announce a move on your next over (initiator only)","","",""
"5","roam.pause.label","Pause","","","One-word control on: Roam panel. Out of context this could be a noun or a verb — open that screen (or read the key name) before choosing the Portuguese word."
"5","roam.resume.label","Resume","","","One-word control on: Roam panel. Out of context this could be a noun or a verb — open that screen (or read the key name) before choosing the Portuguese word."
"5","roam.pause.title","Hold on the current channel","","",""
"5","roam.stop.label","Stop → home","","",""
"5","roam.stop.title","Stop and return to the home channel","","",""
"5","roam.failed.configure","Could not update QSY set","","QSY",""
"5","roam.failed.enable","Could not toggle coordinated QSY","","QSY",""
"5","roam.failed.moveNow","Could not request a move","","",""
"5","roam.failed.pause","Could not toggle pause","","",""
"5","roam.failed.stop","Could not stop coordinated QSY","","QSY",""
"5","roam.status.off","Off","","","Short label on: Roam panel. The same English text ""Off"" is used by 8 different keys (e.g. settings.alerts.scope.off, settings.digital.dxpedition.off, settings.phone.ctcss.off) — each can take a different Portuguese word, so choose the one that fits THIS screen."
"5","roam.status.paused","Paused · holding {{channel}}","","{{channel}}",""
"5","roam.status.lostSync","Lost sync → returning to {{home}}","","{{home}}",""
"5","roam.status.next","Next: {{channel}}","","{{channel}}",""
"5","roam.status.nextSlot","Next: {{channel}} @ slot {{slot}}","","{{channel}} | {{slot}}",""
"5","roam.status.auto","Auto · on {{channel}} · hopping every {{count}} overs","","{{channel}} | {{count}}",""
"5","roam.status.following","Following {{partner}} · on {{channel}}","","{{partner}} | {{channel}}",""
"5","roam.status.idle","Select a station to roam with","","",""
"5","roam.status.home","home","","","One-word control on: Roam panel. Out of context this could be a noun or a verb — open that screen (or read the key name) before choosing the Portuguese word."
"5","roam.status.partner","partner","","","One-word control on: Roam panel. Out of context this could be a noun or a verb — open that screen (or read the key name) before choosing the Portuguese word."
"5","roam.chip.title","Roam — coordinated QSY: you and your partner move channels together, announced in the clear (never private). Click to enable/disable.","","QSY",""
"5","roam.chip.launch.on","Roam on","","",""
"5","roam.chip.launch.on.status","Roam on · {{status}}","","{{status}}",""
"5","roam.chip.launch.off","Roam off","","",""
"5","roam.chip.label","Roam","","","One-word control on: Roam panel. Out of context this could be a noun or a verb — open that screen (or read the key name) before choosing the Portuguese word."
"5","roam.chip.label.on","Roam · on","","",""
"5","roam.chip.label.status","Roam · {{status}}","","{{status}}",""
"5","roam.chip.settings.label","⚙ Roam settings","","",""
"5","roam.chip.settings.title","Roam settings — channel set, hop cadence, move/pause/stop","","",""
"5","roam.chip.settings.aria","Roam settings","","","Short label on: Roam panel. The same English text ""Roam settings"" is used by 2 different keys (e.g. shell.roam.aria) — each can take a different Portuguese word, so choose the one that fits THIS screen."
"5","rtty.panel.waterfall","Waterfall","","","Short label on: RTTY cockpit. The same English text ""Waterfall"" is used by 5 different keys (e.g. operate.panel.waterfall, psk.panel.waterfall, sstv.panel.waterfall) — each can take a different Portuguese word, so choose the one that fits THIS screen."
"5","rtty.panel.stream","Decoded Text","","","Short label on: RTTY cockpit. The same English text ""Decoded Text"" is used by 2 different keys (e.g. psk.panel.stream) — each can take a different Portuguese word, so choose the one that fits THIS screen."
"5","rtty.header.mode.title","RTTY — Baudot/ITA2 at the configured baud + shift (45.45 / 170 Hz is the HF standard; change it in Settings → RTTY)","","Baudot | RTTY | HF | Hz | 45.45",""
"5","rtty.header.backend.fsk.title","True FSK — data bits on the serial keyline, rig in RTTY mode (its narrow RTTY filters work). Change the backend in Settings → RTTY.","","RTTY | FSK",""
"5","rtty.header.backend.afsk.title","AFSK — soundcard tones through the rig in LSB (soundcard-clocked, the robust default). Change the backend in Settings → RTTY.","","AFSK | RTTY | LSB",""
"5","rtty.header.power.label","Power","","","Short label on: RTTY cockpit. The same English text ""Power"" is used by 5 different keys (e.g. psk.header.power.label, sstv.header.power.label, phone.header.power.label) — each can take a different Portuguese word, so choose the one that fits THIS screen."
"5","rtty.header.power.title","RF output power — RTTY keys the carrier for the whole over, so most rigs want well under their SSB rating","","RTTY | SSB | RF",""
"5","rtty.header.band.title","Showing the rig's current band","","",""
"5","rtty.waterfall.hint","click nets the decoder","","","Short label on: RTTY cockpit. The same English text ""click nets the decoder"" is used by 2 different keys (e.g. psk.waterfall.hint) — each can take a different Portuguese word, so choose the one that fits THIS screen."
"5","rtty.pane.stream.title","Decoded text","","","Short label on: RTTY cockpit. The same English text ""Decoded text"" is used by 2 different keys (e.g. psk.pane.stream.title) — each can take a different Portuguese word, so choose the one that fits THIS screen."
"5","rtty.pane.log.title","Log","","","Short label on: RTTY cockpit. The same English text ""Log"" is used by 7 different keys (e.g. logbook.form.log, logEntry.log, operate.strip.log.label) — each can take a different Portuguese word, so choose the one that fits THIS screen."
"5","rtty.stream.title","Decoded RTTY text — faint characters are low-confidence copy (the demodulator's soft metric)","","RTTY",""
"5","rtty.arm.on.label","RX armed","","RX","Short label on: RTTY cockpit. The same English text ""RX armed"" is used by 2 different keys (e.g. psk.arm.on.label) — each can take a different Portuguese word, so choose the one that fits THIS screen."
"5","rtty.arm.off.label","Arm RX","","RX","Short label on: RTTY cockpit. The same English text ""Arm RX"" is used by 2 different keys (e.g. psk.arm.off.label) — each can take a different Portuguese word, so choose the one that fits THIS screen."
"5","rtty.arm.on.title","RX armed — decoding the receive audio (RX only, never keys the rig). Click to disarm.","","RX",""
"5","rtty.arm.off.title","Arm RX — start decoding RTTY from the receive audio (RX only, never keys the rig)","","RTTY | RX",""
"5","rtty.arm.failed","Could not switch the RTTY decoder","","RTTY",""
"5","rtty.auto.failed","Could not switch the RTTY auto-sequencer","","RTTY",""
"5","rtty.afc.locked.title","AFC locked — acquired the mark/space pair and frozen on it (offset from the nominal tones)","","",""
"5","rtty.afc.title","AFC offset from the nominal mark/space tone pair — locks once a signal is acquired","","",""
"5","rtty.afcReset.label","Re-tune","","","Short label on: RTTY cockpit. The same English text ""Re-tune"" is used by 2 different keys (e.g. aprs.retune.label) — each can take a different Portuguese word, so choose the one that fits THIS screen."
"5","rtty.afcReset.title","Re-acquire AFC — drop and rebuild the demodulator (use when it froze on the wrong signal)","","",""
"5","rtty.clear.label","Clear","","","Short label on: RTTY cockpit. The same English text ""Clear"" is used by 11 different keys (e.g. logbook.search.clear, logEntry.clear.label, needed.filter.clear.label) — each can take a different Portuguese word, so choose the one that fits THIS screen."
"5","rtty.clear.title","Clear the decoded transcript","","","Short label on: RTTY cockpit. The same English text ""Clear the decoded transcript"" is used by 2 different keys (e.g. psk.clear.title) — each can take a different Portuguese word, so choose the one that fits THIS screen."
"5","rtty.stream.listening","listening…","","","Short label on: RTTY cockpit. The same English text ""listening…"" is used by 2 different keys (e.g. cw.decode.listening) — each can take a different Portuguese word, so choose the one that fits THIS screen."
"5","rtty.stream.idle","Arm RX to decode RTTY from the receive audio","","RTTY | RX",""
"5","rtty.seq.aria","RTTY auto-sequencer","","RTTY",""
"5","rtty.seq.callingCq","Calling CQ","","CQ",""
"5","rtty.seq.answering","Answering","","","One-word control on: RTTY cockpit. Out of context this could be a noun or a verb — open that screen (or read the key name) before choosing the Portuguese word."
"5","rtty.seq.exchangeSent","Exchange sent","","",""
"5","rtty.seq.confirmed","Confirmed","","","Short label on: RTTY cockpit. The same English text ""Confirmed"" is used by 3 different keys (e.g. awards.confirmed.label, status.confirmed.label) — each can take a different Portuguese word, so choose the one that fits THIS screen."
"5","rtty.seq.done","Done","","","Short label on: RTTY cockpit. The same English text ""Done"" is used by 2 different keys (e.g. memories.editor.done) — each can take a different Portuguese word, so choose the one that fits THIS screen."
"5","rtty.seq.idle","Idle","","","Short label on: RTTY cockpit. The same English text ""Idle"" is used by 2 different keys (e.g. fieldDay.state.idle) — each can take a different Portuguese word, so choose the one that fits THIS screen."
"5","rtty.autoCq.label","Auto call","","",""
"5","rtty.autoCq.title","Call CQ and auto-run the QSO — the engine keys only after you click, never on its own","","QSO | CQ",""
"5","rtty.autoCq.failed","Auto CQ refused","","CQ",""
"5","rtty.autoAnswer.label","Answer","","","Short label on: RTTY cockpit. The same English text ""Answer"" is used by 4 different keys (e.g. alerts.action.answer, rtty.macro.answer.label, psk.macro.answer.label) — each can take a different Portuguese word, so choose the one that fits THIS screen."
"5","rtty.autoAnswer.title","Answer {{call}} and auto-run the exchange (search & pounce)","","{{call}}",""
"5","rtty.autoAnswer.none.title","No CQ heard yet — Answer lights up when the decoder surfaces one","","CQ",""
"5","rtty.autoAnswer.failed","Auto answer refused","","",""
"5","rtty.macros.aria","RTTY macros","","RTTY",""
"5","rtty.macro.answer.label","Answer","","","Short label on: RTTY cockpit. The same English text ""Answer"" is used by 4 different keys (e.g. alerts.action.answer, rtty.autoAnswer.label, psk.macro.answer.label) — each can take a different Portuguese word, so choose the one that fits THIS screen."
"5","rtty.macro.exchange.label","Exchange","","","Short label on: RTTY cockpit. The same English text ""Exchange"" is used by 2 different keys (e.g. psk.macro.exchange.label) — each can take a different Portuguese word, so choose the one that fits THIS screen."
"5","rtty.hisCall.placeholder","Their call…","","","Short label on: RTTY cockpit. The same English text ""Their call…"" is used by 2 different keys (e.g. psk.hisCall.placeholder) — each can take a different Portuguese word, so choose the one that fits THIS screen."
"5","rtty.hisCall.aria","Worked station callsign (the {CALL} macro token)","","{CALL}","Contains CW macro tokens in SINGLE braces ({NAME}, {RST}...). These are matched literally by the macro expander — copy them exactly, do not translate or reorder them against the words that explain them."
"5","rtty.compose.aria","RTTY compose","","RTTY",""
"5","rtty.compose.placeholder","Type RTTY to send… (Enter)","","RTTY",""
"5","rtty.compose.placeholder.latched","Typing on the air…","","","Short label on: RTTY cockpit. The same English text ""Typing on the air…"" is used by 2 different keys (e.g. psk.compose.placeholder.latched) — each can take a different Portuguese word, so choose the one that fits THIS screen."
"5","rtty.compose.send.label","Send","","","Short label on: RTTY cockpit. The same English text ""Send"" is used by 6 different keys (e.g. tempo.composer.send, operate.strip.send.label, psk.compose.send.label) — each can take a different Portuguese word, so choose the one that fits THIS screen."
"5","rtty.send.noCallsign","Set your callsign in Settings before transmitting","","",""
"5","rtty.send.noTheirCall","Enter their call first (the {CALL} field)","","{CALL}","Contains CW macro tokens in SINGLE braces ({NAME}, {RST}...). These are matched literally by the macro expander — copy them exactly, do not translate or reorder them against the words that explain them."
"5","rtty.send.txLocked","TX locked — this frequency is outside your license privileges","","TX",""
"5","rtty.send.failed","RTTY send failed","","RTTY",""
"5","rtty.latch.failed","Continuous TX refused","","TX","Short label on: RTTY cockpit. The same English text ""Continuous TX refused"" is used by 2 different keys (e.g. psk.latch.failed) — each can take a different Portuguese word, so choose the one that fits THIS screen."
"5","rtty.type.failed","RTTY typing refused","","RTTY",""
"5","psk.panel.waterfall","Waterfall","","","Short label on: PSK31 cockpit. The same English text ""Waterfall"" is used by 5 different keys (e.g. operate.panel.waterfall, rtty.panel.waterfall, sstv.panel.waterfall) — each can take a different Portuguese word, so choose the one that fits THIS screen."
"5","psk.panel.stream","Decoded Text","","","Short label on: PSK31 cockpit. The same English text ""Decoded Text"" is used by 2 different keys (e.g. rtty.panel.stream) — each can take a different Portuguese word, so choose the one that fits THIS screen."
"5","psk.header.mode.aria","PSK sub-mode","","PSK",""
"5","psk.header.power.label","Power","","","Short label on: PSK31 cockpit. The same English text ""Power"" is used by 5 different keys (e.g. rtty.header.power.label, sstv.header.power.label, phone.header.power.label) — each can take a different Portuguese word, so choose the one that fits THIS screen."
"5","psk.header.power.title","RF output power — key Tune and wind it back until the ALC stops moving; overdriven PSK splatters","","ALC | PSK | RF",""
"5","psk.mode.failed","PSK mode switch refused","","PSK",""
"5","psk.rev.on.label","Rev on","","",""
"5","psk.rev.off.label","Rev off","","",""
"5","psk.rev.on.title","Reversed polarity (LSB) — decoding and transmitting with the ±90° phase shifts mirrored. Click for normal (USB, the standard).","","LSB | USB",""
"5","psk.rev.off.title","Normal polarity (USB, the standard). Click if a QPSK31 station warbles but prints garbage — an LSB station’s phase shifts are mirrored.","","QPSK31 | LSB | USB",""
"5","psk.header.band.title","Showing the rig's current band","","",""
"5","psk.waterfall.hint","click nets the decoder","","","Short label on: PSK31 cockpit. The same English text ""click nets the decoder"" is used by 2 different keys (e.g. rtty.waterfall.hint) — each can take a different Portuguese word, so choose the one that fits THIS screen."
"5","psk.pane.log.title","Log","","","Short label on: PSK31 cockpit. The same English text ""Log"" is used by 7 different keys (e.g. logbook.form.log, logEntry.log, operate.strip.log.label) — each can take a different Portuguese word, so choose the one that fits THIS screen."
"5","psk.pane.stream.title","Decoded text","","","Short label on: PSK31 cockpit. The same English text ""Decoded text"" is used by 2 different keys (e.g. rtty.pane.stream.title) — each can take a different Portuguese word, so choose the one that fits THIS screen."
"5","psk.stream.title","Decoded PSK31 text — faint characters are low-confidence copy (the demodulator's phase-margin metric)","","PSK31",""
"5","psk.arm.on.label","RX armed","","RX","Short label on: PSK31 cockpit. The same English text ""RX armed"" is used by 2 different keys (e.g. rtty.arm.on.label) — each can take a different Portuguese word, so choose the one that fits THIS screen."
"5","psk.arm.off.label","Arm RX","","RX","Short label on: PSK31 cockpit. The same English text ""Arm RX"" is used by 2 different keys (e.g. rtty.arm.off.label) — each can take a different Portuguese word, so choose the one that fits THIS screen."
"5","psk.arm.on.title","RX armed — decoding the receive audio (RX only, never keys the rig). Click to stop; stopping is remembered for this session.","","RX",""
"5","psk.arm.off.title","Arm RX — start decoding PSK31 from the receive audio (RX only, never keys the rig)","","PSK31 | RX",""
"5","psk.arm.failed","Could not switch the PSK decoder","","PSK",""
"5","psk.carrier.on.title","Carrier — the decoder reads a PSK signal at its cursor; the AFC offset from the netted frequency is shown (slew-limited, never more than ±25 Hz)","","PSK | Hz",""
"5","psk.carrier.off.title","No carrier at the cursor yet — click a trace on the waterfall to net the decoder onto it","","",""
"5","psk.afcReset.label","Re-acquire","","","One-word control on: PSK31 cockpit. Out of context this could be a noun or a verb — open that screen (or read the key name) before choosing the Portuguese word."
"5","psk.afcReset.title","Re-acquire — drop and rebuild the demodulator for a fresh AFC pull from the netted frequency (use when it pulled onto a neighbor)","","",""
"5","psk.clear.label","Clear","","","Short label on: PSK31 cockpit. The same English text ""Clear"" is used by 11 different keys (e.g. logbook.search.clear, logEntry.clear.label, needed.filter.clear.label) — each can take a different Portuguese word, so choose the one that fits THIS screen."
"5","psk.clear.title","Clear the decoded transcript","","","Short label on: PSK31 cockpit. The same English text ""Clear the decoded transcript"" is used by 2 different keys (e.g. rtty.clear.title) — each can take a different Portuguese word, so choose the one that fits THIS screen."
"5","psk.stream.listening","listening… click a PSK trace on the waterfall to net the decoder","","PSK",""
"5","psk.stream.idle","Arm RX to decode PSK31 from the receive audio","","PSK31 | RX",""
"5","psk.macros.aria","PSK macros","","PSK",""
"5","psk.macro.answer.label","Answer","","","Short label on: PSK31 cockpit. The same English text ""Answer"" is used by 4 different keys (e.g. alerts.action.answer, rtty.autoAnswer.label, rtty.macro.answer.label) — each can take a different Portuguese word, so choose the one that fits THIS screen."
"5","psk.macro.exchange.label","Exchange","","","Short label on: PSK31 cockpit. The same English text ""Exchange"" is used by 2 different keys (e.g. rtty.macro.exchange.label) — each can take a different Portuguese word, so choose the one that fits THIS screen."
"5","psk.hisCall.placeholder","Their call…","","","Short label on: PSK31 cockpit. The same English text ""Their call…"" is used by 2 different keys (e.g. rtty.hisCall.placeholder) — each can take a different Portuguese word, so choose the one that fits THIS screen."
"5","psk.hisCall.aria","Worked station callsign (the {CALL} macro token)","","{CALL}","Contains CW macro tokens in SINGLE braces ({NAME}, {RST}...). These are matched literally by the macro expander — copy them exactly, do not translate or reorder them against the words that explain them."
"5","psk.compose.aria","PSK compose","","PSK",""
"5","psk.compose.placeholder","Type PSK31 to send… (Enter)","","PSK31",""
"5","psk.compose.placeholder.latched","Typing on the air…","","","Short label on: PSK31 cockpit. The same English text ""Typing on the air…"" is used by 2 different keys (e.g. rtty.compose.placeholder.latched) — each can take a different Portuguese word, so choose the one that fits THIS screen."
"5","psk.compose.send.label","Send","","","Short label on: PSK31 cockpit. The same English text ""Send"" is used by 6 different keys (e.g. tempo.composer.send, operate.strip.send.label, rtty.compose.send.label) — each can take a different Portuguese word, so choose the one that fits THIS screen."
"5","psk.send.noCallsign","Set your callsign in Settings before transmitting","","",""
"5","psk.send.noTheirCall","Enter their call first (the {CALL} field)","","{CALL}","Contains CW macro tokens in SINGLE braces ({NAME}, {RST}...). These are matched literally by the macro expander — copy them exactly, do not translate or reorder them against the words that explain them."
"5","psk.send.txLocked","TX locked — this frequency is outside your license privileges","","TX",""
"5","psk.send.failed","PSK send failed","","PSK",""
"5","psk.latch.failed","Continuous TX refused","","TX","Short label on: PSK31 cockpit. The same English text ""Continuous TX refused"" is used by 2 different keys (e.g. rtty.latch.failed) — each can take a different Portuguese word, so choose the one that fits THIS screen."
"5","psk.type.failed","PSK typing refused","","PSK",""
"5","psk.drive.text","Keep the rig's ALC near zero — an overdriven PSK31 signal splatters (IMD). Lower TX audio until the ALC meter barely moves.","","PSK31 | ALC | TX",""
"5","psk.drive.title","PSK31 is an amplitude-shaped mode: if the rig's ALC is compressing, the signal splatters into the neighbors (IMD). Nexus keys at a modest drive by default — set TX audio / power so the rig's ALC meter barely moves.","","Nexus | PSK31 | ALC | TX",""
"5","sstv.refuse.heic","iPhone HEIC photos can't be read here — Nexus has no HEVC decoder. On the iPhone: Settings → Camera → Formats → Most Compatible (new photos are JPEG), or Settings → Photos → Transfer to Mac or PC → Automatic (converts on send). Then re-send this picture.","","Nexus | JPEG",""
"5","sstv.refuse.avif","That is an AVIF file. SSTV sends JPEG, PNG, WebP, BMP or GIF — export or save-as one of those.","","JPEG | SSTV | BMP | GIF | PNG",""
"5","sstv.refuse.tiff","That is a TIFF file. SSTV sends JPEG, PNG, WebP, BMP or GIF — export or save-as one of those.","","JPEG | SSTV | BMP | GIF | PNG",""
"5","sstv.refuse.raw","That is a camera RAW file. SSTV sends JPEG, PNG, WebP, BMP or GIF — export a JPEG from it first.","","JPEG | SSTV | BMP | GIF | PNG",""
"5","sstv.refuse.psd","That is a Photoshop file. SSTV sends JPEG, PNG, WebP, BMP or GIF — export or save-as one of those.","","JPEG | SSTV | BMP | GIF | PNG",""
"5","sstv.refuse.svg","That is an SVG drawing, not a photo. SSTV sends JPEG, PNG, WebP, BMP or GIF — export it as one of those.","","JPEG | SSTV | BMP | GIF | PNG",""
"5","sstv.rx.where"," Images on this band appear at {{freq}} {{mode}}.","","{{freq}} | {{mode}}",""
"5","sstv.rx.off","The receiver is stopped — nothing is being decoded. Press Arm to start it.{{where}}","","{{where}}",""
"5","sstv.rx.nocapture","Listening, but no audio is reaching the decoder at all — the capture device is not delivering anything. Check that Input Device (RX) is the radio; hearing the signal on the speaker does not mean the app is capturing it.","","RX",""
"5","sstv.rx.starting","Receiver started — no audio has reached the decoder yet.{{where}}","","{{where}}",""
"5","sstv.rx.unsupported","Heard an SSTV header {{age}} ago in a mode this build cannot decode{{vis}}. The signal and the audio path are fine — Scottie, Martin, Robot and PD images all decode.","","{{age}} | {{vis}} | SSTV",""
"5","sstv.rx.decoded::one","{{count}} image decoded since arming, last one {{age}} ago. Listening for the next header.","","{{count}} | {{age}}","Plural form ""one"" — this key has one row per form (::one = exactly 1, ::other = every other count). Fill both rows separately; never merge them into one sentence."
"5","sstv.rx.decoded::other","{{count}} images decoded since arming, last one {{age}} ago. Listening for the next header.","","{{count}} | {{age}}","Plural form ""other"" — this key has one row per form (::one = exactly 1, ::other = every other count). Fill both rows separately; never merge them into one sentence."
"5","sstv.rx.silent","Audio is arriving but it is silent. If you can hear the signal on the speaker, the app is on a different input — check Input Device (RX), and RX Gain if the level is just low.{{where}}","","{{where}} | RX",""
"5","sstv.rx.listening","Hearing audio, no SSTV header yet — a picture decodes automatically when one starts.{{where}}","","{{where}} | SSTV",""
"5","sstv.rx.unreachable","Cannot read the receiver state — the app is not answering. The decoder may still be running.","","",""
"5","sstv.rx.openAudio","Open audio settings","","",""
"5","sstv.panel.waterfall","Waterfall","","","Short label on: SSTV view. The same English text ""Waterfall"" is used by 5 different keys (e.g. operate.panel.waterfall, rtty.panel.waterfall, psk.panel.waterfall) — each can take a different Portuguese word, so choose the one that fits THIS screen."
"5","sstv.panel.txcompose","Transmit","","","One-word control on: SSTV view. Out of context this could be a noun or a verb — open that screen (or read the key name) before choosing the Portuguese word."
"5","sstv.panel.gallery","Gallery","","","One-word control on: SSTV view. Out of context this could be a noun or a verb — open that screen (or read the key name) before choosing the Portuguese word."
"5","sstv.arm.on.label","Armed","","","One-word control on: SSTV view. Out of context this could be a noun or a verb — open that screen (or read the key name) before choosing the Portuguese word."
"5","sstv.arm.off.label","Arm","","","One-word control on: SSTV view. Out of context this could be a noun or a verb — open that screen (or read the key name) before choosing the Portuguese word."
"5","sstv.arm.on.title","Armed — any VIS header heard auto-decodes and auto-saves to the gallery (RX only). Click to disarm.","","RX",""
"5","sstv.arm.off.title","Arm — auto-decode any VIS header heard on the receive audio (RX only, never transmits)","","RX",""
"5","sstv.arm.failed","Could not switch the SSTV receiver","","SSTV",""
"5","sstv.header.power.label","Power","","","Short label on: SSTV view. The same English text ""Power"" is used by 5 different keys (e.g. rtty.header.power.label, psk.header.power.label, phone.header.power.label) — each can take a different Portuguese word, so choose the one that fits THIS screen."
"5","sstv.header.power.title","RF output power — set it against a Tune carrier, below ALC","","ALC | RF",""
"5","sstv.header.mode.title","Detected SSTV mode — fills in (Martin / Scottie / Robot / PD) when the receiver hears a VIS header","","SSTV",""
"5","sstv.header.band.title","Showing the rig's current band — SSTV decodes wherever you're tuned","","SSTV",""
"5","sstv.header.slant.label","Slant","","","One-word control on: SSTV view. Out of context this could be a noun or a verb — open that screen (or read the key name) before choosing the Portuguese word."
"5","sstv.header.slant.title","Slant trim — fine sample-clock correction. Auto-corrected by the decoder; the manual trim comes in a later build.","","",""
"5","sstv.header.slant.aria","SSTV slant trim (disabled — decoder not wired yet)","","SSTV",""
"5","sstv.stage.aria","SSTV image","","SSTV",""
"5","sstv.waterfall.hint","the band — a picture takes this space when one arrives","","",""
"5","sstv.caption.lines","{{mode}} — {{done}}/{{total}} lines","","{{mode}} | {{done}} | {{total}}",""
"5","sstv.caption.decoding","decoding {{mode}}…","","{{mode}}",""
"5","sstv.caption.decoding.airtime","decoding {{mode}}… the picture lands when the transmission ends (≈{{clock}})","","{{mode}} | {{clock}}",""
"5","sstv.caption.tuneOff"," · tuning {{hz}} Hz","","{{hz}} | Hz",""
"5","sstv.tx.preview.aria.empty","No image chosen","","",""
"5","sstv.tx.preview.aria.fits","Transmit preview, {{w}}×{{h}} — the picture already fits, no crop needed{{overlays}}","","{{w}} | {{h}} | {{overlays}}",""
"5","sstv.tx.preview.aria.cropX","Transmit preview, {{w}}×{{h}}. Drag or use the arrow keys to choose which part of the picture is sent (left and right); Home re-centres.{{overlays}}","","{{w}} | {{h}} | {{overlays}}",""
"5","sstv.tx.preview.aria.cropY","Transmit preview, {{w}}×{{h}}. Drag or use the arrow keys to choose which part of the picture is sent (up and down); Home re-centres.{{overlays}}","","{{w}} | {{h}} | {{overlays}}",""
"5","sstv.tx.preview.aria.overlays"," Click a text overlay to select it; arrows move it, Delete removes it.","","",""
"5","sstv.tx.drop.hint","Drop an image here, or choose one below — any size, resized to the mode for you.","","",""
"5","sstv.tx.file.choose","Choose image…","","",""
"5","sstv.tx.file.change","Change image…","","",""
"5","sstv.tx.overlay.presets.label","Text:","","","One-word control on: SSTV view. Out of context this could be a noun or a verb — open that screen (or read the key name) before choosing the Portuguese word."
"5","sstv.tx.overlay.reply.label","Reply","","","Short label on: SSTV view. The same English text ""Reply"" is used by 2 different keys (e.g. cw.macro.reply.label) — each can take a different Portuguese word, so choose the one that fits THIS screen."
"5","sstv.tx.overlay.reply.title","Reply to {{call}} (the newest FSK ID in the gallery)","","{{call}} | FSK",""
"5","sstv.tx.overlay.reply.none.title","Enabled once a station has been received with an FSK ID","","FSK",""
"5","sstv.tx.overlay.add.label","+ Text","","",""
"5","sstv.tx.overlay.text.aria","Overlay text","","",""
"5","sstv.tx.overlay.style.aria","Text style","","",""
"5","sstv.tx.overlay.style.title","Crisp: the ident's pixel font, proven through the decoder. Banner: big display text with an outline, MMSSTV-style.","","MMSSTV",""
"5","sstv.tx.overlay.style.crisp","Crisp","","","One-word control on: SSTV view. Out of context this could be a noun or a verb — open that screen (or read the key name) before choosing the Portuguese word."
"5","sstv.tx.overlay.style.banner","Banner","","","One-word control on: SSTV view. Out of context this could be a noun or a verb — open that screen (or read the key name) before choosing the Portuguese word."
"5","sstv.tx.overlay.size.aria","Text size","","",""
"5","sstv.tx.overlay.color.aria","Text colour","","",""
"5","sstv.tx.overlay.color.white","white","","","One-word control on: SSTV view. Out of context this could be a noun or a verb — open that screen (or read the key name) before choosing the Portuguese word."
"5","sstv.tx.overlay.color.black","black","","","One-word control on: SSTV view. Out of context this could be a noun or a verb — open that screen (or read the key name) before choosing the Portuguese word."
"5","sstv.tx.overlay.color.yellow","yellow","","","One-word control on: SSTV view. Out of context this could be a noun or a verb — open that screen (or read the key name) before choosing the Portuguese word."
"5","sstv.tx.overlay.color.orange","orange","","","One-word control on: SSTV view. Out of context this could be a noun or a verb — open that screen (or read the key name) before choosing the Portuguese word."
"5","sstv.tx.overlay.color.red","red","","","One-word control on: SSTV view. Out of context this could be a noun or a verb — open that screen (or read the key name) before choosing the Portuguese word."
"5","sstv.tx.overlay.color.green","green","","","One-word control on: SSTV view. Out of context this could be a noun or a verb — open that screen (or read the key name) before choosing the Portuguese word."
"5","sstv.tx.overlay.color.cyan","cyan","","","One-word control on: SSTV view. Out of context this could be a noun or a verb — open that screen (or read the key name) before choosing the Portuguese word."
"5","sstv.tx.overlay.color.blue","blue","","","One-word control on: SSTV view. Out of context this could be a noun or a verb — open that screen (or read the key name) before choosing the Portuguese word."
"5","sstv.tx.overlay.treatment.aria","Contrast treatment","","",""
"5","sstv.tx.overlay.treatment.title","What keeps the text readable on the far end: a solid plate behind it, or a thick outline around it","","",""
"5","sstv.tx.overlay.treatment.plate","Plate","","","One-word control on: SSTV view. Out of context this could be a noun or a verb — open that screen (or read the key name) before choosing the Portuguese word."
"5","sstv.tx.overlay.treatment.outline","Outline","","","One-word control on: SSTV view. Out of context this could be a noun or a verb — open that screen (or read the key name) before choosing the Portuguese word."
"5","sstv.tx.overlay.remove.aria","Remove overlay {{text}}","","{{text}}",""
"5","sstv.tx.overlay.remove.title","Remove this text","","",""
"5","sstv.tx.name","{{name}}{{size}} → {{w}}×{{h}} · {{mode}} · {{clock}} key-down","","{{name}} | {{size}} | {{w}} | {{h}} | {{mode}} | {{clock}}",""
"5","sstv.tx.id.inPicture","{{call}} — you've said it's already in the picture","","{{call}}",""
"5","sstv.tx.id.inText","{{call}} in your text · no plate burned in","","{{call}}",""
"5","sstv.tx.id.plate","{{call}} burned in · top left","","{{call}}",""
"5","sstv.tx.id.missing","No callsign set — SSTV identifies by burning your call into the picture, so it will not transmit without one.","","SSTV",""
"5","sstv.tx.id.missing.action","Set your callsign","","",""
"5","sstv.tx.id.missing.where","Set one in Settings ▸ Station.","","",""
"5","sstv.tx.idopt.label","My picture already shows my callsign","","",""
"5","sstv.tx.idopt.title","Skip the burned-in callsign for this picture only — use when the image already shows your call, e.g. a pre-made QSO card","","QSO",""
"5","sstv.tx.notice.upscale","That picture is {{w}}×{{h}}, smaller than {{mode}}'s {{mw}}×{{mh}} — it will be enlarged and look soft.","","{{w}} | {{h}} | {{mode}} | {{mw}} | {{mh}}",""
"5","sstv.tx.notice.exactFit","Already {{w}}×{{h}} — sent pixel for pixel, no crop needed.","","{{w}} | {{h}}",""
"5","sstv.tx.notice.gif","Sending the first frame — SSTV transmits one still picture.","","SSTV",""
"5","sstv.tx.notice.notImage","That file isn't an image Nexus can read (it starts with {{magic}}).","","{{magic}} | Nexus",""
"5","sstv.tx.notice.damaged","That image is damaged and only decoded partly — Nexus won't transmit half a picture. Try re-exporting it.","","Nexus",""
"5","sstv.tx.notice.tooLarge","That's a {{w}}×{{h}} image ({{mp}} megapixels) — too large to work with. Export a smaller copy; anything over about 4000 px wide is already far more than SSTV can send.","","{{w}} | {{h}} | {{mp}} | SSTV",""
"5","sstv.tx.pixels.failed","Could not read the image pixels","","",""
"5","sstv.tx.mode.label","Mode","","","Short label on: SSTV view. The same English text ""Mode"" is used by 15 different keys (e.g. logbook.field.mode.label, logbook.column.mode, logEntry.override.mode.label) — each can take a different Portuguese word, so choose the one that fits THIS screen."
"5","sstv.tx.mode.aria","SSTV transmit mode","","SSTV",""
"5","sstv.tx.mode.title","Transmit mode. VHF/2 m images use PD-120 (ARISS); HF uses Scottie 1 (NA) or Martin 1 (EU).","","VHF | HF | VHF/2 | PD-120",""
"5","sstv.tx.send.label","Send","","","Short label on: SSTV view. The same English text ""Send"" is used by 6 different keys (e.g. tempo.composer.send, operate.strip.send.label, rtty.compose.send.label) — each can take a different Portuguese word, so choose the one that fits THIS screen."
"5","sstv.tx.send.noImage.title","Choose an image to transmit first","","",""
"5","sstv.tx.send.noCallsign.title","Set your callsign in Settings → Station — SSTV identifies by burning it into the picture, and will not transmit without one","","SSTV",""
"5","sstv.tx.send.title","Transmit this image with {{call}} burned in — switches to Phone (USB/LSB) and keys the rig","","{{call}} | LSB | USB | USB/LSB",""
"5","sstv.tx.send.noCallsign","Set your callsign — SSTV identifies by burning it into the picture","","SSTV",""
"5","sstv.tx.send.noCallsign.action","Set callsign","","",""
"5","sstv.tx.iss.confirm","{{freq}} MHz is the ISS SSTV downlink. Transmit only during a sanctioned ARISS uplink event. Send anyway?","","{{freq}} | SSTV | ISS | MHz",""
"5","sstv.tx.send.failed","SSTV send refused","","SSTV",""
"5","sstv.tx.announce.sending","Transmitting SSTV {{mode}}","","{{mode}} | SSTV",""
"5","sstv.tx.announce.finished","SSTV transmit finished","","SSTV",""
"5","sstv.tx.progress","TX — {{mode}} · {{clock}} remaining","","{{mode}} | {{clock}} | TX",""
"5","sstv.gallery.empty","Received images collect here — auto-saved with callsign (FSK ID), mode, frequency, and time.","","FSK",""
"5","sstv.gallery.thumb.alt","{{mode}} image received {{when}}","","{{mode}} | {{when}}",""
"5","sstv.gallery.delete.aria","Delete the {{mode}} image received {{when}}","","{{mode}} | {{when}}",""
"5","sstv.gallery.delete.title","Delete this image","","",""
"5","sstv.gallery.delete.confirm.title","Delete the {{mode}} received {{when}}?","","{{mode}} | {{when}}",""
"5","sstv.gallery.delete.confirm.body","The image file is removed and cannot be recovered.","","",""
"5","sstv.gallery.delete.confirm.label","Delete image","","",""
"5","sstv.gallery.delete.failed","Could not delete the image","","",""
"5","sstv.gallery.edit.aria","Edit and resend the {{mode}} image received {{when}}","","{{mode}} | {{when}}",""
"5","sstv.gallery.edit.title","Load this image into the composer","","",""
"5","sstv.gallery.edit.loaded","Loaded {{mode}} image into the composer","","{{mode}}",""
"5","sstv.gallery.edit.failed","Could not load that image into the composer","","",""
"5","aprs.head.hint","AFSK-1200 packet — decode positions/messages, send a beacon","","AFSK | AFSK-1200",""
"5","aprs.head.packets","{{count}} pkts","","{{count}}",""
"5","aprs.channel.title","APRS frequency by region — selecting one tunes the rig (2 m FM, AFSK-1200)","","AFSK | APRS | FM | AFSK-1200",""
"5","aprs.retune.label","Re-tune","","","Short label on: APRS cockpit. The same English text ""Re-tune"" is used by 2 different keys (e.g. rtty.afcReset.label) — each can take a different Portuguese word, so choose the one that fits THIS screen."
"5","aprs.retune.title.loading","Reading your APRS channel…","","APRS",""
"5","aprs.retune.title","Re-tune the rig to the selected APRS frequency (2 m FM simplex; switches to your 2 m radio)","","APRS | FM",""
"5","aprs.retune.title.noCoverage","This radio doesn't cover {{freq}} MHz — RF APRS needs a VHF radio.","","{{freq}} | APRS | MHz | VHF | RF",""
"5","aprs.dial.title","The rig's current dial / band / mode (this view hides the top bar's readout)","","",""
"5","aprs.monitor.label.auto","● Monitoring (auto)","","",""
"5","aprs.monitor.label.explicit","● Monitoring","","",""
"5","aprs.monitor.label.off","Monitor","","","One-word control on: APRS cockpit. Out of context this could be a noun or a verb — open that screen (or read the key name) before choosing the Portuguese word."
"5","aprs.monitor.title.explicit","You armed the decoder, so automatic acks are allowed — an incoming message addressed to you is acked when TX is on. Click to stop.","","TX",""
"5","aprs.monitor.title.auto","Armed automatically when you opened APRS: RECEIVE ONLY. It will never send an automatic ack. To allow those, stop it and arm it yourself, then turn TX on. Click to stop.","","APRS | TX",""
"5","aprs.monitor.title.off","Arm the APRS decoder on the RX audio. Arming it yourself also allows automatic acks once TX is on.","","APRS | RX | TX",""
"5","aprs.tuneFix.label","Tune to {{freq}}","","{{freq}}",""
"5","aprs.tuneFix.title","Tune the radio to {{freq}} FM for APRS","","{{freq}} | APRS | FM",""
"5","aprs.showInet.label.shown","Internet {{count}}","","{{count}}","Short label on: APRS cockpit. The same English text ""Internet {{count}}"" is used by 2 different keys (e.g. aprs.inet.live.label) — each can take a different Portuguese word, so choose the one that fits THIS screen."
"5","aprs.showInet.label.hidden","Internet {{count}} hidden","","{{count}}",""
"5","aprs.showInet.title.hide::one","Hide the {{count}} station only the internet has reported, leaving what this radio actually hears","","{{count}}","Plural form ""one"" — this key has one row per form (::one = exactly 1, ::other = every other count). Fill both rows separately; never merge them into one sentence."
"5","aprs.showInet.title.hide::other","Hide the {{count}} stations only the internet has reported, leaving what this radio actually hears","","{{count}}","Plural form ""other"" — this key has one row per form (::one = exactly 1, ::other = every other count). Fill both rows separately; never merge them into one sentence."
"5","aprs.showInet.title.show::one","Show the {{count}} station the internet feed reports","","{{count}}","Plural form ""one"" — this key has one row per form (::one = exactly 1, ::other = every other count). Fill both rows separately; never merge them into one sentence."
"5","aprs.showInet.title.show::other","Show the {{count}} stations the internet feed reports","","{{count}}","Plural form ""other"" — this key has one row per form (::one = exactly 1, ::other = every other count). Fill both rows separately; never merge them into one sentence."
"5","aprs.inet.chip.title","{{detail}}

Click for internet feed controls.","","{{detail}}",""
"5","aprs.inet.panel.aria","APRS-IS internet feed","","APRS-IS | APRS",""
"5","aprs.inet.enabled.label","Internet feed","","",""
"5","aprs.inet.radius.label","Radius (km)","","","Short label on: APRS cockpit. The same English text ""Radius (km)"" is used by 2 different keys (e.g. settings.aprs.is.radius.label) — each can take a different Portuguese word, so choose the one that fits THIS screen."
"5","aprs.inet.watch.label","Watched calls","","","Short label on: APRS cockpit. The same English text ""Watched calls"" is used by 2 different keys (e.g. settings.aprs.is.watchCalls.label) — each can take a different Portuguese word, so choose the one that fits THIS screen."
"5","aprs.inet.note","Changing the radius or watched calls reconnects the feed — the server does the filtering, so a new subscription has to be sent. Server, port, traffic types and the iGate live in Settings ▸ APRS.","","APRS",""
"5","aprs.inet.note.open","Open them","","",""
"5","aprs.inet.off.label","Internet off","","",""
"5","aprs.inet.off.detail","The APRS-IS feed is switched off.","","APRS-IS | APRS",""
"5","aprs.inet.connecting.label","Internet connecting","","",""
"5","aprs.inet.connecting.detail","Not connected to APRS-IS yet — retrying with backoff.{{gate}}","","{{gate}} | APRS-IS | APRS",""
"5","aprs.inet.quiet.label","Internet quiet","","",""
"5","aprs.inet.quiet.detail.recent","Connected, but no packets recently — nothing matches your filter. Widen the radius or add watched calls.{{gate}}","","{{gate}}",""
"5","aprs.inet.quiet.detail.never","Connected, but no packets yet — nothing matches your filter. Widen the radius or add watched calls.{{gate}}","","{{gate}}",""
"5","aprs.inet.live.label","Internet {{count}}","","{{count}}","Short label on: APRS cockpit. The same English text ""Internet {{count}}"" is used by 2 different keys (e.g. aprs.showInet.label.shown) — each can take a different Portuguese word, so choose the one that fits THIS screen."
"5","aprs.inet.live.detail.verified","Connected and verified — {{count}} packets received.{{gate}}","","{{count}} | {{gate}}",""
"5","aprs.inet.live.detail.readOnly","Connected read-only — {{count}} packets received.{{gate}}","","{{count}} | {{gate}}",""
"5","aprs.inet.gate","iGate on: {{uploaded}} contributed.","","{{uploaded}}",""
"5","aprs.inet.gate.held","iGate on: {{uploaded}} contributed, {{held}} held back.","","{{uploaded}} | {{held}}",""
"5","aprs.inet.gate.held.reason","iGate on: {{uploaded}} contributed, {{held}} held back (last: {{reason}}).","","{{uploaded}} | {{held}} | {{reason}}",""
"5","aprs.radioNote.label","on {{name}}","","{{name}}",""
"5","aprs.radioNote.detail","{{count}} of your radios cover this band, so APRS had a choice to make. It follows the active radio, currently {{name}} — if that is not the rig your packet audio is wired to, this is why nothing is decoding. Routing rules decide which radio a band goes to: Settings → Radios.","","{{count}} | {{name}} | APRS",""
"5","aprs.health.level.silence","input over the most recent 0.1 s: digital silence (exactly zero)","","0.1",""
"5","aprs.health.level.peak","input peak over the most recent 0.1 s: {{db}} dBFS","","{{db}} | 0.1",""
"5","aprs.health.dbfs.silence","silence","","","One-word control on: APRS cockpit. Out of context this could be a noun or a verb — open that screen (or read the key name) before choosing the Portuguese word."
"5","aprs.health.norf.label","No 2 m radio","","",""
"5","aprs.health.norf.detail","This radio doesn't cover {{freq}} MHz, so it can't receive RF APRS. RF APRS needs a VHF radio. The internet feed works without one — turn it on to see APRS traffic reported by other stations.","","{{freq}} | APRS | MHz | VHF | RF",""
"5","aprs.health.off.label","Monitor off","","",""
"5","aprs.health.off.detail","The APRS decoder is not running. Arm Monitor to decode the RX audio.","","APRS | RX",""
"5","aprs.health.wrongFreq.label","Wrong frequency","","",""
"5","aprs.health.wrongMode.label","Wrong mode","","",""
"5","aprs.health.wrongMode.detail","The radio is on {{want}} but in {{mode}} — APRS needs FM. FM packet audio demodulated as SSB is garbled, so nothing will decode however strong the signal is. Tune to the APRS channel to start hearing it.","","{{want}} | {{mode}} | APRS | SSB | FM",""
"5","aprs.health.wrongFreqMode.detail","The radio is on {{dial}} {{mode}} — APRS needs {{want}} FM. Nothing on this channel can decode as APRS packet, whatever the audio level says. Tune to the APRS channel to start hearing it.","","{{dial}} | {{mode}} | {{want}} | APRS | FM",""
"5","aprs.health.wrongFreq.detail","The radio is on {{dial}} — APRS needs {{want}}. Nothing on this channel can decode as APRS packet, whatever the audio level says. Tune to the APRS channel to start hearing it.","","{{dial}} | {{want}} | APRS",""
"5","aprs.health.noCapture.label","No input","","",""
"5","aprs.health.noCapture.detail","Armed, but no audio samples are arriving at all — the capture device is not delivering anything. Check that Input Device (RX) in Settings ▸ Radio ▸ Audio is the radio (not a microphone or a disconnected device); what you hear on the speaker does not tell you what the app is capturing.","","RX",""
"5","aprs.health.decoding.label","{{count}} decoded","","{{count}}",""
"5","aprs.health.decoding.detail","{{count}} packets decoded since arming. Live {{level}}.","","{{count}} | {{level}}",""
"5","aprs.health.decoding.detail.aged","{{count}} packets decoded since arming, last one {{age}} ago. Live {{level}}.","","{{count}} | {{age}} | {{level}}",""
"5","aprs.health.unreadable.label","{{count}} failed CRC","","{{count}}",""
"5","aprs.health.unreadable.detail","{{count}} bursts heard since arming, last one {{age}} ago — none passed the checksum. Some of that is normal: when the squelch opens partway through a burst the start of the packet is lost, and a part-heard packet can never pass. It is only a fault if nothing ever decodes — in which case check the rig is on {{channel}} in FM.{{advice}} Last burst peaked {{burst}}; live {{level}}.","","{{count}} | {{age}} | {{channel}} | {{advice}} | {{burst}} | {{level}} | FM",""
"5","aprs.health.advice.clipping","The burst is CLIPPING (peaked {{peak}}, {{samples}} sample(s) at the rails) — lower the rig's USB AF output level, or the Windows input level for that device. Packet survives a lot of clipping, so this costs headroom rather than decodes, but there is no reason to run into the rails.","","{{peak}} | {{samples}} | USB",""
"5","aprs.health.advice.quiet","The burst peaked {{peak}}, well below the healthy {{min}} to {{max}} band — raise the rig's USB AF output level (IC-9700: SET > Connectors > USB AF Output Level) or the Windows input level for that device. That buys margin against noise; it is not by itself why a checksum fails.","","{{peak}} | {{min}} | {{max}} | USB | IC-9700",""
"5","aprs.health.silent.label","Silent","","","One-word control on: APRS cockpit. Out of context this could be a noun or a verb — open that screen (or read the key name) before choosing the Portuguese word."
"5","aprs.health.silent.detail","The input is alive and delivering audio, but it is silent — normally that just means the squelch is closed between packets, which is what an idle FM channel looks like. To confirm the routing, open the squelch: hiss should show up here as a level. If it still reads silent with the squelch open, the wrong input device is selected. Live {{level}}.","","{{level}} | FM",""
"5","aprs.health.listening.label","Listening","","","One-word control on: APRS cockpit. Out of context this could be a noun or a verb — open that screen (or read the key name) before choosing the Portuguese word."
"5","aprs.health.listening.detail","Audio is reaching the decoder and no packets have been heard recently — a quiet channel. Live {{level}}. With the squelch open, hiss should sit around {{hiss}}; a packet burst should peak {{min}} to {{max}}.","","{{level}} | {{hiss}} | {{min}} | {{max}}",""
"5","aprs.age.secs","{{secs}}s","","{{secs}}","Short label on: APRS cockpit. The same English text ""{{secs}}s"" is used by 2 different keys (e.g. nowbar.age.secs) — each can take a different Portuguese word, so choose the one that fits THIS screen."
"5","aprs.age.mins","{{mins}}m","","{{mins}}","Short label on: APRS cockpit. The same English text ""{{mins}}m"" is used by 3 different keys (e.g. connect.basic.greyline.in.mins, nowbar.age.mins) — each can take a different Portuguese word, so choose the one that fits THIS screen."
"5","aprs.age.hours","{{hours}}h","","{{hours}}","Short label on: APRS cockpit. The same English text ""{{hours}}h"" is used by 2 different keys (e.g. nowbar.age.hours) — each can take a different Portuguese word, so choose the one that fits THIS screen."
"5","aprs.source.rf.label","RF","","RF","Abbreviation shown on: APRS cockpit. Check the screen before expanding or translating it."
"5","aprs.source.inet.label","net","","","One-word control on: APRS cockpit. Out of context this could be a noun or a verb — open that screen (or read the key name) before choosing the Portuguese word."
"5","aprs.source.both.label","RF+net","","RF","One-word control on: APRS cockpit. Out of context this could be a noun or a verb — open that screen (or read the key name) before choosing the Portuguese word."
"5","aprs.source.rf.title","Your receiver decoded this station off the air","","",""
"5","aprs.source.inet.title","Reported by APRS-IS — your receiver has not heard this station","","APRS-IS | APRS",""
"5","aprs.source.both.title","Heard off the air by your receiver AND reported by APRS-IS","","APRS-IS | APRS",""
"5","aprs.beacon.title","Position beacon","","",""
"5","aprs.beacon.lat.label","Lat","","","One-word control on: APRS cockpit. Out of context this could be a noun or a verb — open that screen (or read the key name) before choosing the Portuguese word."
"5","aprs.beacon.lon.label","Lon","","","One-word control on: APRS cockpit. Out of context this could be a noun or a verb — open that screen (or read the key name) before choosing the Portuguese word."
"5","aprs.beacon.symbol.label","Symbol","","","Short label on: APRS cockpit. The same English text ""Symbol"" is used by 2 different keys (e.g. aprs.table.symbol) — each can take a different Portuguese word, so choose the one that fits THIS screen."
"5","aprs.beacon.comment.label","Comment","","","Short label on: APRS cockpit. The same English text ""Comment"" is used by 5 different keys (e.g. logbook.field.comment.label, spots.column.comment, spots.post.comment.label) — each can take a different Portuguese word, so choose the one that fits THIS screen."
"5","aprs.beacon.path.label","Path","","","Short label on: APRS cockpit. The same English text ""Path"" is used by 4 different keys (e.g. map.path.aria, sat.schedule.column.path, aprs.card.path.label) — each can take a different Portuguese word, so choose the one that fits THIS screen."
"5","aprs.beacon.send","Send beacon","","",""
"5","aprs.msg.title","Message","","","One-word control on: APRS cockpit. Out of context this could be a noun or a verb — open that screen (or read the key name) before choosing the Portuguese word."
"5","aprs.msg.to.label","To","","","One-word control on: APRS cockpit. Out of context this could be a noun or a verb — open that screen (or read the key name) before choosing the Portuguese word."
"5","aprs.msg.to.placeholder","callsign","","","One-word control on: APRS cockpit. Out of context this could be a noun or a verb — open that screen (or read the key name) before choosing the Portuguese word."
"5","aprs.msg.text.label","Text","","","One-word control on: APRS cockpit. Out of context this could be a noun or a verb — open that screen (or read the key name) before choosing the Portuguese word."
"5","aprs.msg.text.placeholder","up to 67 chars","","",""
"5","aprs.msg.send","Send message","","",""
"5","aprs.messages.title","Messages","","","Short label on: APRS cockpit. The same English text ""Messages"" is used by 2 different keys (e.g. settings.aprs.is.messages.label) — each can take a different Portuguese word, so choose the one that fits THIS screen."
"5","aprs.status.badPosition","Enter a valid latitude and longitude first.","","",""
"5","aprs.status.beacon.sending","Sending beacon…","","",""
"5","aprs.status.beacon.queued","Beacon queued — keying now.","","",""
"5","aprs.status.msg.missing","Enter a callsign and a message first.","","",""
"5","aprs.status.msg.sending","Sending message…","","",""
"5","aprs.status.msg.queued","Message to {{call}} queued — keying now.","","{{call}}",""
"5","aprs.status.tune.deferred","Transmitting right now — the radio will move to {{freq}} when this over ends.","","{{freq}}",""
"5","aprs.status.tune.now","Tuning to {{freq}} FM…","","{{freq}} | FM",""
"5","aprs.table.age","Age","","","Short label on: APRS cockpit. The same English text ""Age"" is used by 3 different keys (e.g. spots.column.age, operate.roster.col.age) — each can take a different Portuguese word, so choose the one that fits THIS screen."
"5","aprs.table.symbol","Symbol","","","Short label on: APRS cockpit. The same English text ""Symbol"" is used by 2 different keys (e.g. aprs.beacon.symbol.label) — each can take a different Portuguese word, so choose the one that fits THIS screen."
"5","aprs.table.from","From","","","One-word control on: APRS cockpit. Out of context this could be a noun or a verb — open that screen (or read the key name) before choosing the Portuguese word."
"5","aprs.table.via","Via","","","One-word control on: APRS cockpit. Out of context this could be a noun or a verb — open that screen (or read the key name) before choosing the Portuguese word."
"5","aprs.table.type","Type","","","One-word control on: APRS cockpit. Out of context this could be a noun or a verb — open that screen (or read the key name) before choosing the Portuguese word."
"5","aprs.table.position","Position","","","Short label on: APRS cockpit. The same English text ""Position"" is used by 3 different keys (e.g. fieldDay.club.board.column.position, aprs.card.position.label) — each can take a different Portuguese word, so choose the one that fits THIS screen."
"5","aprs.table.dist","Dist","","","Short label on: APRS cockpit. The same English text ""Dist"" is used by 2 different keys (e.g. operate.roster.col.dist) — each can take a different Portuguese word, so choose the one that fits THIS screen."
"5","aprs.table.info","Info","","","Short label on: APRS cockpit. The same English text ""Info"" is used by 2 different keys (e.g. status.alertInfo.label) — each can take a different Portuguese word, so choose the one that fits THIS screen."
"5","aprs.row.title.highlight","Highlight {{call}} on the map","","{{call}}",""
"5","aprs.row.title.noPosition","{{call}} reported no position — nothing to highlight","","{{call}}",""
"5","aprs.map.noPositions","No positions heard yet — status and message packets carry none.","","",""
"5","aprs.card.aria","Station {{call}}","","{{call}}",""
"5","aprs.card.symbol.unknown","Unrecognised symbol","","",""
"5","aprs.card.close","Close","","","Short label on: APRS cockpit. The same English text ""Close"" is used by 3 different keys (e.g. logbook.form.close, memories.packs.close.aria) — each can take a different Portuguese word, so choose the one that fits THIS screen."
"5","aprs.card.source.rf.label","Heard on RF","","RF",""
"5","aprs.card.source.rf.detail","your receiver decoded this station {{age}} ago","","{{age}}",""
"5","aprs.card.source.inet.label","Via APRS-IS","","APRS-IS | APRS",""
"5","aprs.card.source.inet.detail","the internet feed reported it {{age}} ago","","{{age}}",""
"5","aprs.card.source.unknown.label","Source unknown","","",""
"5","aprs.card.source.unknown.detail","no reception recorded for this station","","",""
"5","aprs.card.position.label","Position","","","Short label on: APRS cockpit. The same English text ""Position"" is used by 3 different keys (e.g. fieldDay.club.board.column.position, aprs.table.position) — each can take a different Portuguese word, so choose the one that fits THIS screen."
"5","aprs.card.position.none","none reported — heard, but nothing to plot","","",""
"5","aprs.card.fromYou.label","From you","","",""
"5","aprs.card.motion.label","Motion","","","One-word control on: APRS cockpit. Out of context this could be a noun or a verb — open that screen (or read the key name) before choosing the Portuguese word."
"5","aprs.card.motion.stationary","stationary","","","One-word control on: APRS cockpit. Out of context this could be a noun or a verb — open that screen (or read the key name) before choosing the Portuguese word."
"5","aprs.card.comment.label","Comment","","","Short label on: APRS cockpit. The same English text ""Comment"" is used by 5 different keys (e.g. logbook.field.comment.label, spots.column.comment, spots.post.comment.label) — each can take a different Portuguese word, so choose the one that fits THIS screen."
"5","aprs.card.path.label","Path","","","Short label on: APRS cockpit. The same English text ""Path"" is used by 4 different keys (e.g. map.path.aria, sat.schedule.column.path, aprs.beacon.path.label) — each can take a different Portuguese word, so choose the one that fits THIS screen."
"5","aprs.card.path.direct","direct — no digipeaters in the path","","",""
"5","aprs.card.path.requested","direct — requested {{path}}, none used","","{{path}}",""
"5","aprs.card.path.digipeated","digipeated via {{path}}","","{{path}}",""
"5","aprs.card.packets.label","Packets","","","One-word control on: APRS cockpit. Out of context this could be a noun or a verb — open that screen (or read the key name) before choosing the Portuguese word."
"5","aprs.card.packets.value","{{count}} since {{age}} ago","","{{count}} | {{age}}",""
"5","aprs.card.wx.title","Weather","","","One-word control on: APRS cockpit. Out of context this could be a noun or a verb — open that screen (or read the key name) before choosing the Portuguese word."
"5","aprs.card.wx.temperature","Temperature","","","One-word control on: APRS cockpit. Out of context this could be a noun or a verb — open that screen (or read the key name) before choosing the Portuguese word."
"5","aprs.card.wx.wind","Wind","","","One-word control on: APRS cockpit. Out of context this could be a noun or a verb — open that screen (or read the key name) before choosing the Portuguese word."
"5","aprs.card.wx.wind.dirUnknown","unknown","","","Short label on: APRS cockpit. The same English text ""unknown"" is used by 2 different keys (e.g. setup.rig.model.unknownResponder) — each can take a different Portuguese word, so choose the one that fits THIS screen."
"5","aprs.card.wx.wind.atSpeed","{{dir}} at {{speed}}","","{{dir}} | {{speed}}",""
"5","aprs.card.wx.gust","Gust","","","One-word control on: APRS cockpit. Out of context this could be a noun or a verb — open that screen (or read the key name) before choosing the Portuguese word."
"5","aprs.card.wx.humidity","Humidity","","","One-word control on: APRS cockpit. Out of context this could be a noun or a verb — open that screen (or read the key name) before choosing the Portuguese word."
"5","aprs.card.wx.pressure","Pressure","","","One-word control on: APRS cockpit. Out of context this could be a noun or a verb — open that screen (or read the key name) before choosing the Portuguese word."
"5","aprs.card.wx.rain1h","Rain, last hour","","",""
"5","aprs.card.wx.rain24h","Rain, 24 h","","",""
"5","aprs.card.raw.show","▸ Raw packet","","",""
"5","aprs.card.raw.hide","▾ Raw packet","","",""
"5","aprs.card.qrz.error","Could not open {{call}} on QRZ","","{{call}} | QRZ",""
"5","aprs.card.aprsfi.title","Open this station on aprs.fi (third-party site) in your browser","","",""
"5","aprs.card.age.secs","{{secs}} s","","{{secs}}",""
"5","aprs.card.age.mins","{{mins}} min","","{{mins}}","Short label on: APRS cockpit. The same English text ""{{mins}} min"" is used by 3 different keys (e.g. dxped.alarm.lead.option, sat.passesPane.duration) — each can take a different Portuguese word, so choose the one that fits THIS screen."
"5","aprs.card.age.hours","{{hours}} h","","{{hours}}",""
"5","aprs.card.age.days","{{days}} d","","{{days}}",""
"5","map.empty.title","Set your grid to see the map","","",""
"5","map.empty.detail","The Beam Map centers on your Maidenhead grid — set it in Settings, then every heading and range ring is measured from your QTH.","","Maidenhead | QTH",""
"5","map.projection.aria","Projection","","","One-word control on: map view. Out of context this could be a noun or a verb — open that screen (or read the key name) before choosing the Portuguese word."
"5","map.projection.globe.label","Globe","","","One-word control on: map view. Out of context this could be a noun or a verb — open that screen (or read the key name) before choosing the Portuguese word."
"5","map.projection.globe.title","3-D globe — drag to spin, wheel to zoom","","",""
"5","map.projection.beam.label","Beam","","","One-word control on: map view. Out of context this could be a noun or a verb — open that screen (or read the key name) before choosing the Portuguese word."
"5","map.projection.beam.title","Beam map — true headings + range rings from your QTH","","QTH",""
"5","map.projection.world.label","World","","","One-word control on: map view. Out of context this could be a noun or a verb — open that screen (or read the key name) before choosing the Portuguese word."
"5","map.projection.world.title","Flat world map with shaded relief","","",""
"5","map.zoom.aria","Zoom","","","One-word control on: map view. Out of context this could be a noun or a verb — open that screen (or read the key name) before choosing the Portuguese word."
"5","map.zoom.in","Zoom in","","",""
"5","map.zoom.out","Zoom out","","",""
"5","map.colorBy.aria","Color spots by","","",""
"5","map.colorBy.need.label","Need","","","Short label on: map view. The same English text ""Need"" is used by 4 different keys (e.g. needed.column.need, operate.roster.col.need, nowbar.need.label) — each can take a different Portuguese word, so choose the one that fits THIS screen."
"5","map.colorBy.need.title","Color spots by what you still need","","",""
"5","map.colorBy.snr.label","Signal","","","Short label on: map view. The same English text ""Signal"" is used by 2 different keys (e.g. settings.rtty.signal.title) — each can take a different Portuguese word, so choose the one that fits THIS screen."
"5","map.colorBy.snr.title","Color spots by signal strength","","",""
"5","map.prov.live","LIVE","","","Abbreviation shown on: map view. Check the screen before expanding or translating it."
"5","map.prov.partial","PARTIAL","","","Abbreviation shown on: map view. Check the screen before expanding or translating it."
"5","map.prov.cached","CACHED","","","Abbreviation shown on: map view. Check the screen before expanding or translating it."
"5","map.prov.none","NO LIVE DATA","","DATA","Short label on: map view. The same English text ""NO LIVE DATA"" is used by 4 different keys (e.g. dxped.prov.none, connect.prov.offline, nowbar.prop.offline) — each can take a different Portuguese word, so choose the one that fits THIS screen."
"5","map.reset.label","Reset","","","Short label on: map view. The same English text ""Reset"" is used by 2 different keys (e.g. settings.backup.reset.confirm.action) — each can take a different Portuguese word, so choose the one that fits THIS screen."
"5","map.reset.title","Reset view + layers","","",""
"5","map.path.aria","Path","","","Short label on: map view. The same English text ""Path"" is used by 4 different keys (e.g. sat.schedule.column.path, aprs.beacon.path.label, aprs.card.path.label) — each can take a different Portuguese word, so choose the one that fits THIS screen."
"5","map.path.short.title","Short path","","",""
"5","map.path.long.title","Long path","","",""
"5","map.path.figure","{{brg}}° · {{km}} km","","{{brg}} | {{km}}",""
"5","map.emptyHint","No located stations yet — decoded stations with a grid appear here, centered on {{grid}}, colored by what you still need.","","{{grid}}",""
"5","map.sats.allHidden","None of your ★ birds are in the current elements — the ★ filter is hiding all {{count}} satellites (Layers ▸ Satellites ▸ All).","","{{count}}",""
"5","map.sats.filter.aria","Filter satellites to ★ birds","","",""
"5","map.sats.filter.on.title","Showing your ★ birds (Passes pane + globe follow) — click to show all satellites","","",""
"5","map.sats.filter.off.title","Showing all satellites — click to show only your ★ birds (Passes pane + globe follow)","","",""
"5","map.sats.filter.all","All","","","Short label on: map view. The same English text ""All"" is used by 9 different keys (e.g. roster.filter.all, needed.filter.all, globe.sats.filter.all) — each can take a different Portuguese word, so choose the one that fits THIS screen."
"5","map.pca.chip","☢ Proton event · S{{scale}} · polar caps absorbing ~{{db}} dB @30 MHz (day) — high-lat paths degraded","","{{scale}} | {{db}} | MHz | dB",""
"5","map.flare.chip","☀️ {{cls}} flare · R{{r}} · HF ≤{{haf}} MHz absorbed on dayside","","{{cls}} | {{r}} | {{haf}} | MHz | HF",""
"5","map.flare.phase.rising"," · rising","","",""
"5","map.flare.phase.recovering"," · recovering","","",""
"5","map.flare.phase.recoveringIn"," · recovering (~{{mins}} min)","","{{mins}}",""
"5","map.flare.phase.fade"," · fade (~{{mins}} min)","","{{mins}}",""
"5","map.flare.phase.preview"," · PREVIEW","","",""
"5","map.flare.preview.title","Simulate an X2 flare on the map for 60 s — visual preview only (no alerts). The layer otherwise draws nothing until a real M-class flare.","","",""
"5","map.flare.preview.stop","■ stop","","","Short label on: map view. The same English text ""■ stop"" is used by 2 different keys (e.g. sat.track.stop) — each can take a different Portuguese word, so choose the one that fits THIS screen."
"5","map.flare.preview.start","☀ preview","","",""
"5","map.layers.head","Layers","","","Short label on: map view. The same English text ""Layers"" is used by 2 different keys (e.g. globe.layers.head) — each can take a different Portuguese word, so choose the one that fits THIS screen."
"5","map.layer.opacity.aria","{{layer}} opacity","","{{layer}}",""
"5","map.layer.daynight.label","Day / night (greyline)","","",""
"5","map.layer.relief.label","Relief (World view)","","",""
"5","map.layer.muf.label","Ionosonde MUF","","MUF",""
"5","map.layer.aurora.label","Aurora oval","","",""
"5","map.layer.flare.label","Flare blackout (D-RAP)","","",""
"5","map.layer.pca.label","Proton polar cap (PCA)","","",""
"5","map.layer.coast.label","Coastlines","","","One-word control on: map view. Out of context this could be a noun or a verb — open that screen (or read the key name) before choosing the Portuguese word."
"5","map.layer.states.label","US states","","","Short label on: map view. The same English text ""US states"" is used by 2 different keys (e.g. globe.layer.states) — each can take a different Portuguese word, so choose the one that fits THIS screen."
"5","map.layer.grid.label","Grid (20°×10°)","","",""
"5","map.layer.gridLabels.label","Grid labels (AA…RR)","","",""
"5","map.layer.cqzones.label","CQ zones","","CQ","Short label on: map view. The same English text ""CQ zones"" is used by 3 different keys (e.g. map.coverage.dim.zones, globe.layer.cqzones) — each can take a different Portuguese word, so choose the one that fits THIS screen."
"5","map.layer.coverage.label","My coverage (worked)","","",""
"5","map.layer.sats.label","Satellites (amateur)","","",""
"5","map.layer.aprs.label","APRS stations","","APRS",""
"5","map.layer.rings.label","Range rings","","","Short label on: map view. The same English text ""Range rings"" is used by 2 different keys (e.g. globe.layer.rings) — each can take a different Portuguese word, so choose the one that fits THIS screen."
"5","map.layer.heat.label","Band heat (openings)","","",""
"5","map.layer.openings.label","Opening sectors (mode)","","",""
"5","map.layer.liveSpots.label","Live spots (cluster/RBN)","","RBN",""
"5","map.layer.stations.label","My decodes","","","Short label on: map view. The same English text ""My decodes"" is used by 2 different keys (e.g. globe.layer.decodes) — each can take a different Portuguese word, so choose the one that fits THIS screen."
"5","map.layer.paths.label","Selected path","","",""
"5","map.layer.dxped.label","DXpeditions","","DXpeditions","Short label on: map view. The same English text ""DXpeditions"" is used by 3 different keys (e.g. globe.layer.dxped, features.dxped.label) — each can take a different Portuguese word, so choose the one that fits THIS screen."
"5","map.layer.ota.label","Parks on the air","","",""
"5","map.legend.newDxcc","new DXCC","","DXCC",""
"5","map.legend.newBand","new band","","",""
"5","map.legend.zoneMode","zone/mode","","","One-word control on: map view. Out of context this could be a noun or a verb — open that screen (or read the key name) before choosing the Portuguese word."
"5","map.legend.confirm","confirm","","","One-word control on: map view. Out of context this could be a noun or a verb — open that screen (or read the key name) before choosing the Portuguese word."
"5","map.legend.worked","worked","","","Short label on: map view. The same English text ""worked"" is used by 2 different keys (e.g. journey.ladder.worked) — each can take a different Portuguese word, so choose the one that fits THIS screen."
"5","map.legend.opening","opening","","","Short label on: map view. The same English text ""opening"" is used by 2 different keys (e.g. sat.dome.readout.opening) — each can take a different Portuguese word, so choose the one that fits THIS screen."
"5","map.legend.heat.label","heat = band activity","","",""
"5","map.legend.heat.title","Colored auras = live spot density per band; pulsing = a detected opening","","",""
"5","map.legend.muf.title","Ionosonde MUF → band","","MUF",""
"5","map.coverage.dim.aria","Coverage dimension","","",""
"5","map.coverage.dim.title","What to color: your worked grid squares (VUCC) or CQ zones (WAZ)","","VUCC | WAZ | CQ",""
"5","map.coverage.dim.grids","Grids","","","One-word control on: map view. Out of context this could be a noun or a verb — open that screen (or read the key name) before choosing the Portuguese word."
"5","map.coverage.dim.zones","CQ zones","","CQ","Short label on: map view. The same English text ""CQ zones"" is used by 3 different keys (e.g. map.layer.cqzones.label, globe.layer.cqzones) — each can take a different Portuguese word, so choose the one that fits THIS screen."
"5","map.hover.workHint"," — double-click to work","","",""
"5","map.hover.liveConfirmed"," · live-confirmed","","",""
"5","map.hover.dxped","{{call}} · {{entity}}{{az}} · {{need}} on {{band}} · {{likelihood}}","","{{call}} | {{entity}} | {{az}} | {{need}} | {{band}} | {{likelihood}}",""
"5","map.hover.ota","{{activator}} · {{reference}}{{name}} · {{freq}} MHz {{mode}}{{badge}}{{approx}}","","{{activator}} | {{reference}} | {{name}} | {{freq}} | {{mode}} | {{badge}} | {{approx}} | MHz",""
"5","map.hover.ota.new"," · NEW PARK","","",""
"5","map.hover.ota.approx"," · approx","","",""
"5","map.hover.muf","Ionosonde · measured MUF {{muf}} MHz here (KC2G) — a data point, not a station","","{{muf}} | MHz | MUF",""
"5","map.hover.aprs","{{call}}{{what}} · {{how}} {{when}}{{via}}{{moving}}{{note}}","","{{call}} | {{what}} | {{how}} | {{when}} | {{via}} | {{moving}} | {{note}}",""
"5","map.hover.aprs.how.rf","heard on RF","","RF",""
"5","map.hover.aprs.how.inet","reported by APRS-IS","","APRS-IS | APRS",""
"5","map.hover.aprs.how.both","heard on RF + APRS-IS","","APRS-IS | APRS | RF",""
"5","map.hover.aprs.ageSecs","{{secs}}s ago","","{{secs}}","Short label on: map view. The same English text ""{{secs}}s ago"" is used by 5 different keys (e.g. chase.age.secs, bandMap.age.secs, bandStrip.age.secs) — each can take a different Portuguese word, so choose the one that fits THIS screen."
"5","map.hover.aprs.ageMins","{{mins}}m ago","","{{mins}}","Short label on: map view. The same English text ""{{mins}}m ago"" is used by 7 different keys (e.g. prop.opening.ago.mins, chase.age.mins, bandMap.age.mins) — each can take a different Portuguese word, so choose the one that fits THIS screen."
"5","map.hover.aprs.via"," · via {{path}}","","{{path}}",""
"5","map.hover.aprs.direct"," · direct","","",""
"5","map.insights.collapsed.title","Show propagation insights","","",""
"5","map.insights.pill","Conditions","","","Short label on: map view. The same English text ""Conditions"" is used by 3 different keys (e.g. map.insights.title, connect.pane.advisory.title) — each can take a different Portuguese word, so choose the one that fits THIS screen."
"5","map.insights.aria","Propagation insights","","",""
"5","map.insights.title","Conditions","","","Short label on: map view. The same English text ""Conditions"" is used by 3 different keys (e.g. map.insights.pill, connect.pane.advisory.title) — each can take a different Portuguese word, so choose the one that fits THIS screen."
"5","map.insights.collapse.title","Collapse","","","One-word control on: map view. Out of context this could be a noun or a verb — open that screen (or read the key name) before choosing the Portuguese word."
"5","map.insights.muf.title","Maximum Usable Frequency — the modelled DX ceiling right now; bands below it are open","","DX",""
"5","map.insights.muf.value","{{muf}} MHz","","{{muf}} | MHz","Short label on: map view. The same English text ""{{muf}} MHz"" is used by 2 different keys (e.g. prop.measuredMuf.value) — each can take a different Portuguese word, so choose the one that fits THIS screen."
"5","map.insights.muf.aria.rising","MUF rising","","MUF",""
"5","map.insights.muf.aria.falling","MUF falling","","MUF",""
"5","map.insights.muf.aria.steady","MUF steady","","MUF",""
"5","map.insights.bands.head","Band conditions","","","Short label on: map view. The same English text ""Band conditions"" is used by 2 different keys (e.g. prop.bandConditions.aria) — each can take a different Portuguese word, so choose the one that fits THIS screen."
"5","map.insights.outlook.head","Outlook","","","One-word control on: map view. Out of context this could be a noun or a verb — open that screen (or read the key name) before choosing the Portuguese word."
"5","map.insights.heatmap.head","Modelled band × hour","","",""
"5","connect.intent.aria","What are you doing?","","",""
"5","connect.intent.dx.label","Chase DX","","DX",""
"5","connect.intent.dx.title","Beam map, need-colored, live openings","","",""
"5","connect.intent.pota.title","World view, park/summit activators","","",""
"5","connect.intent.casual.label","Ragchew","","","One-word control on: Connect — the map view. Out of context this could be a noun or a verb — open that screen (or read the key name) before choosing the Portuguese word."
"5","connect.intent.casual.title","Who can I hear — signal-colored, calm","","",""
"5","connect.intent.vhf.title","Openings front-and-center (Es / F2 / aurora)","","F2",""
"5","connect.map3d.title.on","Using the 3D WebGL globe — click for the 2D map (works on any PC)","","",""
"5","connect.map3d.title.off","Switch to the 3D WebGL globe (best on higher-end PCs)","","",""
"5","connect.globe3d.loading","Loading 3D globe…","","",""
"5","connect.popOut.label","⧉ Pop out","","","Short label on: Connect — the map view. The same English text ""⧉ Pop out"" is used by 6 different keys (e.g. needed.popOut.label, dxped.popOut.label, spots.popOut.label) — each can take a different Portuguese word, so choose the one that fits THIS screen."
"5","connect.popOut.title","Open Connect in its own window (for a second monitor)","","",""
"5","connect.slot.pick.aria","Choose what the {{slot}} slot shows","","{{slot}}",""
"5","connect.slot.pick.title","Choose what this slot shows","","",""
"5","connect.slot.group.core","Panels","","","One-word control on: Connect — the map view. Out of context this could be a noun or a verb — open that screen (or read the key name) before choosing the Portuguese word."
"5","connect.pane.advisory.title","Conditions","","","Short label on: Connect — the map view. The same English text ""Conditions"" is used by 3 different keys (e.g. map.insights.pill, map.insights.title) — each can take a different Portuguese word, so choose the one that fits THIS screen."
"5","connect.pane.bandAdvisor.title","Band Advisor","","",""
"5","connect.pane.selection.title","Selection","","","One-word control on: Connect — the map view. Out of context this could be a noun or a verb — open that screen (or read the key name) before choosing the Portuguese word."
"5","connect.pane.outlook.title","Band Outlook","","",""
"5","connect.pane.openings.title","Openings","","","One-word control on: Connect — the map view. Out of context this could be a noun or a verb — open that screen (or read the key name) before choosing the Portuguese word."
"5","connect.pane.openingsLog.title","Openings Log","","",""
"5","connect.pane.kpOutlook.title","Kp outlook","","",""
"5","connect.pane.kpOutlook.basic","Three-day planetary-K forecast from NOAA — when the bands settle down.","","NOAA",""
"5","connect.kp.unavailable","No Kp outlook yet — NOAA has not answered.","","NOAA",""
"5","connect.kp.noForward","NOAA has published no forecast beyond now.","","NOAA",""
"5","connect.kp.now","Now Kp {{kp}} ({{when}}, measured)","","{{kp}} | {{when}}",""
"5","connect.kp.peak","Worst ahead: Kp {{kp}} at {{when}}","","{{kp}} | {{when}}",""
"5","connect.kp.onset","Storm level (Kp {{kp}}) expected from {{when}}","","{{kp}} | {{when}}",""
"5","connect.kp.relief","Settling below storm level around {{when}}","","{{when}}",""
"5","connect.kp.chart.aria","Planetary K index, measured hours then forecast","","",""
"5","connect.kp.bar.title","{{when}} · Kp {{kp}} · {{kind}}{{scale}}","","{{when}} | {{kp}} | {{kind}} | {{scale}}",""
"5","connect.kp.kind.observed","measured","","","One-word control on: Connect — the map view. Out of context this could be a noun or a verb — open that screen (or read the key name) before choosing the Portuguese word."
"5","connect.kp.kind.estimated","estimated by NOAA","","NOAA",""
"5","connect.kp.kind.predicted","forecast","","","One-word control on: Connect — the map view. Out of context this could be a noun or a verb — open that screen (or read the key name) before choosing the Portuguese word."
"5","connect.pane.spacewx.title","Space Wx","","",""
"5","connect.pane.getout.title","Getting Out","","",""
"5","connect.pane.bestband.title","Best Band → Region","","",""
"5","connect.pane.activity.title","Activity Matrix","","",""
"5","connect.pane.beacons.title","NCDXF Beacons","","NCDXF",""
"5","connect.pane.insights.title","Insights","","","One-word control on: Connect — the map view. Out of context this could be a noun or a verb — open that screen (or read the key name) before choosing the Portuguese word."
"5","connect.pane.chase.title","Chase","","","One-word control on: Connect — the map view. Out of context this could be a noun or a verb — open that screen (or read the key name) before choosing the Portuguese word."
"5","connect.pane.greyline.title","Greyline","","","Short label on: Connect — the map view. The same English text ""Greyline"" is used by 2 different keys (e.g. globe.layer.greyline) — each can take a different Portuguese word, so choose the one that fits THIS screen."
"5","connect.pane.bandHours.title","24h Band×Hour","","",""
"5","connect.pane.esNowcast.title","Sporadic-E","","","One-word control on: Connect — the map view. Out of context this could be a noun or a verb — open that screen (or read the key name) before choosing the Portuguese word."
"5","connect.pane.measuredMuf.title","Measured MUF","","MUF",""
"5","connect.pane.chaseFeed.title","Chase Feed","","",""
"5","connect.pane.satPasses.title","Satellite Passes","","",""
"5","connect.pane.rotor.title","Rotor","","","Short label on: Connect — the map view. The same English text ""Rotor"" is used by 2 different keys (e.g. sat.rail.gate.rotor) — each can take a different Portuguese word, so choose the one that fits THIS screen."
"5","connect.pane.amp.title","Amplifier","","","Short label on: Connect — the map view. The same English text ""Amplifier"" is used by 4 different keys (e.g. settings.amplifier.legend, settings.amplifier.model.label, amp.strip.aria) — each can take a different Portuguese word, so choose the one that fits THIS screen."
"5","connect.pane.scope.title","Band Scope","","",""
"5","connect.pane.contests.title","Contests","","","One-word control on: Connect — the map view. Out of context this could be a noun or a verb — open that screen (or read the key name) before choosing the Portuguese word."
"5","connect.pane.openingsLog.basic","A historical record of every detected band opening (6m/2m tropo, Es, aurora) builds here.","","6m | 2m",""
"5","connect.pane.satPasses.basic","Upcoming amateur-satellite passes over your QTH appear here once orbital elements load.","","QTH",""
"5","connect.pane.rotor.basic","Rotator control appears here once you pick a rotator model and port in Settings ▸ Radio ▸ Rotator.","","",""
"5","connect.pane.amp.basic","Amplifier readings appear here once you pick an amplifier and its port in Settings ▸ Radio ▸ Amplifier.","","",""
"5","connect.pane.scope.basic","A live spectrum of the active radio's passband — band noise and signals at a glance.","","",""
"5","connect.pane.scope.idle","Flat — the radio's audio isn't reaching Nexus right now.","","Nexus",""
"5","connect.pane.contests.basic","Upcoming HF/VHF contests (WA7BNM) appear here once online.","","VHF | HF | HF/VHF",""
"5","connect.prov.title","Data provenance","","","Short label on: Connect — the map view. The same English text ""Data provenance"" is used by 2 different keys (e.g. dxped.prov.title) — each can take a different Portuguese word, so choose the one that fits THIS screen."
"5","connect.prov.live","LIVE","","","Abbreviation shown on: Connect — the map view. Check the screen before expanding or translating it."
"5","connect.prov.partial","PARTIAL","","","Abbreviation shown on: Connect — the map view. Check the screen before expanding or translating it."
"5","connect.prov.cached","CACHED {{mins}}m","","{{mins}}","Short label on: Connect — the map view. The same English text ""CACHED {{mins}}m"" is used by 2 different keys (e.g. dxped.prov.cached) — each can take a different Portuguese word, so choose the one that fits THIS screen."
"5","connect.prov.offline","NO LIVE DATA","","DATA","Short label on: Connect — the map view. The same English text ""NO LIVE DATA"" is used by 4 different keys (e.g. map.prov.none, dxped.prov.none, nowbar.prop.offline) — each can take a different Portuguese word, so choose the one that fits THIS screen."
"5","connect.selection.clear.title","Clear selection","","",""
"5","connect.selection.age.secs","{{secs}}s ago","","{{secs}}","Short label on: Connect — the map view. The same English text ""{{secs}}s ago"" is used by 5 different keys (e.g. map.hover.aprs.ageSecs, chase.age.secs, bandMap.age.secs) — each can take a different Portuguese word, so choose the one that fits THIS screen."
"5","connect.selection.age.mins","{{mins}}m ago","","{{mins}}","Short label on: Connect — the map view. The same English text ""{{mins}}m ago"" is used by 7 different keys (e.g. map.hover.aprs.ageMins, prop.opening.ago.mins, chase.age.mins) — each can take a different Portuguese word, so choose the one that fits THIS screen."
"5","connect.selection.heardYou","heard YOU","","",""
"5","connect.selection.approx","~location","","","One-word control on: Connect — the map view. Out of context this could be a noun or a verb — open that screen (or read the key name) before choosing the Portuguese word."
"5","connect.selection.decoded","decoded here","","",""
"5","connect.selection.workedBefore","worked before","","",""
"5","connect.selection.bestShot","Best shot: {{window}}","","{{window}}",""
"5","connect.selection.work.title","Rig jumps to this spot's band/mode/frequency; the right cockpit opens","","",""
"5","connect.selection.work.label","▶ Work {{band}}","","{{band}}","Short label on: Connect — the map view. The same English text ""▶ Work {{band}}"" is used by 2 different keys (e.g. dxped.card.work.label) — each can take a different Portuguese word, so choose the one that fits THIS screen."
"5","connect.engine.modelled","modelled","","","Short label on: Connect — the map view. The same English text ""modelled"" is used by 2 different keys (e.g. dxped.engine.modelled) — each can take a different Portuguese word, so choose the one that fits THIS screen."
"5","connect.engine.outlook","modelled · DX","","DX",""
"5","connect.path.heading","Path to {{call}}","","{{call}}",""
"5","connect.path.muf.title","Maximum Usable Frequency — the path's ceiling right now. Bands below it are open; bands above it are closed.","","",""
"5","connect.path.muf","Ceiling (MUF): <b>{{muf}} MHz</b>","","{{muf}} | <b> | MHz | MUF",""
"5","connect.path.none","No HF band modelled workable on this path right now.","","HF",""
"5","connect.path.greyline.title","Greyline (terminator) opening","","",""
"5","connect.path.modeChip.title","{{mode}}: ~{{pct}}% of days this circuit works right now (P.533)","","{{mode}} | {{pct}}",""
"5","connect.outlook.heading","Band outlook","","",""
"5","connect.outlook.muf.title","Maximum Usable Frequency — the modeled ceiling to long-haul DX right now. Bands below it are open; above it, closed.","","DX",""
"5","connect.outlook.none","No HF band modelled workable to DX right now.","","DX | HF",""
"5","connect.getout.heading","Am I getting out?","","",""
"5","connect.getout.none","No reception reports yet — call CQ, then watch who hears you.","","CQ",""
"5","connect.getout.summary","<b>{{count}}</b> hearing you · furthest <b>{{km}} km</b>","","{{count}} | {{km}} | <b>",""
"5","connect.getout.select.title","Select {{call}} on the map","","{{call}}",""
"5","connect.basic.loading","Reading the band…","","",""
"5","connect.basic.offline","No live propagation data right now.","","",""
"5","connect.basic.bandAdvisor.offline","No live band data yet.","","",""
"5","connect.basic.bandAdvisor.none","No bands modelled open right now.","","",""
"5","connect.basic.bandAdvisor.best","Best band now: {{band}} ({{word}}).","","{{band}} | {{word}}",""
"5","connect.basic.bandAdvisor.bestRegion","Best band now: {{band}} to {{region}} ({{word}}).","","{{band}} | {{region}} | {{word}}",""
"5","connect.basic.selection.none","Tap a station, spot, or DXpedition on the map.","","DXpedition",""
"5","connect.basic.selection","{{call}} — {{who}}{{az}}{{band}}.","","{{call}} | {{who}} | {{az}} | {{band}}",""
"5","connect.basic.selection.hearing","{{call}} — {{who}}{{az}}{{band}}, and is hearing you.","","{{call}} | {{who}} | {{az}} | {{band}}",""
"5","connect.basic.selection.az"," {{az}}","","{{az}}","One-word control on: Connect — the map view. Out of context this could be a noun or a verb — open that screen (or read the key name) before choosing the Portuguese word."
"5","connect.basic.selection.band"," on {{band}}","","{{band}}",""
"5","connect.basic.outlook.none.call","No HF band modelled workable to {{call}} right now.","","{{call}} | HF",""
"5","connect.basic.outlook.none.dx","No HF band modelled workable for DX right now.","","DX | HF",""
"5","connect.basic.outlook.path","{{band}} is your best path to {{call}} now — {{window}}.","","{{band}} | {{call}} | {{window}}",""
"5","connect.basic.outlook.best","Best DX band now: {{band}} ({{workability}}).","","{{band}} | {{workability}} | DX",""
"5","connect.basic.openings.none","No band openings right now.","","",""
"5","connect.basic.openings","{{band}} OPEN {{octant}} — ~{{km}} km, {{stations}} stns.","","{{band}} | {{octant}} | {{km}} | {{stations}}",""
"5","connect.basic.spaceWx.unavailable","Space weather unavailable.","","",""
"5","connect.basic.spaceWx","SFI {{sfi}}, Kp {{kp}}: {{impact}}.","","{{sfi}} | {{kp}} | {{impact}}",""
"5","connect.basic.spaceWx.flare","SFI {{sfi}}, Kp {{kp}}: {{impact}}; {{xray}} flare in progress.","","{{sfi}} | {{kp}} | {{impact}} | {{xray}}",""
"5","connect.basic.spaceWx.blackout","SFI {{sfi}}, Kp {{kp}}: {{impact}}; R{{scale}} radio blackout.","","{{sfi}} | {{kp}} | {{impact}} | {{scale}}",""
"5","connect.basic.spaceWx.flareBlackout","SFI {{sfi}}, Kp {{kp}}: {{impact}}; {{xray}} flare in progress; R{{scale}} radio blackout.","","{{sfi}} | {{kp}} | {{impact}} | {{xray}} | {{scale}}",""
"5","connect.basic.getout.dir","{{count}} hearing you — {{dir}}.","","{{count}} | {{dir}}",""
"5","connect.basic.getout.furthest","{{count}} hearing you — furthest {{km}} km.","","{{count}} | {{km}}",""
"5","connect.basic.bestband.none","No region reachable on any band yet.","","",""
"5","connect.basic.bestband","To {{region}}: try {{band}} ({{word}}).","","{{region}} | {{band}} | {{word}}",""
"5","connect.basic.activity.offline","No live activity data right now.","","",""
"5","connect.basic.activity.none","Quiet on all bands — no activity around you yet.","","",""
"5","connect.basic.activity.top::one","Hottest: {{band}} to {{region}} ({{count}} stn).","","{{band}} | {{region}} | {{count}}","Plural form ""one"" — this key has one row per form (::one = exactly 1, ::other = every other count). Fill both rows separately; never merge them into one sentence."
"5","connect.basic.activity.top::other","Hottest: {{band}} to {{region}} ({{count}} stns).","","{{band}} | {{region}} | {{count}}","Plural form ""other"" — this key has one row per form (::one = exactly 1, ::other = every other count). Fill both rows separately; never merge them into one sentence."
"5","connect.basic.beacons.heard","Beacons heard: {{list}}.","","{{list}}",""
"5","connect.basic.beacons.now","Beacons now: {{list}}.","","{{list}}",""
"5","connect.basic.insights.none","No notable changes right now.","","",""
"5","connect.basic.greyline.noGrid","Set your grid in Settings to see your greyline windows.","","",""
"5","connect.basic.greyline.sunrise","Your sunrise greyline in {{when}} — watch 160/80/40m long-path.","","{{when}} | 40m",""
"5","connect.basic.greyline.sunset","Your sunset greyline in {{when}} — watch 160/80/40m long-path.","","{{when}} | 40m",""
"5","connect.basic.greyline.in.hours","{{hours}}h {{mins}}m","","{{hours}} | {{mins}}",""
"5","connect.basic.greyline.in.mins","{{mins}}m","","{{mins}}","Short label on: Connect — the map view. The same English text ""{{mins}}m"" is used by 3 different keys (e.g. aprs.age.mins, nowbar.age.mins) — each can take a different Portuguese word, so choose the one that fits THIS screen."
"5","connect.basic.bandHours.none","No workable bands modelled in the next 24 h.","","",""
"5","connect.basic.bandHours.peak","{{band}} peaks {{hour}}Z ({{pct}}%).","","{{band}} | {{hour}} | {{pct}}",""
"5","connect.basic.muf.noData","No live ionosonde data right now.","","",""
"5","connect.basic.muf.noneNearby","No ionosonde MUF reported nearby.","","MUF",""
"5","connect.basic.muf.nearby","Measured MUF nearby: {{mhz}} MHz ({{mins}} min old).","","{{mhz}} | {{mins}} | MHz | MUF",""
"5","connect.basic.es.open::one","{{band}} OPEN {{octant}} — ~{{km}} km {{mode}}, {{count}} stn.","","{{band}} | {{octant}} | {{km}} | {{mode}} | {{count}}","Plural form ""one"" — this key has one row per form (::one = exactly 1, ::other = every other count). Fill both rows separately; never merge them into one sentence."
"5","connect.basic.es.open::other","{{band}} OPEN {{octant}} — ~{{km}} km {{mode}}, {{count}} stns.","","{{band}} | {{octant}} | {{km}} | {{mode}} | {{count}}","Plural form ""other"" — this key has one row per form (::one = exactly 1, ::other = every other count). Fill both rows separately; never merge them into one sentence."
"5","connect.basic.es.season","Es season: watch {{freq}} for sudden 6m DX.","","{{freq}} | DX | 6m",""
"5","connect.basic.es.quiet","6m quiet — outside Es season.","","6m",""
"5","globe.unsupported","This machine's graphics can't run the 3-D globe. Switch back to the 2-D map (🌐 button) — it works everywhere.","","",""
"5","globe.spin.stop.title","Stop the globe spinning","","",""
"5","globe.spin.start.title","Spin the globe","","",""
"5","globe.spin.pause","⏸ Spin","","","Short label on: 3D globe. The same English text ""⏸ Spin"" is used by 2 different keys (e.g. logbook.globe.spin.pause) — each can take a different Portuguese word, so choose the one that fits THIS screen."
"5","globe.spin.play","▶ Spin","","","Short label on: 3D globe. The same English text ""▶ Spin"" is used by 2 different keys (e.g. logbook.globe.spin.play) — each can take a different Portuguese word, so choose the one that fits THIS screen."
"5","globe.layers.head","Layers","","","Short label on: 3D globe. The same English text ""Layers"" is used by 2 different keys (e.g. map.layers.head) — each can take a different Portuguese word, so choose the one that fits THIS screen."
"5","globe.layer.spots","Spots","","","Short label on: 3D globe. The same English text ""Spots"" is used by 4 different keys (e.g. spots.title, nav.spots.label, features.spots.label) — each can take a different Portuguese word, so choose the one that fits THIS screen."
"5","globe.layer.decodes","My decodes","","","Short label on: 3D globe. The same English text ""My decodes"" is used by 2 different keys (e.g. map.layer.stations.label) — each can take a different Portuguese word, so choose the one that fits THIS screen."
"5","globe.layer.arcs","Heard-me arcs","","",""
"5","globe.layer.dxped","DXpeditions","","DXpeditions","Short label on: 3D globe. The same English text ""DXpeditions"" is used by 3 different keys (e.g. map.layer.dxped.label, features.dxped.label) — each can take a different Portuguese word, so choose the one that fits THIS screen."
"5","globe.layer.heat","Band heat","","",""
"5","globe.layer.openings","Opening sectors","","",""
"5","globe.layer.flare","Flare blackout","","",""
"5","globe.layer.aurora","Aurora","","","One-word control on: 3D globe. Out of context this could be a noun or a verb — open that screen (or read the key name) before choosing the Portuguese word."
"5","globe.layer.pca","Polar cap (PCA)","","",""
"5","globe.layer.greyline","Greyline","","","Short label on: 3D globe. The same English text ""Greyline"" is used by 2 different keys (e.g. connect.pane.greyline.title) — each can take a different Portuguese word, so choose the one that fits THIS screen."
"5","globe.layer.sats","Satellites","","","Short label on: 3D globe. The same English text ""Satellites"" is used by 4 different keys (e.g. sat.head.title, nav.sats.label, features.sats.label) — each can take a different Portuguese word, so choose the one that fits THIS screen."
"5","globe.layer.pass","Tracked pass","","",""
"5","globe.layer.rings","Range rings","","","Short label on: 3D globe. The same English text ""Range rings"" is used by 2 different keys (e.g. map.layer.rings.label) — each can take a different Portuguese word, so choose the one that fits THIS screen."
"5","globe.layer.cqzones","CQ zones","","CQ","Short label on: 3D globe. The same English text ""CQ zones"" is used by 3 different keys (e.g. map.layer.cqzones.label, map.coverage.dim.zones) — each can take a different Portuguese word, so choose the one that fits THIS screen."
"5","globe.layer.coverage","My coverage","","",""
"5","globe.layer.states","US states","","","Short label on: 3D globe. The same English text ""US states"" is used by 2 different keys (e.g. map.layer.states.label) — each can take a different Portuguese word, so choose the one that fits THIS screen."
"5","globe.layer.grid","Graticule","","","One-word control on: 3D globe. Out of context this could be a noun or a verb — open that screen (or read the key name) before choosing the Portuguese word."
"5","globe.layer.lights","City lights","","",""
"5","globe.sats.filter.aria","Filter satellites to ★ birds","","",""
"5","globe.sats.filter.on.title","Showing your ★ birds (Passes pane + 2-D map follow) — click to show all satellites","","",""
"5","globe.sats.filter.off.title","Showing all satellites — click to show only your ★ birds (Passes pane + 2-D map follow)","","",""
"5","globe.sats.filter.all","All","","","Short label on: 3D globe. The same English text ""All"" is used by 9 different keys (e.g. roster.filter.all, needed.filter.all, map.sats.filter.all) — each can take a different Portuguese word, so choose the one that fits THIS screen."
"5","globe.pass.aria","Tracked pass: {{name}}","","{{name}}",""
"5","globe.pass.elAz","El {{el}}° · Az {{az}}°","","{{el}} | {{az}}",""
"5","globe.pass.range","{{km}} km","","{{km}}","Short label on: 3D globe. The same English text ""{{km}} km"" is used by 2 different keys (e.g. sat.dome.readout.km) — each can take a different Portuguese word, so choose the one that fits THIS screen."
"5","globe.pass.losIn","LOS in {{mmss}}","","{{mmss}} | LOS",""
"5","sat.health.silent.label","silent","","","One-word control on: Satellites view. Out of context this could be a noun or a verb — open that screen (or read the key name) before choosing the Portuguese word."
"5","sat.health.silent.title","In orbit, but the catalog lists no live amateur transmitter — the pass geometry is real, there is nothing to work on it.","","",""
"5","sat.health.dead.label","dead","","","One-word control on: Satellites view. Out of context this could be a noun or a verb — open that screen (or read the key name) before choosing the Portuguese word."
"5","sat.health.dead.title","SatNOGS reports this bird silent. Its passes are still computed from real elements; working it is not expected.","","SatNOGS",""
"5","sat.health.reentered.label","re-entered","","","One-word control on: Satellites view. Out of context this could be a noun or a verb — open that screen (or read the key name) before choosing the Portuguese word."
"5","sat.health.reentered.title","SatNOGS reports this bird has re-entered — it is gone. Any pass shown is modelled from the last elements on file.","","SatNOGS",""
"5","sat.health.preLaunch.label","pre-launch","","","One-word control on: Satellites view. Out of context this could be a noun or a verb — open that screen (or read the key name) before choosing the Portuguese word."
"5","sat.health.preLaunch.title","SatNOGS has this bird on record but not yet deployed — nothing to work until it launches.","","SatNOGS",""
"5","sat.health.unknown.title","SatNOGS reports this bird's status as ""{{status}}"".","","{{status}} | SatNOGS",""
"5","sat.health.noElements.label","no elements","","",""
"5","sat.health.noElements.title","No source carries orbital elements for this bird right now, so its passes cannot be computed. It stays starred; rows return when elements do.","","",""
"5","sat.health.staleElements.label","stale elements","","",""
"5","sat.health.staleElements.title","The newest elements on file are past the 30-day ceiling where SGP4 accuracy is gone. Refresh elements, or wait for the next automatic refresh.","","",""
"5","sat.health.noPosition.label","no position","","",""
"5","sat.health.noPosition.title","Current elements, but the propagator refused a position for them — a decaying orbit does this. Nothing is being hidden; there is genuinely no place to draw.","","",""
"5","sat.elements.pastLine","{{past}} of {{total}} past 14 d","","{{past}} | {{total}}",""
"5","sat.elements.parts.aging","{{count}} past 14 d","","{{count}}",""
"5","sat.elements.parts.heldBack::one","{{count}} sits out past 30 d","","{{count}}","Plural form ""one"" — this key has one row per form (::one = exactly 1, ::other = every other count). Fill both rows separately; never merge them into one sentence."
"5","sat.elements.parts.heldBack::other","{{count}} sit out past 30 d","","{{count}}","Plural form ""other"" — this key has one row per form (::one = exactly 1, ::other = every other count). Fill both rows separately; never merge them into one sentence."
"5","sat.elements.summary.birds","{{count}} birds","","{{count}}","Short label on: Satellites view. The same English text ""{{count}} birds"" is used by 2 different keys (e.g. settings.orbitalElements.status.birds) — each can take a different Portuguese word, so choose the one that fits THIS screen."
"5","sat.elements.sentence.aging::one","{{count}} bird is past the 14-day line and drifting.","","{{count}}","Plural form ""one"" — this key has one row per form (::one = exactly 1, ::other = every other count). Fill both rows separately; never merge them into one sentence."
"5","sat.elements.sentence.aging::other","{{count}} birds are past the 14-day line and drifting.","","{{count}}","Plural form ""other"" — this key has one row per form (::one = exactly 1, ::other = every other count). Fill both rows separately; never merge them into one sentence."
"5","sat.elements.sentence.heldBack::one","{{count}} bird is past 30 days and sits out until fresh elements arrive.","","{{count}}","Plural form ""one"" — this key has one row per form (::one = exactly 1, ::other = every other count). Fill both rows separately; never merge them into one sentence."
"5","sat.elements.sentence.heldBack::other","{{count}} birds are past 30 days and sit out until fresh elements arrive.","","{{count}}","Plural form ""other"" — this key has one row per form (::one = exactly 1, ::other = every other count). Fill both rows separately; never merge them into one sentence."
"5","sat.lane.blocked.message","Sat: Celestrak blocked","","",""
"5","sat.lane.blocked.detail","Celestrak refused direct element fetches (HTTP 403/404) — direct attempts are stopped for 24 h. The hamradiotools.io mirror keeps retrying; elements may age until it lands.","","",""
"5","sat.lane.unusable.message","Sat: elements unusable","","",""
"5","sat.lane.unusable.detail","Every cached element set is over 30 days old — satellite surfaces refuse to point or tune on them. Refresh in Settings ▸ Radio ▸ Orbital elements, or import a fresh file.","","",""
"5","sat.lane.stale.message","Sat: elements {{days}} d old","","{{days}}",""
"5","sat.lane.stale.detail","Orbital elements are past the 14-day stale line — pass times, pointing and Doppler drift with age. Refresh from the Satellites section or Settings ▸ Radio ▸ Orbital elements.","","Doppler",""
"5","sat.lane.mostlyStale.message","Sat: {{label}}","","{{label}}",""
"5","sat.lane.mostlyStale.detail","Most of the element sets you hold are past the 14-day stale line — {{label}}. The typical bird is still current, so the age reads calm; the rest of the catalog's pass times, pointing and Doppler are drifting. Refresh from the Satellites section or Settings ▸ Radio ▸ Orbital elements.","","{{label}} | Doppler",""
"5","sat.vfoMap.off","Not set — downlink only","","",""
"5","sat.vfoMap.downlinkOnly","Downlink only (receive)","","",""
"5","sat.vfoMap.uplinkOnly","Uplink only (transmit)","","",""
"5","sat.vfoMap.aDownBUp","VFO A = downlink, VFO B = uplink","","VFO",""
"5","sat.vfoMap.aUpBDown","VFO A = uplink, VFO B = downlink","","VFO",""
"5","sat.vfoMap.mainDownSubUp","Main = downlink, Sub = uplink (IC-9700 full duplex)","","IC-9700",""
"5","sat.vfoMap.mainUpSubDown","Main = uplink, Sub = downlink","","",""
"5","sat.alarm.up","⏰ {{name}} is UP now (LOS {{los}}) · max {{maxEl}}°","","{{name}} | {{los}} | {{maxEl}} | LOS",""
"5","sat.alarm.rises","⏰ {{name}} rises {{aos}} (~{{mins}} min) · max {{maxEl}}°","","{{name}} | {{aos}} | {{mins}} | {{maxEl}}",""
"5","sat.alarm.stop","Stop alarm","","","Short label on: Satellites view. The same English text ""Stop alarm"" is used by 2 different keys (e.g. dxped.alarm.stop) — each can take a different Portuguese word, so choose the one that fits THIS screen."
"5","sat.iss.optOut","ISS auto-arm off — SSTV disarmed, dial restored","","SSTV | ISS",""
"5","sat.iss.los","ISS LOS — SSTV disarmed, dial restored","","SSTV | ISS | LOS",""
"5","sat.iss.armed","ISS overhead — tuned {{dial}} {{mode}}, SSTV armed","","{{dial}} | {{mode}} | SSTV | ISS",""
"5","sat.refresh.mirrorDown","Mirror unreachable — fetched from Celestrak: {{count}} birds","","{{count}}",""
"5","sat.refresh.ok","Orbital elements updated — {{count}} birds ({{source}})","","{{count}} | {{source}}",""
"5","sat.refresh.blocked","Celestrak refused direct element fetches — direct attempts are stopped for 24 h; the mirror keeps retrying.","","",""
"5","sat.refresh.mirrorUnreachableCurrent","The element mirror isn't reachable (it goes live with the next release); your elements are {{age}} d old — current.","","{{age}}",""
"5","sat.refresh.mirrorUnreachableStale","The element mirror is unreachable and your elements are {{days}} d old — import a fresh element file or retry later.","","{{days}}",""
"5","sat.refresh.mirrorUnreachableEmpty","The element mirror is unreachable and no usable elements are cached — import an element file to get the satellite surfaces running.","","",""
"5","sat.refresh.failed","Element update failed — no source delivered a usable set; retry shortly or import an element file.","","",""
"5","sat.passAlert.rotorLost","🛰 {{name}}: the rotator stopped answering — point it yourself. The pass, the transponder and Doppler keep running.","","{{name}} | Doppler",""
"5","sat.passAlert.inProgress","🛰 {{name}} pass in progress — {{mins}} min left, max el {{maxEl}}°","","{{name}} | {{mins}} | {{maxEl}}",""
"5","sat.passAlert.aos","🛰 AOS {{name}} — point {{az}}°, max el {{maxEl}}°, {{mins}} min pass","","{{name}} | {{az}} | {{maxEl}} | {{mins}} | AOS",""
"5","sat.passAlert.los","🛰 {{name}} pass complete — LOS.","","{{name}} | LOS",""
"5","sat.passAlert.los.dial","Dial handed back.","","",""
"5","sat.passAlert.los.split","Uplink split released.","","",""
"5","sat.passAlert.los.rotorPark","Rotor parking.","","",""
"5","sat.passAlert.los.rotorReady","Rotor moving to the ready position.","","",""
"5","sat.passesPane.noElements","No orbital elements yet — satellite data loads once online.","","",""
"5","sat.passesPane.noPasses","No passes over your QTH in the next 24 h (set your grid in Settings?).","","QTH",""
"5","sat.passesPane.line","Next: {{name}} {{when}}, max {{maxEl}}° {{aos}}→{{los}}.","","{{name}} | {{when}} | {{maxEl}} | {{aos}} | {{los}}",""
"5","sat.passesPane.now","now","","","Short label on: Satellites view. The same English text ""now"" is used by 4 different keys (e.g. roster.card.heard.now, operate.roster.age.now, waterfall.paused.now) — each can take a different Portuguese word, so choose the one that fits THIS screen."
"5","sat.passesPane.inMins","in {{mins}} min","","{{mins}}","Short label on: Satellites view. The same English text ""in {{mins}} min"" is used by 2 different keys (e.g. sat.countdown.mins) — each can take a different Portuguese word, so choose the one that fits THIS screen."
"5","sat.passesPane.favFilter.aria","Filter to ★ birds","","",""
"5","sat.passesPane.favFilter.on","Showing your ★ birds (map + globe follow) — click to show all satellites","","",""
"5","sat.passesPane.favFilter.off","Showing all satellites — click to show only your ★ birds (map + globe follow)","","",""
"5","sat.passesPane.favFilter.all","All","","","Short label on: Satellites view. The same English text ""All"" is used by 9 different keys (e.g. roster.filter.all, needed.filter.all, map.sats.filter.all) — each can take a different Portuguese word, so choose the one that fits THIS screen."
"5","sat.passesPane.stale.title","Orbital elements decay; pass times drift as they age","","",""
"5","sat.passesPane.stale","stale elements ({{days}} d) — times are approximate","","{{days}}",""
"5","sat.passesPane.mostlyStale.title","The typical bird in your catalog is still current, so the times below are good for it — but most of the set is past the 14-day line, or held back past 30 days. Refresh elements from the Satellites section.","","",""
"5","sat.passesPane.mostlyStale","{{label}} — most times are approximate","","{{label}}",""
"5","sat.passesPane.favEmpty","No passes for your ★ birds in the next 24 h.","","",""
"5","sat.passesPane.chase.on","Chasing — sorts first, footprint ring on the map. Click to stop.","","",""
"5","sat.passesPane.chase.off","Chase this bird — sort its passes first + draw its footprint on the map","","",""
"5","sat.passesPane.peakEl.title","Peak elevation {{el}}° — higher = longer, stronger pass","","{{el}}",""
"5","sat.passesPane.arc.title","Rise → set compass directions","","",""
"5","sat.passesPane.duration","{{mins}} min","","{{mins}}","Short label on: Satellites view. The same English text ""{{mins}} min"" is used by 3 different keys (e.g. dxped.alarm.lead.option, aprs.card.age.mins) — each can take a different Portuguese word, so choose the one that fits THIS screen."
"5","sat.head.title","Satellites","","","Short label on: Satellites view. The same English text ""Satellites"" is used by 4 different keys (e.g. globe.layer.sats, nav.sats.label, features.sats.label) — each can take a different Portuguese word, so choose the one that fits THIS screen."
"5","sat.head.sub","passes over your grid","","",""
"5","sat.head.bands.title","Elements past the 14-day line still fly the pass, with drifting times; elements past 30 days are not used at all — each of those birds is listed, with its reason, in the Birds list.","","",""
"5","sat.head.stale.title","Orbital elements are {{days}} days old — pass times and Doppler drift with element age. Click to refresh now; they also refresh automatically every 6 h when the network allows.","","{{days}} | Doppler",""
"5","sat.head.stale.chip","TLE {{days}} days — STALE","","{{days}} | TLE",""
"5","sat.head.stale.refreshing","· refreshing…","","",""
"5","sat.head.stale.refresh","· refresh","","",""
"5","sat.head.quiet.title","Orbital elements are {{days}} days old (the median of the {{sets}} sets in use). They refresh automatically every 6 h when the network allows; click to refresh now.","","{{days}} | {{sets}}",""
"5","sat.head.quiet.titleEmpty","No usable orbital elements are cached. Click to fetch them now; you can also import a file under Settings ▸ Radio ▸ Orbital elements.","","",""
"5","sat.head.quiet.refreshing","⟳ refreshing…","","",""
"5","sat.head.quiet.refresh","⟳ refresh elements","","",""
"5","sat.head.popOut.title","Open in its own window","","",""
"5","sat.head.seed.notice","Starred {{count}} active birds to get you started — change them any time with the ★ beside any bird.","","{{count}}",""
"5","sat.head.seed.dismiss.aria","Dismiss the starred-birds notice","","",""
"5","sat.head.seed.dismiss.title","Dismiss — your ★ birds stay exactly as they are","","",""
"5","sat.quality.overhead","overhead pass","","",""
"5","sat.quality.high","high pass","","",""
"5","sat.quality.workable","workable pass","","",""
"5","sat.quality.low","low horizon pass","","",""
"5","sat.countdown.now","NOW","","","Abbreviation shown on: Satellites view. Check the screen before expanding or translating it."
"5","sat.countdown.mins","in {{mins}} min","","{{mins}}","Short label on: Satellites view. The same English text ""in {{mins}} min"" is used by 2 different keys (e.g. sat.passesPane.inMins) — each can take a different Portuguese word, so choose the one that fits THIS screen."
"5","sat.countdown.hours","in {{hours}} h","","{{hours}}",""
"5","sat.state.inPass","IN PASS — {{mins}} min to LOS","","{{mins}} | LOS",""
"5","sat.state.prepositioning","slewing to the AOS azimuth","","AOS",""
"5","sat.why","{{when}} — {{el}}° {{quality}}, {{dur}} min, {{aos}}→{{los}}{{status}}","","{{when}} | {{el}} | {{quality}} | {{dur}} | {{aos}} | {{los}} | {{status}}",""
"5","sat.why.alreadyUp","already up","","",""
"5","sat.why.alive"," · reported alive (SatNOGS)","","SatNOGS",""
"5","sat.why.reported"," · reported {{status}} (SatNOGS)","","{{status}} | SatNOGS",""
"5","sat.earn.entities.title::one","{{count}} never-worked entity reachable through this pass's footprint: {{names}}{{more}}","","{{count}} | {{names}} | {{more}}","Plural form ""one"" — this key has one row per form (::one = exactly 1, ::other = every other count). Fill both rows separately; never merge them into one sentence."
"5","sat.earn.entities.title::other","{{count}} never-worked entities reachable through this pass's footprint: {{names}}{{more}}","","{{count}} | {{names}} | {{more}}","Plural form ""other"" — this key has one row per form (::one = exactly 1, ::other = every other count). Fill both rows separately; never merge them into one sentence."
"5","sat.earn.grids.title::one","{{count}} new Satellite VUCC grid reachable through this pass's footprint: {{grids}}{{more}}","","{{count}} | {{grids}} | {{more}} | VUCC","Plural form ""one"" — this key has one row per form (::one = exactly 1, ::other = every other count). Fill both rows separately; never merge them into one sentence."
"5","sat.earn.grids.title::other","{{count}} new Satellite VUCC grids reachable through this pass's footprint: {{grids}}{{more}}","","{{count}} | {{grids}} | {{more}} | VUCC","Plural form ""other"" — this key has one row per form (::one = exactly 1, ::other = every other count). Fill both rows separately; never merge them into one sentence."
"5","sat.earn.more"," +{{count}} more","","{{count}}",""
"5","sat.dome.aria.bird","Sky dome for {{name}}, north up. Satellite at azimuth {{az}} degrees, elevation {{el}} degrees.","","{{name}} | {{az}} | {{el}}",""
"5","sat.dome.aria.track","Sky dome for {{name}}, north up. Pass track from azimuth {{aos}} to {{los}} degrees, maximum elevation {{maxEl}} degrees.","","{{name}} | {{aos}} | {{los}} | {{maxEl}}",""
"5","sat.dome.aos.title","AOS — rises at {{az}} ({{wind}}) {{time}}","","{{az}} | {{wind}} | {{time}} | AOS",""
"5","sat.dome.los.title","LOS — sets at {{az}} ({{wind}}) {{time}}","","{{az}} | {{wind}} | {{time}} | LOS",""
"5","sat.dome.ghost.title","Antenna: commanded az/el (not a rotator read-back)","","",""
"5","sat.dome.ghost.azOnly.title","Antenna: azimuth {{az}} commanded — az-only rotator, no elevation sent","","{{az}}",""
"5","sat.dome.bird.title","{{name}} — az {{az}} el {{el}}","","{{name}} | {{az}} | {{el}}",""
"5","sat.dome.azEl","az {{az}} el {{el}}","","{{az}} | {{el}}",""
"5","sat.dome.antenna.noCommand","armed — no rotor command sent yet","","",""
"5","sat.dome.antenna.azOnly","az {{az}} · elevation not commanded (az-only rotator)","","{{az}}",""
"5","sat.dome.readout.satellite","Satellite","","","Short label on: Satellites view. The same English text ""Satellite"" is used by 3 different keys (e.g. memories.kind.satellite, settings.routing.rule.satellite) — each can take a different Portuguese word, so choose the one that fits THIS screen."
"5","sat.dome.readout.range","Range","","","One-word control on: Satellites view. Out of context this could be a noun or a verb — open that screen (or read the key name) before choosing the Portuguese word."
"5","sat.dome.readout.range.title","Slant range — how far the bird is FROM YOU.","","",""
"5","sat.dome.readout.km","{{km}} km","","{{km}}","Short label on: Satellites view. The same English text ""{{km}} km"" is used by 2 different keys (e.g. globe.pass.range) — each can take a different Portuguese word, so choose the one that fits THIS screen."
"5","sat.dome.readout.rangeRate"," · {{rate}} km/s {{trend}}","","{{rate}} | {{trend}}",""
"5","sat.dome.readout.closing","closing","","","One-word control on: Satellites view. Out of context this could be a noun or a verb — open that screen (or read the key name) before choosing the Portuguese word."
"5","sat.dome.readout.opening","opening","","","Short label on: Satellites view. The same English text ""opening"" is used by 2 different keys (e.g. map.legend.opening) — each can take a different Portuguese word, so choose the one that fits THIS screen."
"5","sat.dome.readout.altitude","Altitude","","","One-word control on: Satellites view. Out of context this could be a noun or a verb — open that screen (or read the key name) before choosing the Portuguese word."
"5","sat.dome.readout.altitude.title","Altitude — how far above the earth the bird is. Not range (its distance from you).","","",""
"5","sat.dome.readout.antenna","Antenna","","","One-word control on: Satellites view. Out of context this could be a noun or a verb — open that screen (or read the key name) before choosing the Portuguese word."
"5","sat.dome.readout.antenna.title","What the rotator was COMMANDED — not a read-back. Δ is the true angular gap to the bird.","","",""
"5","sat.dome.readout.riseSet","Rise / set","","",""
"5","sat.timeline.aos","AOS {{time}}","","{{time}} | AOS",""
"5","sat.timeline.los","LOS {{time}}","","{{time}} | LOS",""
"5","sat.timeline.peak","{{tca}}max {{maxEl}}°","","{{tca}} | {{maxEl}}",""
"5","sat.timeline.tca","TCA {{time}} · ","","{{time}}",""
"5","sat.timeline.nextPass","next pass {{countdown}}","","{{countdown}}",""
"5","sat.doppler.head","Doppler","","Doppler","Short label on: Satellites view. The same English text ""Doppler"" is used by 2 different keys (e.g. sat.rail.gate.doppler) — each can take a different Portuguese word, so choose the one that fits THIS screen."
"5","sat.doppler.none.off","Doppler is off — nothing is being tuned (Settings ▸ Radio ▸ Satellite Doppler).","","Doppler",""
"5","sat.doppler.none.pickConfirm","No transponder selected — pick one below; once your mapping is confirmed for this radio, Doppler tunes your uplink and the dial stays yours.","","Doppler",""
"5","sat.doppler.none.pickUplink","No transponder selected — pick one below and Doppler tunes your uplink; the dial stays yours.","","Doppler",""
"5","sat.doppler.none.pick","No transponder selected — pick one below to put the dial under Doppler.","","Doppler",""
"5","sat.doppler.none.unconfirmed","Your uplink-only mapping is not confirmed for this radio — nothing is being tuned.","","",""
"5","sat.doppler.none.beforeAos","Doppler corrects from AOS — nothing to correct until the bird is up.","","Doppler | AOS",""
"5","sat.doppler.none.noTuning","Doppler has not reported a tuning for this pass yet.","","Doppler",""
"5","sat.uplinkOnly.noLeg","Your uplink-only mapping has nothing to drive here — this bird has no separate uplink. Nothing is being tuned.","","",""
"5","sat.leg.downlink","↓ Downlink","","",""
"5","sat.leg.uplink","↑ Uplink","","",""
"5","sat.doppler.txMode.title","The TX (split) VFO's sideband — this bird's uplink runs {{mode}} while the downlink does not, and the radio's TX leg is set to match. Commanded by the engine with the Doppler tuning; shown here so a swapped sideband is never a surprise.","","{{mode}} | Doppler | VFO | TX",""
"5","sat.inverting.label","INVERTING","","","One-word control on: Satellites view. Out of context this could be a noun or a verb — open that screen (or read the key name) before choosing the Portuguese word."
"5","sat.inverting.title","Inverting linear transponder: tune the downlink UP and your uplink goes DOWN, and the sidebands swap (LSB up, USB down).","","LSB | USB",""
"5","sat.passband.head","Passband","","","Short label on: Satellites view. The same English text ""Passband"" is used by 2 different keys (e.g. phone.scope.audio.label) — each can take a different Portuguese word, so choose the one that fits THIS screen."
"5","sat.passband.inverting","inverting — tune up, transmit down","","",""
"5","sat.passband.nonInverting","non-inverting — both legs move the same way","","",""
"5","sat.passband.inverting.word","inverting","","","One-word control on: Satellites view. Out of context this could be a noun or a verb — open that screen (or read the key name) before choosing the Portuguese word."
"5","sat.passband.nonInverting.word","non-inverting","","","One-word control on: Satellites view. Out of context this could be a noun or a verb — open that screen (or read the key name) before choosing the Portuguese word."
"5","sat.passband.aria","Transponder passband, {{mode}}, ±{{half}} kHz either side of centre. Downlink {{down}} from centre, uplink {{up}} from centre.","","{{mode}} | {{half}} | {{down}} | {{up}} | kHz",""
"5","sat.passband.lane.downlink","Downlink","","","One-word control on: Satellites view. Out of context this could be a noun or a verb — open that screen (or read the key name) before choosing the Portuguese word."
"5","sat.passband.lane.uplink","Uplink","","","One-word control on: Satellites view. Out of context this could be a noun or a verb — open that screen (or read the key name) before choosing the Portuguese word."
"5","sat.passband.mark.title","{{glyph}} {{leg}}{{freq}} — offset {{offset}} from passband centre{{clamped}}","","{{glyph}} | {{leg}} | {{freq}} | {{offset}} | {{clamped}}",""
"5","sat.passband.mark.freq"," — {{hz}} Hz","","{{hz}} | Hz",""
"5","sat.passband.mark.clamped"," (outside the passband — the mark is parked on the edge)","","",""
"5","sat.passband.axis.title","kHz from passband centre","","kHz",""
"5","sat.passband.noWidth","No passband to tune inside — this is a single channel, or SatNOGS carries no width for it. There is no axis to draw; the offsets below are still exact.","","SatNOGS",""
"5","sat.passband.readout.doppler","Doppler {{shift}}","","{{shift}} | Doppler",""
"5","sat.passband.readout.offset","offset {{offset}}","","{{offset}}",""
"5","sat.passband.readout.width","±{{half}} kHz from centre","","{{half}} | kHz",""
"5","sat.kind.beacon","beacon","","","One-word control on: Satellites view. Out of context this could be a noun or a verb — open that screen (or read the key name) before choosing the Portuguese word."
"5","sat.kind.linear","linear","","","One-word control on: Satellites view. Out of context this could be a noun or a verb — open that screen (or read the key name) before choosing the Portuguese word."
"5","sat.kind.fmRepeater","FM repeater","","FM",""
"5","sat.rail.gate.pass","Pass","","","One-word control on: Satellites view. Out of context this could be a noun or a verb — open that screen (or read the key name) before choosing the Portuguese word."
"5","sat.rail.gate.rotor","Rotor","","","Short label on: Satellites view. The same English text ""Rotor"" is used by 2 different keys (e.g. connect.pane.rotor.title) — each can take a different Portuguese word, so choose the one that fits THIS screen."
"5","sat.rail.gate.transponder","Transponder","","","Short label on: Satellites view. The same English text ""Transponder"" is used by 2 different keys (e.g. sat.transponder.head) — each can take a different Portuguese word, so choose the one that fits THIS screen."
"5","sat.rail.gate.doppler","Doppler","","Doppler","Short label on: Satellites view. The same English text ""Doppler"" is used by 2 different keys (e.g. sat.doppler.head) — each can take a different Portuguese word, so choose the one that fits THIS screen."
"5","sat.rail.gate.elements","Elements","","","One-word control on: Satellites view. Out of context this could be a noun or a verb — open that screen (or read the key name) before choosing the Portuguese word."
"5","sat.rail.pass.armedIn","armed — AOS in {{mins}} min","","{{mins}} | AOS",""
"5","sat.rail.pass.armed","armed","","","Short label on: Satellites view. The same English text ""armed"" is used by 2 different keys (e.g. sat.badge.armed) — each can take a different Portuguese word, so choose the one that fits THIS screen."
"5","sat.rail.stop.title","Stop this track (rotor halts if it holds one; the dial is handed back)","","",""
"5","sat.rail.rotor.lost","stopped answering — pointing is yours; the pass, Doppler and your transponder keep running","","Doppler",""
"5","sat.rail.rotor.notInTrack","not in this track — re-arm to take the rotor","","",""
"5","sat.rail.rotor.none","no rotator configured — Settings ▸ Radio ▸ Rotator","","",""
"5","sat.rail.rotor.tracking","tracking · cmd az {{az}}{{el}}","","{{az}} | {{el}}",""
"5","sat.rail.rotor.azOnly"," (az only)","","",""
"5","sat.rail.rotor.armed","armed — takes the rotor 5 min before AOS","","AOS",""
"5","sat.rail.transponder.none","none — the dial stays yours","","",""
"5","sat.rail.transponder.auto"," picked for you","","",""
"5","sat.rail.transponder.change","change","","","One-word control on: Satellites view. Out of context this could be a noun or a verb — open that screen (or read the key name) before choosing the Portuguese word."
"5","sat.rail.transponder.pick","pick","","","One-word control on: Satellites view. Out of context this could be a noun or a verb — open that screen (or read the key name) before choosing the Portuguese word."
"5","sat.rail.transponder.goTo","Go to the transponder chooser below","","",""
"5","sat.rail.transponder.nothingToPick","No transmitters listed for this bird (SatNOGS) — nothing to pick","","SatNOGS",""
"5","sat.rail.doppler.off","off — nothing is being tuned","","",""
"5","sat.rail.doppler.waitingConfirm","waiting for a transponder — once your mapping is confirmed for this radio, Doppler tunes your uplink; the dial stays yours","","Doppler",""
"5","sat.rail.doppler.waitingUplink","waiting for a transponder — then Doppler tunes your uplink; the dial stays yours","","Doppler",""
"5","sat.rail.doppler.waiting","waiting for a transponder — then the downlink follows the bird","","",""
"5","sat.rail.doppler.simplex","on — one channel: both legs ride the same dial","","",""
"5","sat.rail.doppler.simplexUplinkOnly","one channel and an uplink-only mapping — nothing is being tuned; the dial stays yours","","",""
"5","sat.rail.doppler.both","correcting the downlink and the uplink","","",""
"5","sat.rail.doppler.downlink","correcting the downlink. {{next}}","","{{next}}",""
"5","sat.rail.doppler.uplink","correcting the uplink — the dial stays yours","","",""
"5","sat.rail.doppler.uplinkOnly","uplink-only mapping, nothing is being tuned. {{next}}","","{{next}}",""
"5","sat.rail.doppler.yourRadio","your radio","","",""
"5","sat.rail.uplink.confirm","Confirm the uplink and Doppler drives {{rig}} as {{pair}}.","","{{rig}} | {{pair}} | Doppler",""
"5","sat.rail.uplink.confirmMapping","Confirm {{mapping}} for {{rig}} and Doppler drives its uplink.","","{{mapping}} | {{rig}} | Doppler",""
"5","sat.rail.uplink.switchMapping","Your mapping cannot carry this pass on {{rig}} — switch it to {{pair}} and Doppler drives the uplink.","","{{rig}} | {{pair}} | Doppler",""
"5","sat.rail.uplink.ask","Pick which VFO carries your uplink to have Doppler tune that too.","","Doppler | VFO",""
"5","sat.rail.uplink.yours","The transmit VFO stays yours.","","VFO",""
"5","sat.rail.doppler.turnOn","turn on","","",""
"5","sat.rail.doppler.turnOn.title","Turn Doppler correction back on (the same switch as Settings ▸ Radio ▸ Satellite Doppler)","","Doppler",""
"5","sat.rail.uplink.switch.label","switch mapping","","",""
"5","sat.rail.uplink.confirm.label","confirm uplink","","",""
"5","sat.rail.uplink.switch.title","Switch {{rig}} to {{pair}}. Your mapping cannot carry this pass on this radio — nothing was written to it — and this is the layout Nexus drives here. Nothing changes until you click, and a wrong mapping transmits on your own downlink.","","{{rig}} | {{pair}} | Nexus",""
"5","sat.rail.uplink.confirm.title","Confirm {{pair}} for {{rig}}. Nexus read this from your radio model; nothing reaches your transmit VFO until you confirm it, and a wrong mapping transmits on your own downlink.","","{{pair}} | {{rig}} | Nexus | VFO",""
"5","sat.rail.uplink.confirmMapping.title","Confirm {{mapping}} — your chosen mapping — for {{rig}}. Nothing reaches its transmit VFO until you confirm it for this radio, and a wrong mapping transmits on your own downlink.","","{{mapping}} | {{rig}} | VFO",""
"5","sat.rail.vfoMap.aria","Satellite VFO mapping","","VFO","Short label on: Satellites view. The same English text ""Satellite VFO mapping"" is used by 2 different keys (e.g. settings.satelliteDoppler.vfoMap.aria) — each can take a different Portuguese word, so choose the one that fits THIS screen."
"5","sat.rail.vfoMap.title","Which VFO carries your uplink — match it to how your radio is wired. A wrong mapping transmits on your own downlink, into the satellite's output passband, on top of everyone else working the bird. Picking one confirms it for the radio Doppler is driving. Every mapping except Uplink only keeps the downlink corrected; Uplink only hands your one VFO to the transmit leg.","","Doppler | VFO",""
"5","sat.rail.elements.current","{{age}} d old — current","","{{age}}",""
"5","sat.rail.elements.stale","{{days}} days old — pointing and Doppler drift","","{{days}} | Doppler",""
"5","sat.rail.elements.refresh","refresh","","","One-word control on: Satellites view. Out of context this could be a noun or a verb — open that screen (or read the key name) before choosing the Portuguese word."
"5","sat.rail.elements.refresh.title","Fetch fresh orbital elements now. This armed pass keeps its frozen set — re-arm to track with the fresh one.","","",""
"5","sat.binding.name","Radio","","","Short label on: Satellites view. The same English text ""Radio"" is used by 2 different keys (e.g. settings.tabs.radio) — each can take a different Portuguese word, so choose the one that fits THIS screen."
"5","sat.binding.thisRadio","this radio","","","Short label on: Satellites view. The same English text ""this radio"" is used by 2 different keys (e.g. settings.radios.thisRadio) — each can take a different Portuguese word, so choose the one that fits THIS screen."
"5","sat.binding.legs"," — {{legs}} MHz{{note}}","","{{legs}} | {{note}} | MHz",""
"5","sat.binding.note"," — {{note}}","","{{note}}",""
"5","sat.binding.pegged","🔒 pinned","","",""
"5","sat.binding.unpegged","🔓 pin this radio","","",""
"5","sat.binding.pegged.title","Peg-lock is ON — this bird stays on the active radio; band+mode routing will not hand it to another rig. Click to unlock.","","",""
"5","sat.binding.unpegged.title","Peg-lock is OFF — a pick routes to the radio that owns the band and mode class. Click to pin the active radio instead.","","",""
"5","sat.lockOn.name","Dial","","","Short label on: Satellites view. The same English text ""Dial"" is used by 2 different keys (e.g. link.dial.label) — each can take a different Portuguese word, so choose the one that fits THIS screen."
"5","sat.lockOn.state","moved off the transponder? put the radio back on the bird","","",""
"5","sat.lockOn.label","Lock on","","",""
"5","sat.lockOn.title","Re-run your transponder pick — routes, sets the band and mode, writes both legs, and re-centres you in the passband. Use it after moving the dial off the transponder by hand, or when the rig came back somewhere else.","","",""
"5","sat.badge.rotorLost.title","The rotator stopped answering, so this track let it go — point the antenna yourself. The pass clock, the transponder and Doppler carry on to LOS.","","Doppler | LOS",""
"5","sat.badge.passOnly.title","Pass timing only — nothing is driven: no rotor in this track, and Doppler is not driving the dial (correction switched off, no transponder held, or an uplink-only mapping that is not driving this pass). The pass clock and geometry still run.","","Doppler",""
"5","sat.badge.dopplerOnly.title","No rotator in this track — Doppler {{what}}; nothing moves an antenna","","{{what}} | Doppler",""
"5","sat.badge.dopplerOnly.dialNow","is steering the radio dial","","",""
"5","sat.badge.dopplerOnly.dialAtAos","takes the radio dial at AOS","","AOS",""
"5","sat.badge.dopplerOnly.splitNow","is steering the TX (split) VFO — the dial stays yours","","VFO | TX",""
"5","sat.badge.dopplerOnly.splitAtAos","takes the TX (split) VFO at AOS — the dial stays yours","","AOS | VFO | TX",""
"5","sat.badge.rotorWaiting.title","The rotor has NOT been commanded yet — auto-track takes it 5 min before AOS","","AOS",""
"5","sat.badge.rotorDriving.title","Auto-track is driving the rotor — angles shown are what was COMMANDED (rotctld read-back lives on the rotor strip/pane)","","",""
"5","sat.badge.open.title","Open this pass's detail (sky dome, readiness rail) — tracking is not affected","","",""
"5","sat.badge.armed","armed","","","Short label on: Satellites view. The same English text ""armed"" is used by 2 different keys (e.g. sat.rail.pass.armed) — each can take a different Portuguese word, so choose the one that fits THIS screen."
"5","sat.badge.tracking","tracking","","","One-word control on: Satellites view. Out of context this could be a noun or a verb — open that screen (or read the key name) before choosing the Portuguese word."
"5","sat.badge.mode.rotorLost"," · rotor stopped answering","","",""
"5","sat.badge.mode.dopplerOnly"," · Doppler only","","Doppler",""
"5","sat.badge.mode.passOnly"," · pass timing only","","",""
"5","sat.badge.mode.rotorOnly"," · rotor only","","",""
"5","sat.badge.risesAz","rises az {{az}}°","","{{az}}",""
"5","sat.badge.cmdAz","cmd az {{az}}° {{el}}","","{{az}} | {{el}}",""
"5","sat.badge.azOnly","(az only)","","",""
"5","sat.track.stop","■ stop","","","Short label on: Satellites view. The same English text ""■ stop"" is used by 2 different keys (e.g. map.flare.preview.stop) — each can take a different Portuguese word, so choose the one that fits THIS screen."
"5","sat.track.stop.rotor.title","Stop auto-tracking (rotor halts)","","",""
"5","sat.track.stop.noRotor.title","Stop this track (no rotor involved; the dial is handed back)","","",""
"5","sat.detail.close.aria","Close this bird's detail","","",""
"5","sat.detail.close.title","Close — a tracked pass keeps tracking; the badge on this bar brings you back","","",""
"5","sat.noGrid","Set your grid square (Settings ▸ Station) first — passes are computed over YOUR location, and without a locator there is nothing honest to show.","","",""
"5","sat.strip.next.label","Next","","","One-word control on: Satellites view. Out of context this could be a noun or a verb — open that screen (or read the key name) before choosing the Portuguese word."
"5","sat.strip.next.why","The two soonest workable passes (10° peak or better), any bird — a pass already in progress leads","","",""
"5","sat.strip.best.label","Best 24 h","","",""
"5","sat.strip.best.why","The two highest-quality passes in the next 24 h — max elevation first, duration breaking ties","","",""
"5","sat.strip.row.title","{{name}} — {{why}}","","{{name}} | {{why}}",""
"5","sat.strip.fav.title","One of your ★ birds","","",""
"5","sat.work.label","▶ Work this pass","","",""
"5","sat.work.title.rotor","Work this pass: opens the bird, picks its transponder, arms rotor auto-track + the pass clock (Doppler tunes when its switches are on)","","Doppler",""
"5","sat.work.title.noRotor","Work this pass: opens the bird, picks its transponder, starts the pass clock + Doppler (no rotator configured — nothing will move)","","Doppler",""
"5","sat.work.short","▶ Work","","","Short label on: Satellites view. The same English text ""▶ Work"" is used by 2 different keys (e.g. chase.row.work.label) — each can take a different Portuguese word, so choose the one that fits THIS screen."
"5","sat.schedule.head","Schedule — favorites, next {{hours}} h","","{{hours}}",""
"5","sat.schedule.sortBy","Sort by {{label}}","","{{label}}",""
"5","sat.schedule.column.bird","Bird","","","One-word control on: Satellites view. Out of context this could be a noun or a verb — open that screen (or read the key name) before choosing the Portuguese word."
"5","sat.schedule.column.aos","AOS local","","AOS",""
"5","sat.schedule.column.maxEl","Max el","","",""
"5","sat.schedule.column.dur","Dur","","","Short label on: Satellites view. The same English text ""Dur"" is used by 2 different keys (e.g. prop.openingsLog.column.duration) — each can take a different Portuguese word, so choose the one that fits THIS screen."
"5","sat.schedule.column.path","Path","","","Short label on: Satellites view. The same English text ""Path"" is used by 4 different keys (e.g. map.path.aria, aprs.beacon.path.label, aprs.card.path.label) — each can take a different Portuguese word, so choose the one that fits THIS screen."
"5","sat.schedule.column.status","Status","","","One-word control on: Satellites view. Out of context this could be a noun or a verb — open that screen (or read the key name) before choosing the Portuguese word."
"5","sat.schedule.column.needed","Needed","","","Short label on: Satellites view. The same English text ""Needed"" is used by 4 different keys (e.g. roster.filter.needed, nav.needed.label, features.needed.label) — each can take a different Portuguese word, so choose the one that fits THIS screen."
"5","sat.schedule.empty.noFavs","No ★ birds yet — star a bird (☆ in the rows below, or in the Birds list) and its passes, alarms and needed-grid chips appear here.","","",""
"5","sat.schedule.empty.noPasses","No upcoming passes for your favorites in the next {{hours}} h{{why}}.","","{{hours}} | {{why}}",""
"5","sat.schedule.empty.noElements"," — waiting for orbital elements (first fetch needs the network once)","","",""
"5","sat.schedule.empty.excluded"," (birds whose elements are older than 30 days are excluded until a refresh)","","",""
"5","sat.schedule.unstar.title","Unstar removes the bird from this schedule and disarms its alarm","","",""
"5","sat.schedule.alive.label","alive","","","One-word control on: Satellites view. Out of context this could be a noun or a verb — open that screen (or read the key name) before choosing the Portuguese word."
"5","sat.schedule.alive.title","SatNOGS community reports it transmitting","","SatNOGS",""
"5","sat.schedule.dead.title","SatNOGS reports it silent/re-entered — geometry still shown, working it is unlikely","","SatNOGS",""
"5","sat.schedule.alarm.on","Alarm armed — click to disarm","","",""
"5","sat.schedule.alarm.off","Wake me before this bird rises (per-bird, survives restarts)","","",""
"5","sat.schedule.alarm.lead.title","Lead time before AOS","","AOS",""
"5","sat.schedule.stop.title","Stop this track","","",""
"5","sat.discovery.chip","Other birds overhead · {{count}} workable · 24 h","","{{count}}",""
"5","sat.discovery.chip.title","Birds outside your ★ set flying a workable pass (10° peak or better) over your grid in the next 24 h — one row per bird, its best pass. Star one to move it into your schedule.","","",""
"5","sat.discovery.bar","Other birds — each row is that bird's best pass in the next 24 h · ☆ moves it into your schedule","","",""
"5","sat.discovery.star.title","Star to move this bird into your schedule above — it gains needed-grid chips, the pass alarm and the 48 h view","","",""
"5","sat.discovery.workable.title","Workable passes (10° peak or better) in the next 24 h","","",""
"5","sat.discovery.workable","{{count}} in 24 h","","{{count}}",""
"5","sat.discovery.altitude.title","Current altitude","","",""
"5","sat.discovery.altitude","{{km}} km up","","{{km}}",""
"5","sat.discovery.clamped.title","Rose before the 6 h scan window — its true rise time is unknown here","","",""
"5","sat.discovery.showAll","show all {{count}} ▾","","{{count}}","Short label on: Satellites view. The same English text ""show all {{count}} ▾"" is used by 2 different keys (e.g. sat.transponder.showAll) — each can take a different Portuguese word, so choose the one that fits THIS screen."
"5","sat.discovery.empty","no other birds with a workable pass (10° peak or better) over your grid in the next 24 h","","",""
"5","sat.radio.frequencies.head","Frequencies","","","One-word control on: Satellites view. Out of context this could be a noun or a verb — open that screen (or read the key name) before choosing the Portuguese word."
"5","sat.radio.idle.noBird","Open a bird to see its transponders; arm a pass and the live dial, the Doppler shift and your place in the passband read out here.","","Doppler",""
"5","sat.radio.idle.noTrack","Arm a pass (▶ Work this pass) and the live dial, the Doppler shift and your place in the passband read out here.","","Doppler",""
"5","sat.transponder.head","Transponder","","","Short label on: Satellites view. The same English text ""Transponder"" is used by 2 different keys (e.g. sat.rail.gate.transponder) — each can take a different Portuguese word, so choose the one that fits THIS screen."
"5","sat.transponder.list.aria","Transponder — where Doppler puts the dial","","Doppler",""
"5","sat.transponder.none.aria","Work no transponder — leave the dial to me","","",""
"5","sat.transponder.none.label","None — leave the dial to me","","",""
"5","sat.transponder.card.aria","Work {{description}}","","{{description}}",""
"5","sat.transponder.auto","picked for you — change it here if this is not the one","","",""
"5","sat.transponder.showAll","show all {{count}} ▾","","{{count}}","Short label on: Satellites view. The same English text ""show all {{count}} ▾"" is used by 2 different keys (e.g. sat.discovery.showAll) — each can take a different Portuguese word, so choose the one that fits THIS screen."
"5","sat.transponder.showAll.title","Show every workable transmitter SatNOGS lists for this bird","","SatNOGS",""
"5","sat.transponder.dead","reported dead (SatNOGS) — not workable","","SatNOGS",""
"5","sat.transponder.showDead","show {{count}} inactive","","{{count}}",""
"5","sat.transponder.showDead.title","Transmitters SatNOGS reports dead/re-entered — shown for the record, never workable","","SatNOGS",""
"5","sat.transponder.txMode.commanded","TX sideband: the uplink (split) VFO is set to <b>{{tx}}</b> — the downlink stays {{down}} while Doppler runs this pass.","","{{tx}} | {{down}} | <b> | Doppler | VFO | TX",""
"5","sat.transponder.txMode.notCommanded","This bird lists {{up}} up / {{down}} down (SatNOGS) — the TX sideband is not being commanded for this pass ({{why}}).","","{{up}} | {{down}} | {{why}} | SatNOGS | TX",""
"5","sat.transponder.txMode.why.dopplerOff","Doppler correction is off","","Doppler",""
"5","sat.transponder.txMode.why.notDriving","Doppler is not driving the uplink on this radio","","Doppler",""
"5","sat.transponder.txMode.why.shared","the legs share a sideband, or the mode is yours","","",""
"5","sat.transponder.txMode.forecast","TX sideband: this bird runs {{up}} up / {{down}} down (SatNOGS). Once your uplink mapping is confirmed for the radio in use, the TX (split) VFO is set to match while a tracked pass runs.","","{{up}} | {{down}} | SatNOGS | VFO | TX",""
"5","sat.transponder.state.dopplerOff","Doppler correction is off, so nothing is being tuned. Turn it on in Settings ▸ Radio ▸ Satellite Doppler.","","Doppler",""
"5","sat.transponder.state.uplinkOnly.driving","Your uplink-only mapping keeps the dial yours — only the transmit VFO is tuned.","","VFO",""
"5","sat.transponder.state.uplinkOnly.unconfirmed","Your uplink-only mapping is not confirmed for this radio — nothing is being tuned. Confirm it on the pass rail.","","",""
"5","sat.transponder.state.uplinkOnly.pending","Your uplink-only mapping keeps the dial yours — the transmit VFO is tuned once it is confirmed for the radio in use and a tracked pass runs.","","VFO",""
"5","sat.transponder.state.tuning","Doppler tunes this transponder while auto-track is following the pass.","","Doppler",""
"5","sat.transponder.otherBird","Doppler holds a transponder on {{name}}. Picking one here takes the dial from it.","","{{name}} | Doppler",""
"5","sat.credit.satnogs","frequencies & status: SatNOGS DB (CC-BY-SA 4.0)","","SatNOGS | CC-BY | 4.0",""
"5","sat.credit.noBird","Open a bird to choose which transponder Doppler puts the dial on.","","Doppler",""
"5","sat.credit.noData","no transponder data yet — fetched from SatNOGS DB when online","","SatNOGS",""
"5","sat.credit.noTransmitters","no transmitters listed for this bird (SatNOGS DB)","","SatNOGS",""
"5","sat.passline.beyond","next pass over you rises {{time}} ({{countdown}})","","{{time}} | {{countdown}}",""
"5","sat.passline.none","no pass over you in the next 24 h","","",""
"5","sat.log.note","Logs an ordinary contact from your dial, exactly as the Phone and CW log panels do. It is <b>not</b> tagged as a satellite QSO: Nexus does not write the ADIF PROP_MODE and SAT_NAME fields yet, so the contact counts toward neither LoTW satellite credit <b>nor Nexus’s own satellite totals</b>. Add <b>both</b> fields yourself if you want that credit — one without the other is refused at signing, and on 2 m the grid otherwise counts toward your terrestrial VUCC, which a satellite contact does not earn.","","<b> | Nexus | ADIF | LoTW | VUCC | QSO | CW",""
"5","sat.log.note.title","Logs an ordinary contact from your dial, exactly as the Phone and CW log panels do. It is NOT tagged as a satellite QSO: Nexus does not write the ADIF PROP_MODE and SAT_NAME fields yet, so the contact counts toward neither LoTW satellite credit nor Nexus's own satellite totals. Add BOTH fields yourself if you want that credit — one without the other is refused at signing, and on 2 m the grid otherwise counts toward your terrestrial VUCC, which a satellite contact does not earn.","","Nexus | ADIF | LoTW | VUCC | QSO | CW",""
"5","sat.birds.head","Birds ({{count}})","","{{count}}",""
"5","sat.birds.search.placeholder","search…","","","One-word control on: Satellites view. Out of context this could be a noun or a verb — open that screen (or read the key name) before choosing the Portuguese word."
"5","sat.birds.star.title","★ favorites drive the schedule, the map emphasis, and alarms","","",""
"5","sat.birds.alt","alt {{km}} km","","{{km}}",""
"5","sat.birds.alt.title","Altitude — how far above the earth the bird is right now. Not range (its distance from you).","","",""
"5","sat.birds.empty","no elements yet — first fetch needs the network once","","",""
"5","sat.toast.track","Pass track {{name}}: {{doing}}","","{{name}} | {{doing}}",""
"5","sat.toast.track.rotor","armed — the rotor stays yours until 5 min before AOS","","AOS",""
"5","sat.toast.track.doppler","armed — no rotor in this track; Doppler takes the dial at AOS","","Doppler | AOS",""
"5","sat.toast.track.passOnly","armed — pass timing only; the dial stays yours","","",""
"5","sat.toast.track.following","following the pass","","",""
"5","sat.toast.track.nothing","Nothing to track — no matching pass to arm","","",""
"5","sat.toast.track.failed","Track failed: {{error}}","","{{error}}",""
"5","sat.toast.transponder.cleared","Transponder cleared — the dial is yours","","",""
"5","sat.toast.transponder.working","Working {{name}} {{label}}{{auto}}","","{{name}} | {{label}} | {{auto}}",""
"5","sat.toast.transponder.working.auto"," (picked for you — change below)","","",""
"5","sat.toast.transponder.failed","Transponder not selected: {{error}}","","{{error}}",""
"5","sat.toast.doppler.failed","Doppler setting: {{error}}","","{{error}} | Doppler",""
"5","sat.toast.peg.failed","Peg-lock: {{error}}","","{{error}}",""
"5","sat.toast.vfoMap.failed","VFO mapping: {{error}}","","{{error}} | VFO",""
"5","sat.armConfirm.title","Stale orbital elements","","",""
"5","sat.armConfirm.body","{{name}}: elements are {{days}} days old — pointing and Doppler will be off.","","{{name}} | {{days}} | Doppler",""
"5","sat.armConfirm.refreshing","Refreshing…","","","One-word control on: Satellites view. Out of context this could be a noun or a verb — open that screen (or read the key name) before choosing the Portuguese word."
"5","sat.armConfirm.refresh","Refresh elements","","",""
"5","sat.armConfirm.armAnyway","Arm anyway","","",""
"5","sat.armConfirm.cancel","Cancel","","","Short label on: Satellites view. The same English text ""Cancel"" is used by 4 different keys (e.g. logbook.markLotw.cancel, logbook.purge.cancel, spots.post.cancel) — each can take a different Portuguese word, so choose the one that fits THIS screen."
"5","memories.aria","Memories","","","Short label on: Memories (saved channels). The same English text ""Memories"" is used by 3 different keys (e.g. nav.memories.label, features.memories.label) — each can take a different Portuguese word, so choose the one that fits THIS screen."
"5","memories.kind.repeater","Repeater","","","One-word control on: Memories (saved channels). Out of context this could be a noun or a verb — open that screen (or read the key name) before choosing the Portuguese word."
"5","memories.kind.simplex","Simplex","","","Short label on: Memories (saved channels). The same English text ""Simplex"" is used by 2 different keys (e.g. memories.editor.offset.simplex) — each can take a different Portuguese word, so choose the one that fits THIS screen."
"5","memories.kind.hfnet","HF net","","HF",""
"5","memories.kind.calling","Calling","","","Short label on: Memories (saved channels). The same English text ""Calling"" is used by 2 different keys (e.g. operate.roster.col.calling) — each can take a different Portuguese word, so choose the one that fits THIS screen."
"5","memories.kind.digital","Digital","","","Short label on: Memories (saved channels). The same English text ""Digital"" is used by 2 different keys (e.g. nav.digital.group.label) — each can take a different Portuguese word, so choose the one that fits THIS screen."
"5","memories.kind.satellite","Satellite","","","Short label on: Memories (saved channels). The same English text ""Satellite"" is used by 3 different keys (e.g. sat.dome.readout.satellite, settings.routing.rule.satellite) — each can take a different Portuguese word, so choose the one that fits THIS screen."
"5","memories.kind.emcomm","EmComm","","","One-word control on: Memories (saved channels). Out of context this could be a noun or a verb — open that screen (or read the key name) before choosing the Portuguese word."
"5","memories.kind.reference","Reference","","","Short label on: Memories (saved channels). The same English text ""Reference"" is used by 2 different keys (e.g. ota.sort.reference) — each can take a different Portuguese word, so choose the one that fits THIS screen."
"5","memories.kind.other","Other","","","One-word control on: Memories (saved channels). Out of context this could be a noun or a verb — open that screen (or read the key name) before choosing the Portuguese word."
"5","memories.side.all","All memories","","",""
"5","memories.side.fav","★ Favorites","","",""
"5","memories.side.nets","Nets","","","One-word control on: Memories (saved channels). Out of context this could be a noun or a verb — open that screen (or read the key name) before choosing the Portuguese word."
"5","memories.side.group.rename.title","Rename group","","",""
"5","memories.side.group.delete.title","Delete group (memories stay)","","",""
"5","memories.side.newGroup.placeholder","New group…","","",""
"5","memories.search.placeholder.all","Search all…","","",""
"5","memories.search.placeholder.fav","Search favorites…","","",""
"5","memories.search.placeholder.nets","Search nets…","","",""
"5","memories.search.placeholder.group","Search {{group}}…","","{{group}}",""
"5","memories.search.placeholder.groupless","Search group…","","",""
"5","memories.toolbar.list.label","List","","","One-word control on: Memories (saved channels). Out of context this could be a noun or a verb — open that screen (or read the key name) before choosing the Portuguese word."
"5","memories.toolbar.list.title","List view — clean rows with an inline editor","","",""
"5","memories.toolbar.grid.label","Grid","","","Short label on: Memories (saved channels). The same English text ""Grid"" is used by 7 different keys (e.g. settings.station.grid.label, logbook.field.grid.label, logEntry.grid.placeholder) — each can take a different Portuguese word, so choose the one that fits THIS screen."
"5","memories.toolbar.grid.title","Grid view — the CHIRP-style spreadsheet","","CHIRP",""
"5","memories.toolbar.save.label","＋ Save {{freq}} {{mode}}","","{{freq}} | {{mode}}",""
"5","memories.toolbar.save.title","Save the current dial frequency + mode as a memory","","",""
"5","memories.toolbar.new.label","＋ New","","",""
"5","memories.toolbar.new.title","Add a memory by hand","","",""
"5","memories.toolbar.import.label","Import CSV","","CSV","Short label on: Memories (saved channels). The same English text ""Import CSV"" is used by 2 different keys (e.g. ota.parks.import) — each can take a different Portuguese word, so choose the one that fits THIS screen."
"5","memories.toolbar.import.title","Import a CHIRP CSV (duplicates are skipped)","","CHIRP | CSV",""
"5","memories.toolbar.export.label","Export CSV ({{count}})","","{{count}} | CSV",""
"5","memories.toolbar.export.title::one","Export the {{count}} shown channel as a CHIRP CSV (imports into ~1,000 radio models)","","{{count}} | CHIRP | CSV | 1,000","Plural form ""one"" — this key has one row per form (::one = exactly 1, ::other = every other count). Fill both rows separately; never merge them into one sentence."
"5","memories.toolbar.export.title::other","Export the {{count}} shown channels as a CHIRP CSV (imports into ~1,000 radio models)","","{{count}} | CHIRP | CSV | 1,000","Plural form ""other"" — this key has one row per form (::one = exactly 1, ::other = every other count). Fill both rows separately; never merge them into one sentence."
"5","memories.toolbar.popOut.label","↗ Pop out","","",""
"5","memories.toolbar.popOut.title","Pop Memories out into its own window (multi-monitor)","","",""
"5","memories.toolbar.packs.label","Packs","","","One-word control on: Memories (saved channels). Out of context this could be a noun or a verb — open that screen (or read the key name) before choosing the Portuguese word."
"5","memories.toolbar.packs.title","Install curated channel sets — nets, calling frequencies, POTA, digital","","POTA",""
"5","memories.empty.none","No memories yet.","","",""
"5","memories.empty.hint","Start with a <b>starter pack</b> — nets, calling frequencies, POTA, and digital watering holes, ready to go. Or save the current frequency with <b>＋ Save</b>, import a CHIRP CSV, or send repeaters here from the Program section. Star a memory (★) and it shows on the MEM strip in every cockpit.","","<b> | CHIRP | POTA | CSV",""
"5","memories.empty.browsePacks","Browse starter packs","","",""
"5","memories.empty.noMatch","Nothing matches this view.","","",""
"5","memories.grid.column.favorite","Favorite","","","One-word control on: Memories (saved channels). Out of context this could be a noun or a verb — open that screen (or read the key name) before choosing the Portuguese word."
"5","memories.grid.column.name","Name","","","Short label on: Memories (saved channels). The same English text ""Name"" is used by 4 different keys (e.g. logbook.field.name.label, logEntry.name.placeholder, memories.editor.name.label) — each can take a different Portuguese word, so choose the one that fits THIS screen."
"5","memories.grid.column.rx","RX MHz","","MHz | RX","Short label on: Memories (saved channels). The same English text ""RX MHz"" is used by 2 different keys (e.g. memories.editor.rx.label) — each can take a different Portuguese word, so choose the one that fits THIS screen."
"5","memories.grid.column.mode","Mode","","","Short label on: Memories (saved channels). The same English text ""Mode"" is used by 15 different keys (e.g. logbook.field.mode.label, logbook.column.mode, logEntry.override.mode.label) — each can take a different Portuguese word, so choose the one that fits THIS screen."
"5","memories.grid.column.offset","Offset","","","Short label on: Memories (saved channels). The same English text ""Offset"" is used by 2 different keys (e.g. memories.editor.offset.label) — each can take a different Portuguese word, so choose the one that fits THIS screen."
"5","memories.grid.column.tone","Tone","","","Short label on: Memories (saved channels). The same English text ""Tone"" is used by 2 different keys (e.g. memories.editor.tone.label) — each can take a different Portuguese word, so choose the one that fits THIS screen."
"5","memories.grid.column.kind","Kind","","","Short label on: Memories (saved channels). The same English text ""Kind"" is used by 2 different keys (e.g. memories.editor.kind.label) — each can take a different Portuguese word, so choose the one that fits THIS screen."
"5","memories.grid.column.actions","Actions","","","One-word control on: Memories (saved channels). Out of context this could be a noun or a verb — open that screen (or read the key name) before choosing the Portuguese word."
"5","memories.grid.tune.label","Tune","","","Short label on: Memories (saved channels). The same English text ""Tune"" is used by 4 different keys (e.g. memories.row.tune.label, program.row.tune.label, shell.net.tune) — each can take a different Portuguese word, so choose the one that fits THIS screen."
"5","memories.grid.tune.title","Tune to this memory","","",""
"5","memories.row.star.title","Star (show on cockpit strips)","","",""
"5","memories.row.unstar.title","Unstar (remove from cockpit strips)","","",""
"5","memories.row.main.title","Tune to {{freq}} MHz {{mode}}","","{{freq}} | {{mode}} | MHz",""
"5","memories.row.moveUp.aria","Move {{name}} up","","{{name}}",""
"5","memories.row.moveDown.aria","Move {{name}} down","","{{name}}",""
"5","memories.row.moveUp.title","Move up","","","Short label on: Memories (saved channels). The same English text ""Move up"" is used by 2 different keys (e.g. program.chan.moveUp.aria) — each can take a different Portuguese word, so choose the one that fits THIS screen."
"5","memories.row.moveDown.title","Move down","","","Short label on: Memories (saved channels). The same English text ""Move down"" is used by 2 different keys (e.g. program.chan.moveDown.aria) — each can take a different Portuguese word, so choose the one that fits THIS screen."
"5","memories.row.moveUp.rank.title","Move up one rank (1–{{limit}} are the strip)","","{{limit}}",""
"5","memories.row.moveDown.rank.title","Move down one rank (1–{{limit}} are the strip)","","{{limit}}",""
"5","memories.row.tune.label","Tune","","","Short label on: Memories (saved channels). The same English text ""Tune"" is used by 4 different keys (e.g. memories.grid.tune.label, program.row.tune.label, shell.net.tune) — each can take a different Portuguese word, so choose the one that fits THIS screen."
"5","memories.row.tune.title","Tune — sets frequency, mode, offset, and tone, and opens the right cockpit","","",""
"5","memories.row.edit.title","Edit","","","Short label on: Memories (saved channels). The same English text ""Edit"" is used by 2 different keys (e.g. settings.radios.edit.action) — each can take a different Portuguese word, so choose the one that fits THIS screen."
"5","memories.row.delete.title","Delete this memory","","",""
"5","memories.rank.on.title","Chip {{rank}} on the cockpit MEM strip{{hotkey}}","","{{rank}} | {{hotkey}}",""
"5","memories.rank.off.title","Rank {{rank}} — past the {{limit}} chips the cockpit MEM strip shows. Move it up with ▲.","","{{rank}} | {{limit}}",""
"5","memories.editor.name.label","Name","","","Short label on: Memories (saved channels). The same English text ""Name"" is used by 4 different keys (e.g. logbook.field.name.label, logEntry.name.placeholder, memories.grid.column.name) — each can take a different Portuguese word, so choose the one that fits THIS screen."
"5","memories.editor.kind.label","Kind","","","Short label on: Memories (saved channels). The same English text ""Kind"" is used by 2 different keys (e.g. memories.grid.column.kind) — each can take a different Portuguese word, so choose the one that fits THIS screen."
"5","memories.editor.rx.label","RX MHz","","MHz | RX","Short label on: Memories (saved channels). The same English text ""RX MHz"" is used by 2 different keys (e.g. memories.grid.column.rx) — each can take a different Portuguese word, so choose the one that fits THIS screen."
"5","memories.editor.mode.label","Mode","","","Short label on: Memories (saved channels). The same English text ""Mode"" is used by 15 different keys (e.g. logbook.field.mode.label, logbook.column.mode, logEntry.override.mode.label) — each can take a different Portuguese word, so choose the one that fits THIS screen."
"5","memories.editor.offset.label","Offset","","","Short label on: Memories (saved channels). The same English text ""Offset"" is used by 2 different keys (e.g. memories.grid.column.offset) — each can take a different Portuguese word, so choose the one that fits THIS screen."
"5","memories.editor.offset.simplex","Simplex","","","Short label on: Memories (saved channels). The same English text ""Simplex"" is used by 2 different keys (e.g. memories.kind.simplex) — each can take a different Portuguese word, so choose the one that fits THIS screen."
"5","memories.editor.offset.plus","+ up","","",""
"5","memories.editor.offset.minus","− down","","",""
"5","memories.editor.offset.split","Odd split","","",""
"5","memories.editor.offsetMhz.label","Offset MHz","","MHz",""
"5","memories.editor.txMhz.label","TX MHz","","MHz | TX",""
"5","memories.editor.tone.label","Tone","","","Short label on: Memories (saved channels). The same English text ""Tone"" is used by 2 different keys (e.g. memories.grid.column.tone) — each can take a different Portuguese word, so choose the one that fits THIS screen."
"5","memories.editor.tone.none","None","","","Short label on: Memories (saved channels). The same English text ""None"" is used by 4 different keys (e.g. settings.rigControl.split.none, settings.amplifier.model.none, settings.rotator.model.none) — each can take a different Portuguese word, so choose the one that fits THIS screen."
"5","memories.editor.tone.tone","Tone (encode)","","",""
"5","memories.editor.tone.tsql","TSQL (enc+dec)","","",""
"5","memories.editor.tone.dtcs","DTCS","","","Abbreviation shown on: Memories (saved channels). Check the screen before expanding or translating it."
"5","memories.editor.ctcss.label","CTCSS Hz","","Hz",""
"5","memories.editor.dtcs.label","DTCS code","","",""
"5","memories.editor.callsign.label","Callsign","","","Short label on: Memories (saved channels). The same English text ""Callsign"" is used by 5 different keys (e.g. settings.station.callsign.label, gettingStarted.station.shot.callsignLabel, spots.post.call.label) — each can take a different Portuguese word, so choose the one that fits THIS screen."
"5","memories.editor.days.label","Days","","","One-word control on: Memories (saved channels). Out of context this could be a noun or a verb — open that screen (or read the key name) before choosing the Portuguese word."
"5","memories.editor.days.aria","Net days (UTC)","","UTC",""
"5","memories.editor.start.label","Start (UTC)","","UTC",""
"5","memories.editor.remind.label","Remind me","","",""
"5","memories.editor.remind.aria","Enable a reminder for this net","","",""
"5","memories.editor.lead.aria","Reminder lead time in minutes","","",""
"5","memories.editor.lead.unit","min before (UTC schedule)","","UTC",""
"5","memories.editor.notes.label","Notes","","","Short label on: Memories (saved channels). The same English text ""Notes"" is used by 3 different keys (e.g. logbook.column.notes, logbook.field.notes.label) — each can take a different Portuguese word, so choose the one that fits THIS screen."
"5","memories.editor.groups.label","Groups","","","One-word control on: Memories (saved channels). Out of context this could be a noun or a verb — open that screen (or read the key name) before choosing the Portuguese word."
"5","memories.editor.groups.aria","Group membership","","",""
"5","memories.editor.done","Done","","","Short label on: Memories (saved channels). The same English text ""Done"" is used by 2 different keys (e.g. rtty.seq.done) — each can take a different Portuguese word, so choose the one that fits THIS screen."
"5","memories.picker.other","Other…","","","One-word control on: Memories (saved channels). Out of context this could be a noun or a verb — open that screen (or read the key name) before choosing the Portuguese word."
"5","memories.add.title","New memory","","",""
"5","memories.add.hint","Enter saves · Esc closes — the channel is kept either way","","",""
"5","memories.add.discard","Discard","","","Short label on: Memories (saved channels). The same English text ""Discard"" is used by 2 different keys (e.g. logPrompt.discard) — each can take a different Portuguese word, so choose the one that fits THIS screen."
"5","memories.add.discard.title","Delete this new memory and close the panel","","",""
"5","memories.select.row.aria","Select {{name}}","","{{name}}",""
"5","memories.select.all.aria","Select all shown","","",""
"5","memories.select.all.label","All shown","","",""
"5","memories.select.count::one","{{count}} selected","","{{count}}","Plural form ""one"" — this key has one row per form (::one = exactly 1, ::other = every other count). Fill both rows separately; never merge them into one sentence. Short label on: Memories (saved channels). The same English text ""{{count}} selected"" is used by 2 different keys (e.g. memories.select.count::other) — each can take a different Portuguese word, so choose the one that fits THIS screen."
"5","memories.select.count::other","{{count}} selected","","{{count}}","Plural form ""other"" — this key has one row per form (::one = exactly 1, ::other = every other count). Fill both rows separately; never merge them into one sentence. Short label on: Memories (saved channels). The same English text ""{{count}} selected"" is used by 2 different keys (e.g. memories.select.count::one) — each can take a different Portuguese word, so choose the one that fits THIS screen."
"5","memories.select.countHidden","{{count}} selected · {{hidden}} not in view","","{{count}} | {{hidden}}",""
"5","memories.select.clear","Clear","","","Short label on: Memories (saved channels). The same English text ""Clear"" is used by 11 different keys (e.g. logbook.search.clear, logEntry.clear.label, needed.filter.clear.label) — each can take a different Portuguese word, so choose the one that fits THIS screen."
"5","memories.select.delete.label","Delete {{count}}","","{{count}}",""
"5","memories.select.delete.title","Delete the selected memories in this view","","",""
"5","memories.select.confirm.title::one","Delete {{count}} memory?","","{{count}}","Plural form ""one"" — this key has one row per form (::one = exactly 1, ::other = every other count). Fill both rows separately; never merge them into one sentence."
"5","memories.select.confirm.title::other","Delete {{count}} memories?","","{{count}}","Plural form ""other"" — this key has one row per form (::one = exactly 1, ::other = every other count). Fill both rows separately; never merge them into one sentence."
"5","memories.select.confirm.body","They leave every group and the cockpit strips too. The toast that follows can undo it.","","",""
"5","memories.select.confirm.ok::one","Delete {{count}} memory","","{{count}}","Plural form ""one"" — this key has one row per form (::one = exactly 1, ::other = every other count). Fill both rows separately; never merge them into one sentence."
"5","memories.select.confirm.ok::other","Delete {{count}} memories","","{{count}}","Plural form ""other"" — this key has one row per form (::one = exactly 1, ::other = every other count). Fill both rows separately; never merge them into one sentence."
"5","memories.select.deleted::one","Deleted {{count}} memory","","{{count}}","Plural form ""one"" — this key has one row per form (::one = exactly 1, ::other = every other count). Fill both rows separately; never merge them into one sentence."
"5","memories.select.deleted::other","Deleted {{count}} memories","","{{count}}","Plural form ""other"" — this key has one row per form (::one = exactly 1, ::other = every other count). Fill both rows separately; never merge them into one sentence."
"5","memories.select.undo","Undo","","","One-word control on: Memories (saved channels). Out of context this could be a noun or a verb — open that screen (or read the key name) before choosing the Portuguese word."
"5","memories.select.restored::one","Restored {{count}} memory","","{{count}}","Plural form ""one"" — this key has one row per form (::one = exactly 1, ::other = every other count). Fill both rows separately; never merge them into one sentence."
"5","memories.select.restored::other","Restored {{count}} memories","","{{count}}","Plural form ""other"" — this key has one row per form (::one = exactly 1, ::other = every other count). Fill both rows separately; never merge them into one sentence."
"5","memories.packs.title","Starter packs","","",""
"5","memories.packs.close.aria","Close","","","Short label on: Memories (saved channels). The same English text ""Close"" is used by 3 different keys (e.g. logbook.form.close, aprs.card.close) — each can take a different Portuguese word, so choose the one that fits THIS screen."
"5","memories.packs.sub","One-click channel sets. Duplicates are skipped, so installing again is safe. Net schedules are UTC and approximate — enable a reminder per net.","","UTC",""
"5","memories.packs.meta","{{count}} channels · {{region}}","","{{count}} | {{region}}",""
"5","memories.packs.install","Install","","","One-word control on: Memories (saved channels). Out of context this could be a noun or a verb — open that screen (or read the key name) before choosing the Portuguese word."
"5","memories.packs.update","Update","","","Short label on: Memories (saved channels). The same English text ""Update"" is used by 2 different keys (e.g. ota.parks.update) — each can take a different Portuguese word, so choose the one that fits THIS screen."
"5","memories.packs.toast","{{pack}} — {{parts}}","","{{pack}} | {{parts}}",""
"5","memories.packs.toast.added::one","added {{count}} channel","","{{count}}","Plural form ""one"" — this key has one row per form (::one = exactly 1, ::other = every other count). Fill both rows separately; never merge them into one sentence."
"5","memories.packs.toast.added::other","added {{count}} channels","","{{count}}","Plural form ""other"" — this key has one row per form (::one = exactly 1, ::other = every other count). Fill both rows separately; never merge them into one sentence."
"5","memories.packs.toast.refreshed::one","refreshed {{count}} channel","","{{count}}","Plural form ""one"" — this key has one row per form (::one = exactly 1, ::other = every other count). Fill both rows separately; never merge them into one sentence."
"5","memories.packs.toast.refreshed::other","refreshed {{count}} channels","","{{count}}","Plural form ""other"" — this key has one row per form (::one = exactly 1, ::other = every other count). Fill both rows separately; never merge them into one sentence."
"5","memories.packs.toast.upToDate","{{pack}} — already up to date","","{{pack}}",""
"5","memories.toast.saved","Saved {{freq}} {{mode}}","","{{freq}} | {{mode}}",""
"5","memories.toast.alreadySaved","{{freq}} {{mode}} is already saved","","{{freq}} | {{mode}}",""
"5","memories.export.empty","Nothing to export in this view","","",""
"5","memories.export.done::one","Exported {{count}} channel → {{path}}","","{{count}} | {{path}}","Plural form ""one"" — this key has one row per form (::one = exactly 1, ::other = every other count). Fill both rows separately; never merge them into one sentence."
"5","memories.export.done::other","Exported {{count}} channels → {{path}}","","{{count}} | {{path}}","Plural form ""other"" — this key has one row per form (::one = exactly 1, ::other = every other count). Fill both rows separately; never merge them into one sentence."
"5","memories.import.notChirp","No channels found — is this a CHIRP CSV?","","CHIRP | CSV",""
"5","memories.import.done::one","Imported {{count}} channel","","{{count}}","Plural form ""one"" — this key has one row per form (::one = exactly 1, ::other = every other count). Fill both rows separately; never merge them into one sentence."
"5","memories.import.done::other","Imported {{count}} channels","","{{count}}","Plural form ""other"" — this key has one row per form (::one = exactly 1, ::other = every other count). Fill both rows separately; never merge them into one sentence."
"5","memories.import.dupes::one"," ({{count}} duplicate skipped)","","{{count}}","Plural form ""one"" — this key has one row per form (::one = exactly 1, ::other = every other count). Fill both rows separately; never merge them into one sentence."
"5","memories.import.dupes::other"," ({{count}} duplicates skipped)","","{{count}}","Plural form ""other"" — this key has one row per form (::one = exactly 1, ::other = every other count). Fill both rows separately; never merge them into one sentence."
"5","memories.strip.aria","Memory quick recall","","",""
"5","memories.strip.label","MEM","","","Abbreviation shown on: Memories (saved channels). Check the screen before expanding or translating it."
"5","memories.strip.label.title","Memory quick recall — your ★-starred memories","","",""
"5","memories.strip.save.title","Save {{freq}} {{mode}} as a favorite memory","","{{freq}} | {{mode}}",""
"5","memories.strip.chip.title","{{name}} — {{freq}} MHz {{mode}}{{tone}} (click to tune{{hotkey}})","","{{name}} | {{freq}} | {{mode}} | {{tone}} | {{hotkey}} | MHz",""
"5","memories.strip.chip.tone"," · tone {{hz}}","","{{hz}}","Short label on: Memories (saved channels). The same English text "" · tone {{hz}}"" is used by 2 different keys (e.g. program.tune.tone) — each can take a different Portuguese word, so choose the one that fits THIS screen."
"5","memories.strip.manage.title","Open Memories — manage channels, groups, nets, and CHIRP import/export","","CHIRP",""
"5","memories.strip.manage.title.overflow::one","Open Memories — {{count}} more favorite past the {{limit}} this strip shows. Re-rank them with ▲▼ under ★ Favorites.","","{{count}} | {{limit}}","Plural form ""one"" — this key has one row per form (::one = exactly 1, ::other = every other count). Fill both rows separately; never merge them into one sentence."
"5","memories.strip.manage.title.overflow::other","Open Memories — {{count}} more favorites past the {{limit}} this strip shows. Re-rank them with ▲▼ under ★ Favorites.","","{{count}} | {{limit}}","Plural form ""other"" — this key has one row per form (::one = exactly 1, ::other = every other count). Fill both rows separately; never merge them into one sentence."
"5","program.title","Program","","","Short label on: Program (radio memories) view. The same English text ""Program"" is used by 4 different keys (e.g. ota.program.aria, nav.program.label, features.program.label) — each can take a different Portuguese word, so choose the one that fits THIS screen."
"5","program.sub","Build channel lists for your radios — repeaters near a location, exported for CHIRP or tuned on your rig","","CHIRP",""
"5","program.origin.aria","Search origin","","",""
"5","program.origin.label","Near","","","One-word control on: Program (radio memories) view. Out of context this could be a noun or a verb — open that screen (or read the key name) before choosing the Portuguese word."
"5","program.origin.station.label","My station {{grid}}","","{{grid}}",""
"5","program.origin.station.title","Your station grid from Settings","","",""
"5","program.origin.grid.label","Grid","","","Short label on: Program (radio memories) view. The same English text ""Grid"" is used by 7 different keys (e.g. settings.station.grid.label, logbook.field.grid.label, logEntry.grid.placeholder) — each can take a different Portuguese word, so choose the one that fits THIS screen."
"5","program.origin.grid.aria","Grid square","","","Short label on: Program (radio memories) view. The same English text ""Grid square"" is used by 4 different keys (e.g. gettingStarted.station.shot.gridLabel, watchlist.add.kind.grid, setup.station.grid.label) — each can take a different Portuguese word, so choose the one that fits THIS screen."
"5","program.origin.city.label","City","","","Short label on: Program (radio memories) view. The same English text ""City"" is used by 2 different keys (e.g. program.origin.city.aria) — each can take a different Portuguese word, so choose the one that fits THIS screen."
"5","program.origin.city.aria","City","","","Short label on: Program (radio memories) view. The same English text ""City"" is used by 2 different keys (e.g. program.origin.city.label) — each can take a different Portuguese word, so choose the one that fits THIS screen."
"5","program.origin.city.placeholder","Gatlinburg, TN","","",""
"5","program.city.search","Search","","","One-word control on: Program (radio memories) view. Out of context this could be a noun or a verb — open that screen (or read the key name) before choosing the Portuguese word."
"5","program.city.searching","Searching…","","","One-word control on: Program (radio memories) view. Out of context this could be a noun or a verb — open that screen (or read the key name) before choosing the Portuguese word."
"5","program.city.noMatch","No places matched — try ""City, State""","","",""
"5","program.city.matches.aria","Matching places","","",""
"5","program.recent.aria","Recent searches","","",""
"5","program.recent.label","Recent","","","One-word control on: Program (radio memories) view. Out of context this could be a noun or a verb — open that screen (or read the key name) before choosing the Portuguese word."
"5","program.recent.chip.title","Reuse this search origin","","",""
"5","program.radius.aria","Search radius","","",""
"5","program.radius.label","Radius","","","One-word control on: Program (radio memories) view. Out of context this could be a noun or a verb — open that screen (or read the key name) before choosing the Portuguese word."
"5","program.radius.auto.label","Auto","","","Short label on: Program (radio memories) view. The same English text ""Auto"" is used by 4 different keys (e.g. cw.rxDsp.agc.auto, phone.span.auto.label, phone.rxDsp.agc.auto) — each can take a different Portuguese word, so choose the one that fits THIS screen."
"5","program.radius.auto.title","Radius from the selected bands' realistic repeater reach","","",""
"5","program.radius.auto.hint","= {{radius}} ({{bands}})","","{{radius}} | {{bands}}",""
"5","program.radius.auto.allBands","all bands","","",""
"5","program.fetch.label","⟳ Fetch repeaters","","",""
"5","program.fetch.busy","⟳ Fetching…","","",""
"5","program.fetch.title","Fetch repeaters within {{radius}}","","{{radius}}",""
"5","program.fetch.title.noOrigin","Pick a valid origin first (grid or city)","","",""
"5","program.fetch.retry","Retry","","","One-word control on: Program (radio memories) view. Out of context this could be a noun or a verb — open that screen (or read the key name) before choosing the Portuguese word."
"5","program.stamp.title","Directory data age (cached per source, weekly)","","",""
"5","program.stamp.stale"," · stale (fetch failed, cached data shown)","","",""
"5","program.age.mins","{{mins}}m ago","","{{mins}}","Short label on: Program (radio memories) view. The same English text ""{{mins}}m ago"" is used by 7 different keys (e.g. map.hover.aprs.ageMins, prop.opening.ago.mins, chase.age.mins) — each can take a different Portuguese word, so choose the one that fits THIS screen."
"5","program.age.hours","{{hours}}h ago","","{{hours}}","Short label on: Program (radio memories) view. The same English text ""{{hours}}h ago"" is used by 4 different keys (e.g. prop.opening.ago.hours, bandMap.age.hours, bandStrip.age.hours) — each can take a different Portuguese word, so choose the one that fits THIS screen."
"5","program.age.days","{{days}}d ago","","{{days}}",""
"5","program.coverageGap","{{source}} lists no <b>{{band}}</b> repeaters here, which is unusual for an area that has any — its rural coverage is patchy, so this list is probably missing machines. Adding a RepeaterBook API token in <b>Settings ▸ Integrations</b> fills the gap.","","{{source}} | {{band}} | <b>",""
"5","program.filters.aria","Result filters","","",""
"5","program.filters.allBands","All","","","Short label on: Program (radio memories) view. The same English text ""All"" is used by 9 different keys (e.g. roster.filter.all, needed.filter.all, map.sats.filter.all) — each can take a different Portuguese word, so choose the one that fits THIS screen."
"5","program.filters.fm.title","FM repeaters only — what v1 programs","","FM",""
"5","program.filters.digital.label","+Digital","","","One-word control on: Program (radio memories) view. Out of context this could be a noun or a verb — open that screen (or read the key name) before choosing the Portuguese word."
"5","program.filters.digital.title","Also list DMR / D-STAR / Fusion machines (badged; programming them comes later)","","D-STAR | DMR",""
"5","program.filters.onAir.label","On-air only","","",""
"5","program.filters.onAir.title","Hide machines the directory marks off-air","","",""
"5","program.filters.search.placeholder","Filter call / city…","","",""
"5","program.filters.search.aria","Filter results","","",""
"5","program.count","{{shown}} of {{total}} shown · nearest first","","{{shown}} | {{total}}",""
"5","program.addAll.label","＋ Add all shown","","",""
"5","program.addAll.confirm.title","Add {{count}} channels?","","{{count}}",""
"5","program.addAll.confirm.ok","Add channels","","",""
"5","program.results.aria","Repeaters","","","One-word control on: Program (radio memories) view. Out of context this could be a noun or a verb — open that screen (or read the key name) before choosing the Portuguese word."
"5","program.results.prompt","Pick a location and press <b>Fetch repeaters</b> — results land here; ADD the machines you want on your radio.","","<b>",""
"5","program.results.none","No repeaters within {{radius}}.","","{{radius}}",""
"5","program.results.none.fm","No FM repeaters within {{radius}}.","","{{radius}} | FM",""
"5","program.results.tryWider","Try {{radius}}","","{{radius}}",""
"5","program.results.showDigital","Show digital","","",""
"5","program.row.offAir","OFF-AIR","","","Abbreviation shown on: Program (radio memories) view. Check the screen before expanding or translating it."
"5","program.row.star.title","Star this repeater — saves it to Memories and the cockpit MEM strip for one-click tuning","","",""
"5","program.row.unstar.title","Unstar — keeps the channel in Memories, drops it off the cockpit strip","","",""
"5","program.row.tune.label","Tune","","","Short label on: Program (radio memories) view. The same English text ""Tune"" is used by 4 different keys (e.g. memories.grid.tune.label, memories.row.tune.label, shell.net.tune) — each can take a different Portuguese word, so choose the one that fits THIS screen."
"5","program.row.tune.title","Tune your CAT rig to this repeater now (FM + shift + offset + tone)","","CAT | FM",""
"5","program.row.add.label","＋ Add","","",""
"5","program.row.added.label","✓ Added","","",""
"5","program.row.add.title","Add to the channel list","","",""
"5","program.row.remove.title","Remove from the channel list","","",""
"5","program.row.add.digital.title","Digital repeater — programming DMR/D-STAR/Fusion comes in a later version","","D-STAR | DMR | DMR/D",""
"5","program.builder.title","Channel list","","",""
"5","program.builder.nameCap.label","Max name","","",""
"5","program.builder.nameCap.title","Your radio's channel-name length — auto names re-derive to fit (hand-edited names are kept)","","",""
"5","program.builder.startAt.label","Start at","","",""
"5","program.builder.startAt.title","First memory slot number (keep your existing channels)","","",""
"5","program.builder.empty","No channels yet — fetch repeaters on the left and ADD the ones you want on your radio.","","",""
"5","program.chan.name.aria","Channel {{n}} name","","{{n}}",""
"5","program.chan.dup.title","Duplicate name — the radio will show two identical channels","","",""
"5","program.chan.over.title","Longer than {{cap}} — exports as ""{{name}}""","","{{cap}} | {{name}}",""
"5","program.chan.moveUp.aria","Move up","","","Short label on: Program (radio memories) view. The same English text ""Move up"" is used by 2 different keys (e.g. memories.row.moveUp.title) — each can take a different Portuguese word, so choose the one that fits THIS screen."
"5","program.chan.moveDown.aria","Move down","","","Short label on: Program (radio memories) view. The same English text ""Move down"" is used by 2 different keys (e.g. memories.row.moveDown.title) — each can take a different Portuguese word, so choose the one that fits THIS screen."
"5","program.chan.remove.aria","Remove","","","Short label on: Program (radio memories) view. The same English text ""Remove"" is used by 2 different keys (e.g. settings.radios.remove.action) — each can take a different Portuguese word, so choose the one that fits THIS screen."
"5","program.deliver.byHand.label","Add by hand…","","",""
"5","program.deliver.byHand.title","Type in a repeater or simplex channel the directory doesn't have (or has wrong)","","",""
"5","program.deliver.import.label","Import CHIRP CSV…","","CHIRP | CSV",""
"5","program.deliver.import.title","Import a CHIRP CSV — the same format Export for CHIRP writes, and what CHIRP itself saves","","CHIRP | CSV",""
"5","program.deliver.exportChirp.label","Export for CHIRP…","","CHIRP",""
"5","program.deliver.exportChirp.title","Save a CHIRP-ready CSV — CHIRP (free) flashes nearly every radio from it","","CHIRP | CSV",""
"5","program.deliver.exportCsv.label","Export CSV","","CSV","Short label on: Program (radio memories) view. The same English text ""Export CSV"" is used by 2 different keys (e.g. logbook.export.csv.label) — each can take a different Portuguese word, so choose the one that fits THIS screen."
"5","program.deliver.exportCsv.title","Plain CSV — spreadsheets, Anytone CPS, RT Systems","","CSV",""
"5","program.deliver.saveBank.label","Save to Memory Bank","","",""
"5","program.deliver.saveBank.title","Save these channels into Nexus's own memory bank (the Phone cockpit's MEMORY recall list) — recall retunes the rig with shift + tone","","Nexus",""
"5","program.deliver.clear.label","Clear","","","Short label on: Program (radio memories) view. The same English text ""Clear"" is used by 11 different keys (e.g. logbook.search.clear, logEntry.clear.label, needed.filter.clear.label) — each can take a different Portuguese word, so choose the one that fits THIS screen."
"5","program.clear.confirm.title","Clear the whole channel list?","","",""
"5","program.clear.confirm.ok","Clear list","","",""
"5","program.manual.freq","Frequency (MHz), e.g. {{example}}","","{{example}} | MHz",""
"5","program.manual.name","Name (blank = frequency)","","",""
"5","program.manual.offset","Offset: + / - / blank for simplex","","",""
"5","program.manual.tone","CTCSS tone Hz (blank = none)","","Hz",""
"5","program.import.notChirp","Not a CHIRP CSV — need a header row with Frequency and Mode","","CHIRP | CSV",""
"5","program.import.done","Imported {{count}} channels from CHIRP CSV","","{{count}} | CHIRP | CSV",""
"5","program.export.noFm","No FM channels in the list — digital channels export in a later version","","FM",""
"5","program.export.saved","Saved {{path}}","","{{path}}",""
"5","program.export.saved.chirp","Saved {{path}} — open CHIRP ▸ File ▸ Import, then upload to your radio","","{{path}} | CHIRP",""
"5","program.tune.done","Tuned {{freq}} {{mode}} — {{shift}}{{tone}}","","{{freq}} | {{mode}} | {{shift}} | {{tone}}",""
"5","program.tune.simplex","simplex","","","One-word control on: Program (radio memories) view. Out of context this could be a noun or a verb — open that screen (or read the key name) before choosing the Portuguese word."
"5","program.tune.tone"," · tone {{hz}}","","{{hz}}","Short label on: Program (radio memories) view. The same English text "" · tone {{hz}}"" is used by 2 different keys (e.g. memories.strip.chip.tone) — each can take a different Portuguese word, so choose the one that fits THIS screen."
"5","program.star.unstarred","{{name}} unstarred — still in Memories","","{{name}}",""
"5","program.star.starred","{{name}} starred — already in Memories","","{{name}}",""
"5","program.star.saved","{{name}} ★ — on the cockpit MEM strip and in Memories","","{{name}}",""
"5","program.saveBank.done::one","{{count}} channel saved to Memories{{dupes}} — star ★ the ones you want on the cockpit MEM strip","","{{count}} | {{dupes}}","Plural form ""one"" — this key has one row per form (::one = exactly 1, ::other = every other count). Fill both rows separately; never merge them into one sentence."
"5","program.saveBank.done::other","{{count}} channels saved to Memories{{dupes}} — star ★ the ones you want on the cockpit MEM strip","","{{count}} | {{dupes}}","Plural form ""other"" — this key has one row per form (::one = exactly 1, ::other = every other count). Fill both rows separately; never merge them into one sentence."
"5","program.saveBank.dupes"," ({{count}} already there)","","{{count}}",""
"5","program.saveBank.allDupes","All of these are already in Memories","","",""
"5","program.saveBank.noFm","No FM channels to save","","FM",""
"5","program.chirp.title","Flash with CHIRP","","CHIRP",""
"5","program.chirp.description","Nexus builds the list; CHIRP drives the cable. One list, every radio you own.","","CHIRP | Nexus",""
"5","program.chirp.step.save","Nexus saves a CHIRP-ready CSV to your Downloads.","","CHIRP | Nexus | CSV",""
"5","program.chirp.step.import","Open CHIRP (free, ~1,000 radios) → <b>File ▸ Import</b> and pick the file.","","<b> | CHIRP | 1,000",""
"5","program.chirp.step.upload","Connect your programming cable → <b>Radio ▸ Upload To Radio</b>.","","<b>",""
"5","program.chirp.link","Get CHIRP ↗","","CHIRP",""
"5","program.chirp.dontShow","Don't show this again — just save the file","","",""
"5","program.chirp.save","Save the CSV","","CSV",""
"5","awards.title","Awards","","","Short label on: Awards view. The same English text ""Awards"" is used by 3 different keys (e.g. nav.awards.label, features.awards.label) — each can take a different Portuguese word, so choose the one that fits THIS screen."
"5","awards.subtitle","DXCC · computed from your log","","DXCC",""
"5","awards.load.failed.title","Couldn't load awards","","",""
"5","awards.load.failed.detail","The award tally failed to compute.","","",""
"5","awards.loading.title","Tallying awards…","","",""
"5","awards.loading.detail","Resolving your log against the DXCC entity list.","","DXCC",""
"5","awards.empty.title","No contacts yet","","",""
"5","awards.empty.detail","Log contacts or import an ADIF (Logbook → Import ADIF) to start tracking DXCC.","","ADIF | DXCC",""
"5","awards.dxcc.note.achieved","DXCC achieved ✓ · {{confirmed}} entities · {{worked}} worked · {{credited}} credited","","{{confirmed}} | {{worked}} | {{credited}} | DXCC",""
"5","awards.dxcc.note.toGo","{{remaining}} confirmed to go · {{worked}} worked · {{credited}} credited","","{{remaining}} | {{worked}} | {{credited}}",""
"5","awards.dxcc.note.readyToSubmit"," · {{count}} ready to submit","","{{count}}",""
"5","awards.honorRoll.note.numberOne","#1 Honor Roll ✓ — all {{total}} entities","","{{total}}",""
"5","awards.honorRoll.note.achieved","Honor Roll ✓ · {{needed}} to #1","","{{needed}}",""
"5","awards.honorRoll.note.toGo","{{needed}} more confirmed needed — Honor Roll entry at {{threshold}}","","{{needed}} | {{threshold}}",""
"5","awards.challenge.note","{{worked}} entity×band slots worked","","{{worked}}",""
"5","awards.confirmed.label","Confirmed","","","Short label on: Awards view. The same English text ""Confirmed"" is used by 3 different keys (e.g. status.confirmed.label, rtty.seq.confirmed) — each can take a different Portuguese word, so choose the one that fits THIS screen."
"5","awards.confirmed.note","{{confirmed}} of {{total}} QSOs confirmed via LoTW or card (eQSL / QRZ matches don’t count toward ARRL awards)","","{{confirmed}} | {{total}} | ARRL | LoTW | QSOs | eQSL | QRZ",""
"5","awards.fiveBand.note","weakest of the 5 classic bands (ARRL counts each band on its own) · {{worked}} worked","","{{worked}} | ARRL",""
"5","awards.waz.note.achieved","Worked All Zones ✓ · {{worked}} worked","","{{worked}}",""
"5","awards.waz.note.toGo","{{remaining}} zones to go · {{worked}} worked","","{{remaining}} | {{worked}}",""
"5","awards.was.note.achieved","Worked All States ✓ · {{worked}} worked · 5BWAS weakest band {{fiveBand}}/50","","{{worked}} | {{fiveBand}}",""
"5","awards.was.note.toGo","{{remaining}} states to go · {{worked}} worked · 5BWAS weakest band {{fiveBand}}/50","","{{remaining}} | {{worked}} | {{fiveBand}}",""
"5","awards.vucc.note.achieved","VUCC ✓ {{bands}} · {{confirmed}} grids confirmed on all bands (tracker)","","{{bands}} | {{confirmed}} | VUCC",""
"5","awards.vucc.note.toGo","{{remaining}} grids to go on {{band}} · {{confirmed}} grids confirmed on all bands (tracker)","","{{remaining}} | {{band}} | {{confirmed}}",""
"5","awards.vucc.note.none","No 6 m-and-up grids yet · {{confirmed}} grids confirmed on all bands (tracker — VUCC itself is 50 MHz and up)","","{{confirmed}} | VUCC | MHz",""
"5","awards.satVucc.note.achieved","Satellite VUCC ✓ · {{worked}} grids worked · Sat DXCC {{satDxcc}} confirmed","","{{worked}} | {{satDxcc}} | DXCC | VUCC",""
"5","awards.satVucc.note.toGo","{{remaining}} more to confirm · {{worked}} grids worked · Sat DXCC {{satDxcc}} confirmed","","{{remaining}} | {{worked}} | {{satDxcc}} | DXCC",""
"5","awards.satVucc.note.tagging","Pass contacts are tagged automatically when logged on the bird’s downlink (ISS excepted — no LoTW designator to derive)","","LoTW | ISS",""
"5","awards.iota.note.achieved","IOTA ✓ (card-confirmed) · {{cards}} on cards — IOTA credits cards / Club Log, not LoTW","","{{cards}} | Club Log | IOTA | LoTW",""
"5","awards.iota.note.worked","{{worked}} worked · {{cards}} on cards — IOTA credits cards / Club Log, not LoTW","","{{worked}} | {{cards}} | Club Log | IOTA | LoTW",""
"5","awards.bands.head","DXCC by band","","DXCC",""
"5","awards.grids.head","Grids by band (VUCC)","","VUCC",""
"5","awards.grids.filter.vucc.label","VUCC bands","","VUCC",""
"5","awards.grids.filter.vucc.title","Show only the bands ARRL awards grids on — 50 MHz and up","","ARRL | MHz",""
"5","awards.grids.filter.all.label","All bands","","","Short label on: Awards view. The same English text ""All bands"" is used by 3 different keys (e.g. logbook.globe.band.all, settings.alerts.scope.all) — each can take a different Portuguese word, so choose the one that fits THIS screen."
"5","awards.grids.filter.all.title","Show every band you have worked a grid on, HF included — a tracker count, not award progress","","HF",""
"5","awards.grids.noVucc","No grids on 6 m or up yet — VUCC starts at 50 MHz. Switch to All bands for the full tracker count.","","VUCC | MHz",""
"5","awards.modes.head","DXCC by mode","","DXCC",""
"5","awards.bar.title","{{confirmed}} confirmed / {{worked}} worked","","{{confirmed}} | {{worked}}",""
"5","awards.bar.titleGrids","{{confirmed}} confirmed / {{worked}} worked grids","","{{confirmed}} | {{worked}}",""
"5","awards.chase.entities.head","Confirm for a new one ({{count}})","","{{count}}",""
"5","awards.chase.entities.empty","Every worked entity is confirmed. 🎉","","",""
"5","awards.chase.slots.head","Confirm for a Challenge slot ({{count}})","","{{count}}",""
"5","awards.chase.slots.empty","No worked-but-unconfirmed band slots.","","",""
"5","awards.chase.bandTargets.head","Work for a band slot ({{count}})","","{{count}}",""
"5","awards.chase.bandTargets.empty","No almost-complete entities to chase.","","",""
"5","awards.chase.was.head","WAS — states needed ({{count}})","","{{count}} | WAS",""
"5","awards.chase.was.empty","All 50 states confirmed. 🎉","","",""
"5","awards.needList.filter.placeholder","filter entities…","","",""
"5","awards.needList.filter.label","Filter entities","","",""
"5","awards.needList.sort.alpha.label","A–Z","","","One-word control on: Awards view. Out of context this could be a noun or a verb — open that screen (or read the key name) before choosing the Portuguese word."
"5","awards.needList.sort.alpha.title","Sort A–Z","","",""
"5","awards.needList.sort.bands.label","# bands","","",""
"5","awards.needList.sort.bands.title","Sort by number of bands needed","","",""
"5","awards.needList.noMatch","No entities match “{{query}}”.","","{{query}}",""
"5","awards.conf.head","Confirmations — why isn't this credited?","","",""
"5","awards.conf.oneAway.label","One fix away:","","",""
"5","awards.conf.oneAway.newEntity.title","{{entity}} ({{bands}}): one LoTW upload / data fix puts a NEW DXCC entity in play — the partner's confirmation still decides","","{{entity}} | {{bands}} | DXCC | LoTW",""
"5","awards.conf.oneAway.slots.title::one","{{entity}} ({{bands}}): one LoTW upload / data fix puts {{count}} Challenge slot in play — the partner's confirmation still decides","","{{entity}} | {{bands}} | {{count}} | LoTW","Plural form ""one"" — this key has one row per form (::one = exactly 1, ::other = every other count). Fill both rows separately; never merge them into one sentence."
"5","awards.conf.oneAway.slots.title::other","{{entity}} ({{bands}}): one LoTW upload / data fix puts {{count}} Challenge slots in play — the partner's confirmation still decides","","{{entity}} | {{bands}} | {{count}} | LoTW","Plural form ""other"" — this key has one row per form (::one = exactly 1, ::other = every other count). Fill both rows separately; never merge them into one sentence."
"5","awards.conf.oneAway.more","+{{count}} more","","{{count}}",""
"5","awards.conf.bucket.upload","Upload {{count}}","","{{count}}",""
"5","awards.conf.uploading","Uploading…","","","Short label on: Awards view. The same English text ""Uploading…"" is used by 2 different keys (e.g. logbook.lotw.upload.busy) — each can take a different Portuguese word, so choose the one that fits THIS screen."
"5","awards.conf.pushing","Pushing…","","","One-word control on: Awards view. Out of context this could be a noun or a verb — open that screen (or read the key name) before choosing the Portuguese word."
"5","awards.conf.reupload","Re-upload","","","One-word control on: Awards view. Out of context this could be a noun or a verb — open that screen (or read the key name) before choosing the Portuguese word."
"5","awards.conf.uploadToLotw","Upload to LoTW","","LoTW","Short label on: Awards view. The same English text ""Upload to LoTW"" is used by 2 different keys (e.g. logbook.lotw.upload.label) — each can take a different Portuguese word, so choose the one that fits THIS screen."
"5","awards.conf.push","Push to {{service}}","","{{service}}",""
"5","awards.conf.repush","Re-push to {{service}}","","{{service}}",""
"5","awards.conf.push.title","Pushes this QSO to your {{service}} logbook — does not count for ARRL DXCC/WAS (LoTW only)","","{{service}} | ARRL | DXCC | LoTW | QSO | WAS | DXCC/WAS",""
"5","awards.conf.fixCert","Fix cert in TQSL","","TQSL",""
"5","awards.conf.fixLoginInSettings","Fix {{service}} login in Settings","","{{service}}",""
"5","awards.conf.fixLogin","Fix {{service}} login","","{{service}}",""
"5","awards.conf.fixLogin.title","Opens Settings ▸ Confirmations, where the {{service}} login is saved","","{{service}}",""
"5","awards.conf.waitingOn","Waiting on {{call}}","","{{call}}",""
"5","awards.conf.reviewDup","Review dup #{{number}}","","{{number}}",""
"5","awards.conf.fixField","Fix {{field}}","","{{field}}",""
"5","awards.conf.bustedCall","Was it {{call}}?","","{{call}}",""
"5","awards.conf.likely","likely","","","One-word control on: Awards view. Out of context this could be a noun or a verb — open that screen (or read the key name) before choosing the Portuguese word."
"5","awards.conf.waitingOnPartner::one","{{count}} QSO uploaded to LoTW — waiting on the other operator to confirm.","","{{count}} | LoTW | QSO","Plural form ""one"" — this key has one row per form (::one = exactly 1, ::other = every other count). Fill both rows separately; never merge them into one sentence."
"5","awards.conf.waitingOnPartner::other","{{count}} QSOs uploaded to LoTW — waiting on the other operator to confirm.","","{{count}} | LoTW | QSOs","Plural form ""other"" — this key has one row per form (::one = exactly 1, ::other = every other count). Fill both rows separately; never merge them into one sentence."
"5","awards.conf.pendingLag::one","{{count}} recently-worked QSO still awaiting a confirmation — not a problem, just give it time.","","{{count}} | QSO","Plural form ""one"" — this key has one row per form (::one = exactly 1, ::other = every other count). Fill both rows separately; never merge them into one sentence."
"5","awards.conf.pendingLag::other","{{count}} recently-worked QSOs still awaiting a confirmation — not a problem, just give it time.","","{{count}} | QSOs","Plural form ""other"" — this key has one row per form (::one = exactly 1, ::other = every other count). Fill both rows separately; never merge them into one sentence."
"5","awards.upload.pending","Signed and sent {{count}} to LoTW — awaiting confirmation.","","{{count}} | LoTW",""
"5","awards.upload.duplicate","Already on LoTW ({{count}}) — nothing to re-send.","","{{count}} | LoTW",""
"5","awards.upload.rejected","LoTW rejected the upload.","","LoTW",""
"5","awards.upload.rejectedDetail","LoTW rejected the upload: {{detail}}.","","{{detail}} | LoTW",""
"5","awards.upload.authFailed","LoTW rejected your certificate / Station Location — fix it in TQSL, then retry.","","LoTW | TQSL",""
"5","awards.upload.retry","LoTW was unreachable — your log is unchanged; try again shortly.","","LoTW",""
"5","awards.upload.none","Nothing to upload.","","",""
"5","awards.upload.finished","Upload finished ({{outcome}}).","","{{outcome}}",""
"5","awards.push.noQso","Could not find that QSO in the log — reload Awards and try again.","","QSO",""
"5","awards.push.qrz.ok","✓ {{call}} pushed to your QRZ logbook.","","{{call}} | QRZ",""
"5","awards.push.qrz.duplicate","✓ {{call}} already in your QRZ logbook (duplicate) — nothing to re-send.","","{{call}} | QRZ",""
"5","awards.push.qrz.rejected","✗ QRZ rejected {{call}}: {{reason}}","","{{call}} | {{reason}} | QRZ",""
"5","awards.push.clublog.ok","✓ {{call}} on ClubLog.","","{{call}} | ClubLog",""
"5","awards.push.clublog.duplicate","✓ {{call}} on ClubLog (already there).","","{{call}} | ClubLog",""
"5","awards.push.clublog.rejected","✗ ClubLog rejected {{call}}: {{reason}}","","{{call}} | {{reason}} | ClubLog",""
"5","awards.push.eqsl.ok","✓ {{call}} sent to eQSL.","","{{call}} | eQSL",""
"5","awards.push.eqsl.duplicate","✓ {{call}} sent to eQSL (already there).","","{{call}} | eQSL",""
"5","awards.push.eqsl.rejected","✗ eQSL: {{detail}}","","{{detail}} | eQSL",""
"5","awards.push.failed","✗ {{service}} push failed: {{detail}}","","{{service}} | {{detail}}",""
"5","awards.achievements.head","Achievements ({{unlocked}}/{{total}})","","{{unlocked}} | {{total}}",""
"5","awards.tabs.aria","Awards and Journey","","",""
"5","awards.tab.journey","Journey","","","One-word control on: Awards view. Out of context this could be a noun or a verb — open that screen (or read the key name) before choosing the Portuguese word."
"5","awards.tab.official","Official Awards","","",""
"5","journey.load.failed.title","Couldn't load your Journey","","",""
"5","journey.loading.title","Loading your Journey…","","",""
"5","journey.loading.detail","Reading your log.","","",""
"5","journey.level","Level {{level}}","","{{level}}",""
"5","journey.levelCap","level","","","One-word control on: Journey (awards) view. Out of context this could be a noun or a verb — open that screen (or read the key name) before choosing the Portuguese word."
"5","journey.xpEarned.title","{{xp}} XP earned","","{{xp}}",""
"5","journey.xpToLevel","{{into}} / {{forLevel}} XP to level {{next}}","","{{into}} | {{forLevel}} | {{next}}",""
"5","journey.qsosLogged","{{qsos}} QSOs logged","","{{qsos}} | QSOs",""
"5","journey.streak.title","Consecutive weeks with at least one contact","","",""
"5","journey.streak::one","{{count}} week on the air","","{{count}}","Plural form ""one"" — this key has one row per form (::one = exactly 1, ::other = every other count). Fill both rows separately; never merge them into one sentence."
"5","journey.streak::other","{{count}} weeks on the air","","{{count}}","Plural form ""other"" — this key has one row per form (::one = exactly 1, ::other = every other count). Fill both rows separately; never merge them into one sentence."
"5","journey.streak.pending"," · this week pending","","",""
"5","journey.next.title","Your most-attainable next milestone","","",""
"5","journey.next.cap","Next milestone","","",""
"5","journey.next.go","{{remaining}} to go ({{current}}/{{target}})","","{{remaining}} | {{current}} | {{target}}",""
"5","journey.share.label","⤴ Share","","",""
"5","journey.share.title","Copy a share-card image of your Journey (local render — nothing is uploaded)","","",""
"5","journey.share.feat.title","Copy a share-card image of this feat (local render — nothing is uploaded)","","",""
"5","journey.share.anonCall","MY STATION","","",""
"5","journey.share.sub","{{qsos}} QSOs logged · {{xp}} XP","","{{qsos}} | {{xp}} | QSOs",""
"5","journey.share.footer","Journey · Nexus","","Nexus",""
"5","journey.share.featFooter","{{tier}} feat · Journey · Nexus","","{{tier}} | Nexus",""
"5","journey.marathon.head","DX Marathon {{year}}","","{{year}} | DX",""
"5","journey.marathon.note","Entities + zones worked this calendar year — resets every Jan 1 (CQ DX Marathon-style, personal).","","CQ | DX",""
"5","journey.marathon.score.title","Entities + zones this year","","",""
"5","journey.marathon.parts","{{entities}} entities · {{zones}} zones","","{{entities}} | {{zones}}",""
"5","journey.marathon.best","personal best {{score}} ({{year}})","","{{score}} | {{year}}",""
"5","journey.marathon.bestBeaten","personal best {{score}} ({{year}}) — beaten!","","{{score}} | {{year}}",""
"5","journey.marathon.bestYear","your best year yet","","",""
"5","journey.firsts.head","Firsts","","","One-word control on: Journey (awards) view. Out of context this could be a noun or a verb — open that screen (or read the key name) before choosing the Portuguese word."
"5","journey.first.locked.title","Locked — {{meaning}}","","{{meaning}}",""
"5","journey.ladders.head","Climb toward the awards","","",""
"5","journey.ladders.note","Sub-award ladders — the official awards are the capstones in the Awards tab.","","",""
"5","journey.ladder.worked","worked","","","Short label on: Journey (awards) view. The same English text ""worked"" is used by 2 different keys (e.g. map.legend.worked) — each can take a different Portuguese word, so choose the one that fits THIS screen."
"5","journey.ladder.confirmed","confirmed","","","Short label on: Journey (awards) view. The same English text ""confirmed"" is used by 2 different keys (e.g. stats.confirmed) — each can take a different Portuguese word, so choose the one that fits THIS screen."
"5","journey.ladder.toGo","{{count}} to go","","{{count}}",""
"5","journey.ladder.complete","Complete ★","","",""
"5","journey.collections.head","Collections","","","One-word control on: Journey (awards) view. Out of context this could be a noun or a verb — open that screen (or read the key name) before choosing the Portuguese word."
"5","journey.cell.confirmed.title","{{label}} — confirmed","","{{label}}",""
"5","journey.cell.worked.title","{{label}} — worked","","{{label}}",""
"5","journey.cell.needed.title","{{label}} — needed","","{{label}}",""
"5","journey.feats.head","Feats","","","One-word control on: Journey (awards) view. Out of context this could be a noun or a verb — open that screen (or read the key name) before choosing the Portuguese word."
"5","journey.bests.head","Personal bests","","",""
"5","journey.tier.bronze","Bronze","","","One-word control on: Journey (awards) view. Out of context this could be a noun or a verb — open that screen (or read the key name) before choosing the Portuguese word."
"5","journey.tier.silver","Silver","","","One-word control on: Journey (awards) view. Out of context this could be a noun or a verb — open that screen (or read the key name) before choosing the Portuguese word."
"5","journey.tier.gold","Gold","","","One-word control on: Journey (awards) view. Out of context this could be a noun or a verb — open that screen (or read the key name) before choosing the Portuguese word."
"5","journey.tier.platinum","Platinum","","","One-word control on: Journey (awards) view. Out of context this could be a noun or a verb — open that screen (or read the key name) before choosing the Portuguese word."
"5","journey.tier.legendary","Legendary","","","One-word control on: Journey (awards) view. Out of context this could be a noun or a verb — open that screen (or read the key name) before choosing the Portuguese word."
"5","journey.unlock.feat","★ {{title}} unlocked!","","{{title}}",""
"5","journey.unlock.more","+{{count}} more milestones — open Journey to see them","","{{count}}",""
"5","stats.title","Statistics","","","One-word control on: Statistics view. Out of context this could be a noun or a verb — open that screen (or read the key name) before choosing the Portuguese word."
"5","stats.failed","Couldn’t read the logbook — try reopening this view.","","",""
"5","stats.loading","Loading your logbook…","","",""
"5","stats.empty","No QSOs logged yet — your stats will fill in here as you work stations.","","QSOs",""
"5","stats.qsos","QSOs","","QSOs","Short label on: Statistics view. The same English text ""QSOs"" is used by 3 different keys (e.g. fieldDay.score.qsos, fieldDay.club.board.column.qsos) — each can take a different Portuguese word, so choose the one that fits THIS screen."
"5","stats.uniqueCalls","unique calls","","",""
"5","stats.dxccEntities","DXCC entities","","DXCC",""
"5","stats.confirmed","confirmed","","","Short label on: Statistics view. The same English text ""confirmed"" is used by 2 different keys (e.g. journey.ladder.confirmed) — each can take a different Portuguese word, so choose the one that fits THIS screen."
"5","stats.byBand.head","By band","","",""
"5","stats.byMode.head","By mode","","",""
"5","stats.byYear.head","By year","","",""
"5","stats.topEntities.head","Top DXCC entities","","DXCC",""
"5","stats.byState.head","Most-worked states (WAS)","","WAS",""
"5","stats.byHour.head","Activity by hour (UTC)","","UTC",""
"5","stats.hour.title","{{hour}}:00 UTC — {{count}} QSOs","","{{hour}} | {{count}} | QSOs | UTC",""
"5","stats.hoursMissing::one","{{formatted}} QSO not shown — imported with a date but no time of day.","","{{formatted}} | QSO","Plural form ""one"" — this key has one row per form (::one = exactly 1, ::other = every other count). Fill both rows separately; never merge them into one sentence."
"5","stats.hoursMissing::other","{{formatted}} QSOs not shown — imported with a date but no time of day.","","{{formatted}} | QSOs","Plural form ""other"" — this key has one row per form (::one = exactly 1, ::other = every other count). Fill both rows separately; never merge them into one sentence."
"5","stats.confirmations.head","Confirmations","","","Short label on: Statistics view. The same English text ""Confirmations"" is used by 2 different keys (e.g. settings.confirmations.legend) — each can take a different Portuguese word, so choose the one that fits THIS screen."
"5","stats.confirmations.awardGrade","Award-grade","","","One-word control on: Statistics view. Out of context this could be a noun or a verb — open that screen (or read the key name) before choosing the Portuguese word."
"5","stats.confirmations.paperCard","Paper card","","",""
"5","stats.byContinent.head","By continent","","",""
"5","stats.continent.entities","· {{count}} ent","","{{count}}",""
"5","stats.byZone.head","By CQ zone","","CQ",""
"5","stats.zone.label","Zone {{zone}}","","{{zone}}",""
"5","stats.dxSplit.head","DX vs domestic","","DX",""
"5","stats.dxSplit.domestic","Domestic","","","One-word control on: Statistics view. Out of context this could be a noun or a verb — open that screen (or read the key name) before choosing the Portuguese word."
"5","stats.unplaced","{{unplaced}} of {{total}} QSOs couldn’t be placed by callsign","","{{unplaced}} | {{total}} | QSOs",""
"5","contests.group.now","On the air now","","",""
"5","contests.group.soon","Starting soon","","",""
"5","contests.group.week","This week","","",""
"5","contests.group.later","Later","","","One-word control on: contest calendar. Out of context this could be a noun or a verb — open that screen (or read the key name) before choosing the Portuguese word."
"5","contests.rules.title","Rules & details (WA7BNM)","","",""
"5","contests.line.offline","Contest schedule loads once online.","","",""
"5","contests.line.none","No contests coming up.","","",""
"5","contests.line.onNow","On now: {{name}} (until {{until}}).","","{{name}} | {{until}}",""
"5","contests.line.next.now","Next: {{name}} now ({{date}}).","","{{name}} | {{date}}",""
"5","contests.line.next.hours","Next: {{name}} in {{count}} h ({{date}}).","","{{name}} | {{count}} | {{date}}",""
"5","contests.line.next.days","Next: {{name}} in {{count}} d ({{date}}).","","{{name}} | {{count}} | {{date}}",""
"5","dxped.loading.title","Reading the expedition feeds…","","",""
"5","dxped.loading.detail","Fetching the announced-operations calendar and who's active now.","","",""
"5","dxped.hero.onAir::one","{{count}} DXpedition on the air now · {{announced}} announced","","{{count}} | {{announced}} | DXpedition","Plural form ""one"" — this key has one row per form (::one = exactly 1, ::other = every other count). Fill both rows separately; never merge them into one sentence."
"5","dxped.hero.onAir::other","{{count}} DXpeditions on the air now · {{announced}} announced","","{{count}} | {{announced}} | DXpeditions","Plural form ""other"" — this key has one row per form (::one = exactly 1, ::other = every other count). Fill both rows separately; never merge them into one sentence."
"5","dxped.hero.noneOnAir","No expeditions on the air right now — {{announced}} announced and coming","","{{announced}}",""
"5","dxped.hero.none","No expeditions announced right now","","",""
"5","dxped.prov.title","Data provenance","","","Short label on: DXpeditions view. The same English text ""Data provenance"" is used by 2 different keys (e.g. connect.prov.title) — each can take a different Portuguese word, so choose the one that fits THIS screen."
"5","dxped.prov.live","LIVE","","","Abbreviation shown on: DXpeditions view. Check the screen before expanding or translating it."
"5","dxped.prov.partial","PARTIAL","","","Abbreviation shown on: DXpeditions view. Check the screen before expanding or translating it."
"5","dxped.prov.cached","CACHED {{mins}}m","","{{mins}}","Short label on: DXpeditions view. The same English text ""CACHED {{mins}}m"" is used by 2 different keys (e.g. connect.prov.cached) — each can take a different Portuguese word, so choose the one that fits THIS screen."
"5","dxped.prov.none","NO LIVE DATA","","DATA","Short label on: DXpeditions view. The same English text ""NO LIVE DATA"" is used by 4 different keys (e.g. map.prov.none, connect.prov.offline, nowbar.prop.offline) — each can take a different Portuguese word, so choose the one that fits THIS screen."
"5","dxped.popOut.title","Open DXpeditions in its own window (for a second monitor)","","DXpeditions",""
"5","dxped.popOut.label","⧉ Pop out","","","Short label on: DXpeditions view. The same English text ""⧉ Pop out"" is used by 6 different keys (e.g. needed.popOut.label, spots.popOut.label, ota.popOut.label) — each can take a different Portuguese word, so choose the one that fits THIS screen."
"5","dxped.workNow.aria","Workable now","","","Short label on: DXpeditions view. The same English text ""Workable now"" is used by 2 different keys (e.g. ota.sort.value) — each can take a different Portuguese word, so choose the one that fits THIS screen."
"5","dxped.workNow.head","Work now — needed × on the air","","",""
"5","dxped.workNow.none","Nothing you need is workable right now. New ones appear here the moment a needed expedition is on a band with a real path to you.","","",""
"5","dxped.showOnMap.title","Open Connect with this expedition selected on the map","","",""
"5","dxped.showOnMap.label","◎ show on map","","",""
"5","dxped.calendar.empty","The forward calendar is empty — announced operations land here.","","",""
"5","dxped.engine.modelled","modelled","","","Short label on: DXpeditions view. The same English text ""modelled"" is used by 2 different keys (e.g. connect.engine.modelled) — each can take a different Portuguese word, so choose the one that fits THIS screen."
"5","dxped.card.live.title","Live PSK Reporter spots confirm this band toward the DX region","","PSK Reporter | PSK | DX",""
"5","dxped.card.live.label","live spots","","",""
"5","dxped.card.geo","{{octant}}{{az}} · {{km}} km","","{{octant}} | {{az}} | {{km}}",""
"5","dxped.card.bestShot","Best shot: {{band}} {{workability}} {{window}}","","{{band}} | {{workability}} | {{window}}",""
"5","dxped.card.details.title","The full 24h × band reliability grid for this path","","",""
"5","dxped.card.details.show","▸ details","","",""
"5","dxped.card.details.hide","▾ details","","",""
"5","dxped.card.work.title","Jump the rig to {{band}} and open the right cockpit","","{{band}}",""
"5","dxped.card.work.label","▶ Work {{band}}","","{{band}}","Short label on: DXpeditions view. The same English text ""▶ Work {{band}}"" is used by 2 different keys (e.g. connect.selection.work.label) — each can take a different Portuguese word, so choose the one that fits THIS screen."
"5","dxped.chase.toggle.on.title","Chasing — you get an alert when your window opens and they are spotted. Click to stop.","","",""
"5","dxped.chase.toggle.off.title","Chase this expedition — alert me when my modelled window opens and live spots confirm them","","",""
"5","dxped.chase.open.loud","🎯 {{call}} window open NOW — {{band}}, spotted on the air","","{{call}} | {{band}}",""
"5","dxped.chase.open.quiet","{{call}}: modelled window open ({{best}}) — not yet spotted","","{{call}} | {{best}}",""
"5","dxped.chase.work","Work","","","Short label on: DXpeditions view. The same English text ""Work"" is used by 4 different keys (e.g. roster.card.work.label, alerts.action.work, toast.action.default) — each can take a different Portuguese word, so choose the one that fits THIS screen."
"5","dxped.alarm.toggle.on.title","Alarm armed — a loud in-app wake-up fires {{lead}} min before your modelled window opens. Click to disarm.","","{{lead}}",""
"5","dxped.alarm.toggle.off.title","Wake me — arm a loud in-app alarm for when your modelled window to this expedition opens","","",""
"5","dxped.alarm.lead.title","How long before the window opens to wake you","","",""
"5","dxped.alarm.lead.aria","Alarm lead time","","",""
"5","dxped.alarm.lead.option","{{mins}} min","","{{mins}}","Short label on: DXpeditions view. The same English text ""{{mins}} min"" is used by 3 different keys (e.g. sat.passesPane.duration, aprs.card.age.mins) — each can take a different Portuguese word, so choose the one that fits THIS screen."
"5","dxped.alarm.toast","⏰ {{call}} — your modelled window {{opens}} · {{best}}","","{{call}} | {{opens}} | {{best}}",""
"5","dxped.alarm.openNow","is OPEN now","","",""
"5","dxped.alarm.opensAt","opens {{at}} (~{{mins}} min)","","{{at}} | {{mins}}",""
"5","dxped.alarm.stop","Stop alarm","","","Short label on: DXpeditions view. The same English text ""Stop alarm"" is used by 2 different keys (e.g. sat.alarm.stop) — each can take a different Portuguese word, so choose the one that fits THIS screen."
"5","dxped.calendar.aria","DXpedition calendar","","DXpedition",""
"5","dxped.calendar.head","DXpedition calendar — when to plan your chase","","DXpedition",""
"5","dxped.calendar.view.aria","Calendar view","","",""
"5","dxped.calendar.view.month","Calendar","","","One-word control on: DXpeditions view. Out of context this could be a noun or a verb — open that screen (or read the key name) before choosing the Portuguese word."
"5","dxped.calendar.view.list","Details","","","One-word control on: DXpeditions view. Out of context this could be a noun or a verb — open that screen (or read the key name) before choosing the Portuguese word."
"5","dxped.calendar.onAir","on the air","","",""
"5","dxped.calendar.week.title","Your modelled best shot for each of the next 7 days — plan the chase","","",""
"5","dxped.calendar.day.title","{{day}}: {{best}}","","{{day}} | {{best}}",""
"5","dxped.calendar.day.noPath","no modelled path","","",""
"5","dxped.calendar.day.offAir","{{day}}: not on the air","","{{day}}",""
"5","dxped.calendar.openFailed","Could not open the page for {{call}}","","{{call}}",""
"5","dxped.link.website","Website","","","One-word control on: DXpeditions view. Out of context this could be a noun or a verb — open that screen (or read the key name) before choosing the Portuguese word."
"5","dxped.link.site.title","Open the expedition's website — {{url}}","","{{url}}",""
"5","dxped.link.qrz.title","No website announced — open their QRZ page instead ({{url}})","","{{url}} | QRZ",""
"5","dxped.digest.aria","What to chase","","","Short label on: DXpeditions view. The same English text ""What to chase"" is used by 2 different keys (e.g. dxped.digest.head) — each can take a different Portuguese word, so choose the one that fits THIS screen."
"5","dxped.digest.head","What to chase","","","Short label on: DXpeditions view. The same English text ""What to chase"" is used by 2 different keys (e.g. dxped.digest.aria) — each can take a different Portuguese word, so choose the one that fits THIS screen."
"5","dxped.digest.onAir","ON THE AIR","","",""
"5","dxped.digest.onAirNow","on the air now","","",""
"5","dxped.digest.startsTomorrow","starts tomorrow","","","Short label on: DXpeditions view. The same English text ""starts tomorrow"" is used by 2 different keys (e.g. fieldDay.countdown.tomorrow) — each can take a different Portuguese word, so choose the one that fits THIS screen."
"5","dxped.digest.startsInDays","starts in {{days}} days","","{{days}}",""
"5","dxped.digest.bestDays","best {{days}}","","{{days}}",""
"5","dxped.month.aria","DXpedition month grid","","DXpedition",""
"5","dxped.month.today","TODAY","","","Abbreviation shown on: DXpeditions view. Check the screen before expanding or translating it."
"5","dxped.month.bar.chasing"," · chasing","","",""
"5","dxped.month.bar.opens"," · opens {{url}}","","{{url}}",""
"5","dxped.month.more.title::one","{{count}} more operation on this day — show the whole week","","{{count}}","Plural form ""one"" — this key has one row per form (::one = exactly 1, ::other = every other count). Fill both rows separately; never merge them into one sentence."
"5","dxped.month.more.title::other","{{count}} more operations on this day — show the whole week","","{{count}}","Plural form ""other"" — this key has one row per form (::one = exactly 1, ::other = every other count). Fill both rows separately; never merge them into one sentence."
"5","dxped.month.showFewer","show fewer","","",""
"5","ota.subtitle","Hunt activators on the air now","","",""
"5","ota.popOut.title","Open the POTA/SOTA board in its own window (a POTA board beside a SOTA board)","","POTA | SOTA | POTA/SOTA",""
"5","ota.popOut.label","⧉ Pop out","","","Short label on: POTA / SOTA view. The same English text ""⧉ Pop out"" is used by 6 different keys (e.g. needed.popOut.label, dxped.popOut.label, spots.popOut.label) — each can take a different Portuguese word, so choose the one that fits THIS screen."
"5","ota.program.aria","Program","","","Short label on: POTA / SOTA view. The same English text ""Program"" is used by 4 different keys (e.g. program.title, nav.program.label, features.program.label) — each can take a different Portuguese word, so choose the one that fits THIS screen."
"5","ota.program.both","Both","","","One-word control on: POTA / SOTA view. Out of context this could be a noun or a verb — open that screen (or read the key name) before choosing the Portuguese word."
"5","ota.programs.both","POTA or SOTA","","POTA | SOTA",""
"5","ota.hunt.banner","Hunting <b>{{reference}}</b> · <b>{{call}}</b><note> — next logged QSO with this call gets the park tagged</note>","","{{reference}} | {{call}} | <b> | <note> | QSO",""
"5","ota.hunt.clear","Clear hunt target","","",""
"5","ota.hunt.cleared","Hunt cleared","","",""
"5","ota.hunt.clearFailed","Could not clear hunt target","","",""
"5","ota.hunt.setFailed","Could not set hunt target for {{call}}","","{{call}}",""
"5","ota.hunt.label","HUNT","","","Abbreviation shown on: POTA / SOTA view. Check the screen before expanding or translating it."
"5","ota.hunt.button.title","Hunt {{call}} on {{reference}} — QSY to {{freq}} and tag next QSO","","{{call}} | {{reference}} | {{freq}} | QSO | QSY",""
"5","ota.hunt.button.aria","Hunt {{call}}","","{{call}}",""
"5","ota.activation.label","I'm activating:","","",""
"5","ota.activation.start","Start","","","One-word control on: POTA / SOTA view. Out of context this could be a noun or a verb — open that screen (or read the key name) before choosing the Portuguese word."
"5","ota.activation.started","Activating {{program}} {{reference}} — QSOs will be park-tagged","","{{program}} | {{reference}} | QSOs",""
"5","ota.activation.startFailed","Could not start activation","","",""
"5","ota.activation.active","📻 Activating <b>{{program}} {{reference}}</b><note> · {{count}} logged — QSOs get your park tagged</note>","","{{program}} | {{reference}} | {{count}} | <b> | <note> | QSOs",""
"5","ota.activation.stop.label","Stop","","","One-word control on: POTA / SOTA view. Out of context this could be a noun or a verb — open that screen (or read the key name) before choosing the Portuguese word."
"5","ota.activation.stop.title","End activation","","",""
"5","ota.activation.ended","Activation ended","","",""
"5","ota.activation.stopFailed","Could not stop activation","","",""
"5","ota.parks.have","📖 {{formatted}} parks — searchable in the log","","{{formatted}}",""
"5","ota.parks.none","📖 No local park list yet","","",""
"5","ota.parks.download","Download","","","Short label on: POTA / SOTA view. The same English text ""Download"" is used by 2 different keys (e.g. update.download) — each can take a different Portuguese word, so choose the one that fits THIS screen."
"5","ota.parks.update","Update","","","Short label on: POTA / SOTA view. The same English text ""Update"" is used by 2 different keys (e.g. memories.packs.update) — each can take a different Portuguese word, so choose the one that fits THIS screen."
"5","ota.parks.downloaded","Downloaded {{formatted}} parks — searchable in the log","","{{formatted}}",""
"5","ota.parks.downloadFailed","Park-list download failed","","",""
"5","ota.parks.import","Import CSV","","CSV","Short label on: POTA / SOTA view. The same English text ""Import CSV"" is used by 2 different keys (e.g. memories.toolbar.import.label) — each can take a different Portuguese word, so choose the one that fits THIS screen."
"5","ota.parks.imported","Imported {{formatted}} parks","","{{formatted}}",""
"5","ota.parks.importFailed","Import failed: {{detail}}","","{{detail}}",""
"5","ota.hunted.title","Import your POTA 'Hunted Parks.CSV' (from your POTA stats page) so worked parks show correctly — the park number isn't in a CW exchange, so your log alone can't know it","","POTA | CSV | CW",""
"5","ota.hunted.import","Import Hunted Parks","","",""
"5","ota.hunted.have","Hunted ✓ ({{formatted}})","","{{formatted}}",""
"5","ota.hunted.imported","Imported {{formatted}} hunted parks — new-park flags updated","","{{formatted}}",""
"5","ota.hunted.importFailed","Hunted-parks import failed: {{detail}}","","{{detail}}",""
"5","ota.spots.failed","{{program}} spots failed","","{{program}}",""
"5","ota.refresh.label","Refresh","","","Short label on: POTA / SOTA view. The same English text ""Refresh"" is used by 3 different keys (e.g. settings.rigControl.serialPort.refresh.action, settings.audio.refresh.action) — each can take a different Portuguese word, so choose the one that fits THIS screen."
"5","ota.refresh.title","Refresh spots","","",""
"5","ota.lastUpdated","Updated {{time}}","","{{time}}",""
"5","ota.filter.band.aria","Band filter","","",""
"5","ota.filter.band.label","Band","","","Short label on: POTA / SOTA view. The same English text ""Band"" is used by 13 different keys (e.g. logbook.field.band.label, logbook.column.band, logEntry.override.band.label) — each can take a different Portuguese word, so choose the one that fits THIS screen."
"5","ota.filter.mode.aria","Mode filter","","",""
"5","ota.filter.mode.label","Mode","","","Short label on: POTA / SOTA view. The same English text ""Mode"" is used by 15 different keys (e.g. logbook.field.mode.label, logbook.column.mode, logEntry.override.mode.label) — each can take a different Portuguese word, so choose the one that fits THIS screen."
"5","ota.filter.all","All","","","Short label on: POTA / SOTA view. The same English text ""All"" is used by 9 different keys (e.g. roster.filter.all, needed.filter.all, map.sats.filter.all) — each can take a different Portuguese word, so choose the one that fits THIS screen."
"5","ota.sort.aria","Sort spots","","",""
"5","ota.sort.label","Sort","","","One-word control on: POTA / SOTA view. Out of context this could be a noun or a verb — open that screen (or read the key name) before choosing the Portuguese word."
"5","ota.sort.title","How the spot list is ordered","","",""
"5","ota.sort.value","Workable now","","","Short label on: POTA / SOTA view. The same English text ""Workable now"" is used by 2 different keys (e.g. dxped.workNow.aria) — each can take a different Portuguese word, so choose the one that fits THIS screen."
"5","ota.sort.activator","Activator","","","One-word control on: POTA / SOTA view. Out of context this could be a noun or a verb — open that screen (or read the key name) before choosing the Portuguese word."
"5","ota.sort.reference","Reference","","","Short label on: POTA / SOTA view. The same English text ""Reference"" is used by 2 different keys (e.g. memories.kind.reference) — each can take a different Portuguese word, so choose the one that fits THIS screen."
"5","ota.sort.band","Band / freq","","",""
"5","ota.sort.mode","Mode","","","Short label on: POTA / SOTA view. The same English text ""Mode"" is used by 15 different keys (e.g. logbook.field.mode.label, logbook.column.mode, logEntry.override.mode.label) — each can take a different Portuguese word, so choose the one that fits THIS screen."
"5","ota.sort.asc.title","Ascending — click for descending","","",""
"5","ota.sort.desc.title","Descending — click for ascending","","",""
"5","ota.sort.asc.aria","Sort ascending","","",""
"5","ota.sort.desc.aria","Sort descending","","",""
"5","ota.loading","Loading…","","","One-word control on: POTA / SOTA view. Out of context this could be a noun or a verb — open that screen (or read the key name) before choosing the Portuguese word."
"5","ota.empty.filtered","No activators match the current filters.","","",""
"5","ota.empty","No {{program}} activators spotted right now.","","{{program}}",""
"5","ota.spot.spottedBy","Spotted by {{spotter}}","","{{spotter}}",""
"5","ota.spot.bandOpen.tooltip","BAND OPEN — your signal is being received on this band right now (workable)","","",""
"5","ota.badge.newPark","NEW PARK","","",""
"5","ota.badge.newPark.title","You have never logged this park/summit — a new one","","",""
"5","ota.badge.bandOpen","BAND OPEN","","",""
"5","ota.badge.bandOpen.title","Your signal is being received on this band right now — workable","","",""
"5","ota.source.hint","Live from {{source}}. Auto-refreshes every 60 s. Click HUNT to QSY and tag the next logged QSO.","","{{source}} | QSO | QSY",""
"5","prop.rarity.rare.label","RARE","","","Abbreviation shown on: propagation panes. Check the screen before expanding or translating it."
"5","prop.rarity.rare.title","Rare grid — almost no land (small island or coastal sliver)","","",""
"5","prop.rarity.ultra.label","ULTRA","","","Abbreviation shown on: propagation panes. Check the screen before expanding or translating it."
"5","prop.rarity.ultra.title","Ultra-rare grid — open water: only rovers, maritime mobiles, or DXpeditions can activate it","","DXpeditions",""
"5","prop.impact.sfi.high","high flux — upper bands lively","","",""
"5","prop.impact.sfi.moderate","moderate flux — 20–15 m workable","","",""
"5","prop.impact.sfi.low","low flux — high bands sluggish","","",""
"5","prop.impact.kp.storm","geomag storm — polar paths degraded","","",""
"5","prop.impact.kp.unsettled","unsettled — high-lat paths soft","","",""
"5","prop.impact.kp.quiet","quiet field — stable paths","","",""
"5","prop.impact.bz.hardSouth","field hard south — storm likely, polar paths fading","","",""
"5","prop.impact.bz.south","field south — high-lat paths softening soon","","",""
"5","prop.impact.bz.neutral","field neutral/north — stable","","",""
"5","prop.impact.a.storm","stormy day — HF rough, polar paths out","","HF",""
"5","prop.impact.a.active","active day — paths up and down","","",""
"5","prop.impact.a.unsettled","unsettled day — minor fading spells","","",""
"5","prop.impact.a.quiet","quiet day — conditions steady","","",""
"5","prop.impact.xray.flare","flare — low-band shortwave fade","","",""
"5","prop.impact.xray.cClass","C-class — minor low-band absorption","","",""
"5","prop.impact.xray.none","no significant flares","","",""
"5","prop.bandTiming.openNowHours","open now · ~{{hours}}h left","","{{hours}}",""
"5","prop.bandTiming.openNowMins","open now · ~{{mins}}m left","","{{mins}}",""
"5","prop.bandTiming.opensIn","opens in ~{{when}} ({{at}})","","{{when}} | {{at}}",""
"5","prop.state.sub.active","active","","","Short label on: propagation panes. The same English text ""active"" is used by 2 different keys (e.g. fieldDay.status.active) — each can take a different Portuguese word, so choose the one that fits THIS screen."
"5","prop.state.sub.someActivity","some activity","","",""
"5","prop.state.sub.noneHeard","none heard","","",""
"5","prop.spotTooltip","{{call}} · {{band}}{{mode}}{{freq}} · {{age}} ago","","{{call}} | {{band}} | {{mode}} | {{freq}} | {{age}}",""
"5","prop.spotTooltip.heardMe"," · heard YOU","","",""
"5","prop.spotTooltip.approx"," · ~location","","",""
"5","prop.satTooltip","{{name}} {{star}}{{alt}} · {{when}}{{click}} · dbl-click: favorite","","{{name}} | {{star}} | {{alt}} | {{when}} | {{click}}",""
"5","prop.satTooltip.alt"," · alt {{km}} km","","{{km}}",""
"5","prop.satTooltip.noPass","no pass over you in 24 h","","",""
"5","prop.satTooltip.inPass","IN PASS now · max {{maxEl}}°","","{{maxEl}}",""
"5","prop.satTooltip.nextPass","next pass {{at}} (in {{mins}} min) · max {{maxEl}}°","","{{at}} | {{mins}} | {{maxEl}}",""
"5","prop.satTooltip.clickForPasses"," — click for passes","","",""
"5","prop.focusBand.title","Focus {{band}} on the map","","{{band}}",""
"5","prop.bands.aria","Band activity","","","Short label on: propagation panes. The same English text ""Band activity"" is used by 4 different keys (e.g. cw.pane.bandActivity.title, phone.pane.bandActivity.title, nowbar.band.title.plain) — each can take a different Portuguese word, so choose the one that fits THIS screen."
"5","prop.bands.head.you","Bands — best for you","","",""
"5","prop.bands.head.world","Bands — worldwide activity","","",""
"5","prop.bands.view.aria","Band ranking view","","",""
"5","prop.bands.view.you.label","For you","","",""
"5","prop.bands.view.you.title","Bands ranked by what YOU can reach now (own-call + near-region)","","",""
"5","prop.bands.view.world.label","Worldwide","","","One-word control on: propagation panes. Out of context this could be a noun or a verb — open that screen (or read the key name) before choosing the Portuguese word."
"5","prop.bands.view.world.title","Bands ranked by GLOBAL activity — busy, but not necessarily workable from your QTH","","QTH",""
"5","prop.bands.clearFocus.title","Clear the band focus","","",""
"5","prop.bands.focused","focused: {{band}} ✕","","{{band}}",""
"5","prop.bands.caption.you","Ranked by what you can actually reach now — your own-call paths + stations near you.","","",""
"5","prop.bands.caption.world","Busiest bands worldwide — loud somewhere, not necessarily workable from your QTH.","","QTH",""
"5","prop.bands.modelled.title","Modelled: {{reason}}","","{{reason}}",""
"5","prop.bands.people.title","stations that hear you / you hear","","",""
"5","prop.bandConditions.aria","Band conditions","","","Short label on: propagation panes. The same English text ""Band conditions"" is used by 2 different keys (e.g. map.insights.bands.head) — each can take a different Portuguese word, so choose the one that fits THIS screen."
"5","prop.bandConditions.cell.title","{{band}}: {{state}}{{sub}} — {{reason}}","","{{band}} | {{state}} | {{sub}} | {{reason}}",""
"5","prop.bestBand.stations.title","anchored stations (⇄ = both directions)","","",""
"5","prop.activityMatrix.corner.aria","band","","","One-word control on: propagation panes. Out of context this could be a noun or a verb — open that screen (or read the key name) before choosing the Portuguese word."
"5","prop.activityMatrix.cell.title::one","{{region}} {{band}}: {{count}} stn ({{hearMe}} hear you, {{iHear}} you hear)","","{{region}} | {{band}} | {{count}} | {{hearMe}} | {{iHear}}","Plural form ""one"" — this key has one row per form (::one = exactly 1, ::other = every other count). Fill both rows separately; never merge them into one sentence."
"5","prop.activityMatrix.cell.title::other","{{region}} {{band}}: {{count}} stns ({{hearMe}} hear you, {{iHear}} you hear)","","{{region}} | {{band}} | {{count}} | {{hearMe}} | {{iHear}}","Plural form ""other"" — this key has one row per form (::one = exactly 1, ::other = every other count). Fill both rows separately; never merge them into one sentence."
"5","prop.activityMatrix.cell.empty","{{region}} {{band}}: —","","{{region}} | {{band}}",""
"5","prop.beacons.title","{{qth}} · {{freq}} MHz","","{{qth}} | {{freq}} | MHz",""
"5","prop.getout.aria","Compass rose of where your signal is reaching","","",""
"5","prop.getout.spoke::one","{{octant}}: {{count}} station, out to {{km}} km","","{{octant}} | {{count}} | {{km}}","Plural form ""one"" — this key has one row per form (::one = exactly 1, ::other = every other count). Fill both rows separately; never merge them into one sentence."
"5","prop.getout.spoke::other","{{octant}}: {{count}} stations, out to {{km}} km","","{{octant}} | {{count}} | {{km}}","Plural form ""other"" — this key has one row per form (::one = exactly 1, ::other = every other count). Fill both rows separately; never merge them into one sentence."
"5","prop.insightFeed.aria","Predictive insights","","",""
"5","prop.heatmap.aria","Band by UTC-hour contact-likelihood heatmap","","UTC",""
"5","prop.heatmap.band.title","{{band}} — {{workability}} · {{pct}}% of the day usable (modelled)","","{{band}} | {{workability}} | {{pct}}",""
"5","prop.heatmap.legend","less likely → more likely","","",""
"5","prop.measuredMuf.none","No live ionosonde MUF right now.","","MUF",""
"5","prop.measuredMuf.value","{{muf}} MHz","","{{muf}} | MHz","Short label on: propagation panes. The same English text ""{{muf}} MHz"" is used by 2 different keys (e.g. map.insights.muf.value) — each can take a different Portuguese word, so choose the one that fits THIS screen."
"5","prop.measuredMuf.fof2","foF2 {{value}}","","{{value}}",""
"5","prop.scales.none","No live space-weather scales right now.","","",""
"5","prop.scales.r.title","Radio blackout — HF absorption on sunlit paths","","HF",""
"5","prop.scales.s.title","Solar radiation storm — polar HF","","HF",""
"5","prop.scales.g.title","Geomagnetic storm — high-lat paths + aurora","","",""
"5","prop.scales.tomorrow","G{{level}}↗ tmrw","","{{level}}",""
"5","prop.scales.tomorrow.title","Tomorrow's forecast geomagnetic level","","",""
"5","prop.spaceWx.aria","Space weather","","",""
"5","prop.spaceWx.gloss.sfi","Solar Flux Index — how energized the ionosphere is. Higher opens the upper HF bands (20–10 m). ~70 is low; 150+ is great.","","HF",""
"5","prop.spaceWx.gloss.kp","Geomagnetic activity, 0–9. Low is calm and good for DX; 5+ is a storm that fades the high bands and polar paths.","","DX",""
"5","prop.spaceWx.gloss.a","A-index — a daily summary of geomagnetic disturbance. Lower is quieter and better for DX.","","DX",""
"5","prop.spaceWx.gloss.xray","Solar X-ray flare level (A/B/C/M/X). An M- or X-class flare can briefly black out the low bands.","","",""
"5","prop.greyline.noGrid","Set your grid in Settings to see your greyline windows.","","",""
"5","prop.greyline.next.rise","<b>Sunrise</b> greyline in <b>{{when}}</b> ({{at}})","","{{when}} | {{at}} | <b>",""
"5","prop.greyline.next.set","<b>Sunset</b> greyline in <b>{{when}}</b> ({{at}})","","{{when}} | {{at}} | <b>",""
"5","prop.greyline.favors","◐ greyline favors {{bands}}","","{{bands}}",""
"5","prop.greyline.onGrey","On the greyline now (point your beam): {{entities}}","","{{entities}}",""
"5","prop.greyline.none","No greyline DX paths lit right now.","","DX",""
"5","prop.opening.focus.title","Focus {{band}} on the map — where IS this opening?","","{{band}}",""
"5","prop.opening.bandOpen","{{band}} OPEN","","{{band}}",""
"5","prop.opening.new","NEW","","","Abbreviation shown on: propagation panes. Check the screen before expanding or translating it."
"5","prop.opening.detail","point {{octant}} · ~{{km}} km · {{stations}} stations{{reciprocal}} · {{confidence}}{{opened}}","","{{octant}} | {{km}} | {{stations}} | {{reciprocal}} | {{confidence}} | {{opened}}",""
"5","prop.opening.reciprocal"," ({{count}} 2-way)","","{{count}}",""
"5","prop.opening.opened"," · opened {{ago}}","","{{ago}}",""
"5","prop.opening.ago.justNow","just now","","",""
"5","prop.opening.ago.mins","{{mins}}m ago","","{{mins}}","Short label on: propagation panes. The same English text ""{{mins}}m ago"" is used by 7 different keys (e.g. map.hover.aprs.ageMins, chase.age.mins, bandMap.age.mins) — each can take a different Portuguese word, so choose the one that fits THIS screen."
"5","prop.opening.ago.hours","{{hours}}h ago","","{{hours}}","Short label on: propagation panes. The same English text ""{{hours}}h ago"" is used by 4 different keys (e.g. bandMap.age.hours, program.age.hours, bandStrip.age.hours) — each can take a different Portuguese word, so choose the one that fits THIS screen."
"5","prop.openingsLog.filter.aria","Filter openings by band","","",""
"5","prop.openingsLog.filter.all","All","","","Short label on: propagation panes. The same English text ""All"" is used by 9 different keys (e.g. roster.filter.all, needed.filter.all, map.sats.filter.all) — each can take a different Portuguese word, so choose the one that fits THIS screen."
"5","prop.openingsLog.count::one","{{count}} opening","","{{count}}","Plural form ""one"" — this key has one row per form (::one = exactly 1, ::other = every other count). Fill both rows separately; never merge them into one sentence."
"5","prop.openingsLog.count::other","{{count}} openings","","{{count}}","Plural form ""other"" — this key has one row per form (::one = exactly 1, ::other = every other count). Fill both rows separately; never merge them into one sentence."
"5","prop.openingsLog.empty","No {{filter}} openings recorded yet.","","{{filter}}",""
"5","prop.openingsLog.sort.title","Sort by {{column}}","","{{column}}","Short label on: propagation panes. The same English text ""Sort by {{column}}"" is used by 2 different keys (e.g. operate.roster.sort.title) — each can take a different Portuguese word, so choose the one that fits THIS screen."
"5","prop.openingsLog.column.band","Band","","","Short label on: propagation panes. The same English text ""Band"" is used by 13 different keys (e.g. logbook.field.band.label, logbook.column.band, logEntry.override.band.label) — each can take a different Portuguese word, so choose the one that fits THIS screen."
"5","prop.openingsLog.column.mode","Mode","","","Short label on: propagation panes. The same English text ""Mode"" is used by 15 different keys (e.g. logbook.field.mode.label, logbook.column.mode, logEntry.override.mode.label) — each can take a different Portuguese word, so choose the one that fits THIS screen."
"5","prop.openingsLog.column.when","When","","","One-word control on: propagation panes. Out of context this could be a noun or a verb — open that screen (or read the key name) before choosing the Portuguese word."
"5","prop.openingsLog.column.duration","Dur","","","Short label on: propagation panes. The same English text ""Dur"" is used by 2 different keys (e.g. sat.schedule.column.dur) — each can take a different Portuguese word, so choose the one that fits THIS screen."
"5","prop.openingsLog.column.dx","DX","","DX","Abbreviation shown on: propagation panes. Check the screen before expanding or translating it."
"5","prop.openingsLog.column.stations","Stns","","","One-word control on: propagation panes. Out of context this could be a noun or a verb — open that screen (or read the key name) before choosing the Portuguese word."
"5","prop.openingsLog.duration.partial.title","Already open at app start — duration under-counts","","",""
"5","prop.openingsLog.dx.title","Longest path seen during the opening","","",""
"5","prop.openingsLog.dx","~{{km}} km {{octant}}","","{{km}} | {{octant}}",""
"5","prop.openingsLog.stations.title","Most stations heard in one window","","",""
"5","prop.openingsLog.stations","{{count}} stns","","{{count}}",""
"5","prop.openingAlert.sporadicE","⚡ {{band}} SPORADIC-E — rare & brief, point {{octant}} NOW · DX ~{{km}} km · {{stations}} stns","","{{band}} | {{octant}} | {{km}} | {{stations}} | DX | SPORADIC-E",""
"5","prop.openingAlert.aurora","🌌 {{band}} AURORA — beam NORTH (not at the station); signals sound raspy/buzzy, CW & SSB work best","","{{band}} | SSB | CW",""
"5","prop.openingAlert.f2","⚡ {{band}} F2 opening — real DX, point {{octant}} · ~{{km}} km · {{stations}} stns","","{{band}} | {{octant}} | {{km}} | {{stations}} | DX | F2",""
"5","prop.openingAlert.tropo","📡 {{band}} tropo opening — DX to ~{{km}} km, point {{octant}} · {{stations}} stns","","{{band}} | {{km}} | {{octant}} | {{stations}} | DX",""
"5","prop.openingAlert.generic","⚡ {{band}} open — point {{octant}} · {{stations}} stns","","{{band}} | {{octant}} | {{stations}}",""
"5","prop.stormAlert.now","🧲 Geomagnetic storm G{{g}} (Kp {{kp}}) — HF degraded, worst on polar paths; aurora possible on VHF","","{{g}} | {{kp}} | VHF | HF",""
"5","prop.stormAlert.forecast","🧲 NOAA expects G{{g}} (Kp {{kp}}) from {{when}} — HF likely degraded then","","{{g}} | {{kp}} | {{when}} | NOAA | HF",""
"5","prop.openingAlert.thin","📻 {{band}} possible {{mode}} — thin evidence: {{stations}} stns to ~{{km}} km {{octant}}; may not be audible by ear","","{{band}} | {{mode}} | {{stations}} | {{km}} | {{octant}}",""
"5","fieldDay.operator.label","Operator","","","Short label on: Field Day view. The same English text ""Operator"" is used by 2 different keys (e.g. fieldDay.club.board.column.operator) — each can take a different Portuguese word, so choose the one that fits THIS screen."
"5","fieldDay.operator.placeholder","operator (call/initials)","","",""
"5","fieldDay.operator.aria","Field Day operator (call or initials)","","Field Day",""
"5","fieldDay.popOut.label","⧉ Pop out","","","Short label on: Field Day view. The same English text ""⧉ Pop out"" is used by 6 different keys (e.g. needed.popOut.label, dxped.popOut.label, spots.popOut.label) — each can take a different Portuguese word, so choose the one that fits THIS screen."
"5","fieldDay.popOut.title","Pop the scoreboard out to its own window (second monitor)","","",""
"5","fieldDay.score.qsos","QSOs","","QSOs","Short label on: Field Day view. The same English text ""QSOs"" is used by 3 different keys (e.g. stats.qsos, fieldDay.club.board.column.qsos) — each can take a different Portuguese word, so choose the one that fits THIS screen."
"5","fieldDay.score.sections","Sections","","","Short label on: Field Day view. The same English text ""Sections"" is used by 2 different keys (e.g. fieldDay.sections.head) — each can take a different Portuguese word, so choose the one that fits THIS screen."
"5","fieldDay.score.wfd","QSO pts {{points}} · WFD objective multipliers apply at submission (not tracked here)","","{{points}} | QSO",""
"5","fieldDay.score.math","QSO pts <b>{{qsoPts}}</b> × power ×<b>{{powerMult}}</b> = <b>{{poweredPoints}}</b> + bonuses <b>{{bonusPoints}}</b> = <total>{{totalScore}}</total>","","{{qsoPts}} | {{powerMult}} | {{poweredPoints}} | {{bonusPoints}} | {{totalScore}} | <b> | <total> | QSO",""
"5","fieldDay.state.title","Sequencer state","","",""
"5","fieldDay.state.idle","Idle","","","Short label on: Field Day view. The same English text ""Idle"" is used by 2 different keys (e.g. rtty.seq.idle) — each can take a different Portuguese word, so choose the one that fits THIS screen."
"5","fieldDay.sections.aria","Worked sections board","","",""
"5","fieldDay.sections.head","Sections","","","Short label on: Field Day view. The same English text ""Sections"" is used by 2 different keys (e.g. fieldDay.score.sections) — each can take a different Portuguese word, so choose the one that fits THIS screen."
"5","fieldDay.sections.count","{{worked}}/{{total}} sections","","{{worked}} | {{total}}",""
"5","fieldDay.sections.cell.worked.title","{{code}} — {{name}} ({{division}}) — worked","","{{code}} | {{name}} | {{division}}",""
"5","fieldDay.sections.cell.notWorked.title","{{code}} — {{name}} ({{division}}) — not worked yet","","{{code}} | {{name}} | {{division}}",""
"5","fieldDay.sections.cell.worked.aria","{{name}}, worked","","{{name}}",""
"5","fieldDay.sections.cell.notWorked.aria","{{name}}, not worked","","{{name}}",""
"5","fieldDay.role.aria","Field Day role","","Field Day",""
"5","fieldDay.role.running","Running","","","One-word control on: Field Day view. Out of context this could be a noun or a verb — open that screen (or read the key name) before choosing the Portuguese word."
"5","fieldDay.role.sp","S&P","","","Short label on: Field Day view. The same English text ""S&P"" is used by 2 different keys (e.g. operate.strip.sandp.label) — each can take a different Portuguese word, so choose the one that fits THIS screen."
"5","fieldDay.export.busy","Exporting…","","","One-word control on: Field Day view. Out of context this could be a noun or a verb — open that screen (or read the key name) before choosing the Portuguese word."
"5","fieldDay.export.cabrillo.label","Export Cabrillo","","Cabrillo",""
"5","fieldDay.export.cabrillo.title","Export Field Day log as Cabrillo (.cbr) for ARRL submission","","Field Day | Cabrillo | ARRL",""
"5","fieldDay.export.adif.label","Export ADIF","","ADIF","Short label on: Field Day view. The same English text ""Export ADIF"" is used by 2 different keys (e.g. logbook.export.adif.label) — each can take a different Portuguese word, so choose the one that fits THIS screen."
"5","fieldDay.export.adif.title","Export Field Day log as ADIF (.adi)","","Field Day | ADIF",""
"5","fieldDay.export.summary.label","Summary","","","One-word control on: Field Day view. Out of context this could be a noun or a verb — open that screen (or read the key name) before choosing the Portuguese word."
"5","fieldDay.export.summary.title","Download a one-page score summary (QSOs by band/mode, sections, power, bonuses, total)","","QSOs",""
"5","fieldDay.export.dupeSheet.label","Dupe sheet","","",""
"5","fieldDay.export.dupeSheet.title","Download a dupe / multiplier check sheet (sections + callsigns worked)","","",""
"5","fieldDay.export.done","Exported → {{path}}","","{{path}}",""
"5","fieldDay.bonuses.head","Bonuses","","","One-word control on: Field Day view. Out of context this could be a noun or a verb — open that screen (or read the key name) before choosing the Portuguese word."
"5","fieldDay.bonuses.count","{{claimed}}/{{total}} claimed · {{points}} pts","","{{claimed}} | {{total}} | {{points}}",""
"5","fieldDay.bonuses.aria","Claimed FD bonuses","","",""
"5","fieldDay.bonus.aria","{{label}} — {{points}} pts","","{{label}} | {{points}}",""
"5","fieldDay.bonus.pts","{{points}} pts","","{{points}}",""
"5","fieldDay.scoring.power.chip","×{{mult}} power","","{{mult}}",""
"5","fieldDay.bonuses.planned.count","{{count}} planned · +{{points}} pts","","{{count}} | {{points}}",""
"5","fieldDay.bonuses.chase.aria","Bonus points earned and planned","","",""
"5","fieldDay.bonuses.chase.earned","Earned {{points}} pts","","{{points}}",""
"5","fieldDay.bonuses.chase.earned.note","counted in your score","","",""
"5","fieldDay.bonuses.chase.planned","Planned +{{points}} pts","","{{points}}",""
"5","fieldDay.bonuses.chase.planned.note","not scored until you tick it","","",""
"5","fieldDay.bonuses.chase.potential","If all land {{points}} pts","","{{points}}",""
"5","fieldDay.bonus.plan.off","Plan","","","One-word control on: Field Day view. Out of context this could be a noun or a verb — open that screen (or read the key name) before choosing the Portuguese word."
"5","fieldDay.bonus.plan.on","Planned","","","One-word control on: Field Day view. Out of context this could be a noun or a verb — open that screen (or read the key name) before choosing the Portuguese word."
"5","fieldDay.bonus.plan.aria","Plan {{label}} — planned bonuses do not score","","{{label}}",""
"5","fieldDay.bonus.plan.title","Planned = you mean to earn it. It scores only once you tick the box.","","",""
"5","fieldDay.log.column.time","Time","","","Short label on: Field Day view. The same English text ""Time"" is used by 2 different keys (e.g. operate.decodes.sort.time) — each can take a different Portuguese word, so choose the one that fits THIS screen."
"5","fieldDay.log.column.call","Call","","","Short label on: Field Day view. The same English text ""Call"" is used by 10 different keys (e.g. logbook.field.call.label, logbook.column.call, logEntry.call.placeholder) — each can take a different Portuguese word, so choose the one that fits THIS screen."
"5","fieldDay.log.column.class","Class","","","Short label on: Field Day view. The same English text ""Class"" is used by 2 different keys (e.g. logEntry.fd.class.label) — each can take a different Portuguese word, so choose the one that fits THIS screen."
"5","fieldDay.log.column.category","Category","","","One-word control on: Field Day view. Out of context this could be a noun or a verb — open that screen (or read the key name) before choosing the Portuguese word."
"5","fieldDay.log.column.section","Section","","","Short label on: Field Day view. The same English text ""Section"" is used by 2 different keys (e.g. logEntry.fd.section.label) — each can take a different Portuguese word, so choose the one that fits THIS screen."
"5","fieldDay.log.column.band","Band","","","Short label on: Field Day view. The same English text ""Band"" is used by 13 different keys (e.g. logbook.field.band.label, logbook.column.band, logEntry.override.band.label) — each can take a different Portuguese word, so choose the one that fits THIS screen."
"5","fieldDay.log.column.mode","Mode","","","Short label on: Field Day view. The same English text ""Mode"" is used by 15 different keys (e.g. logbook.field.mode.label, logbook.column.mode, logEntry.override.mode.label) — each can take a different Portuguese word, so choose the one that fits THIS screen."
"5","fieldDay.log.empty","No contacts logged yet.","","",""
"5","fieldDay.log.dupe.title","Duplicate callsign","","",""
"5","fieldDay.log.mult.title","New section — multiplier","","",""
"5","fieldDay.log.mult","Mult!","","","One-word control on: Field Day view. Out of context this could be a noun or a verb — open that screen (or read the key name) before choosing the Portuguese word."
"5","fieldDay.subtitle","{{event}}: {{dates}} · {{status}}","","{{event}} | {{dates}} | {{status}}",""
"5","fieldDay.status.active","active","","","Short label on: Field Day view. The same English text ""active"" is used by 2 different keys (e.g. prop.state.sub.active) — each can take a different Portuguese word, so choose the one that fits THIS screen."
"5","fieldDay.countdown.days","starts in {{count}} days","","{{count}}",""
"5","fieldDay.countdown.tomorrow","starts tomorrow","","","Short label on: Field Day view. The same English text ""starts tomorrow"" is used by 2 different keys (e.g. dxped.digest.startsTomorrow) — each can take a different Portuguese word, so choose the one that fits THIS screen."
"5","fieldDay.countdown.hours","starts in {{count}}h","","{{count}}",""
"5","fieldDay.countdown.soon","starting soon","","",""
"5","fieldDay.rules.line","Rules {{year}} · data {{date}}","","{{year}} | {{date}}",""
"5","fieldDay.advisory.banned","{{mode}} is not permitted at {{event}} ({{year}} rules) — you can still log it, but it will not count","","{{mode}} | {{event}} | {{year}}",""
"5","fieldDay.advisory.cluster","DX cluster assistance is not permitted at {{event}} ({{year}} rules) — live now: {{sources}}","","{{event}} | {{year}} | {{sources}} | DX",""
"5","fieldDay.advisory.spotting","Spotting assistance is not permitted at {{event}} ({{year}} rules) — live now: {{sources}}","","{{event}} | {{year}} | {{sources}}",""
"5","fieldDay.club.aria","Club sync","","",""
"5","fieldDay.club.head","Club","","","One-word control on: Field Day view. Out of context this could be a noun or a verb — open that screen (or read the key name) before choosing the Portuguese word."
"5","fieldDay.club.state.synced","Synced","","","One-word control on: Field Day view. Out of context this could be a noun or a verb — open that screen (or read the key name) before choosing the Portuguese word."
"5","fieldDay.club.state.behind","Behind — {{queued}} to send","","{{queued}}",""
"5","fieldDay.club.state.offline","Offline — {{queued}} queued here","","{{queued}}",""
"5","fieldDay.club.state.title","Live sync state, derived from the send queue — never a guess. Contacts logged while offline are journaled and re-sent automatically.","","",""
"5","fieldDay.club.hostLine","{{event}} · host {{call}}","","{{event}} | {{call}}",""
"5","fieldDay.club.counters","Club: {{score}} pts · {{qsos}} QSOs · {{sections}} sections","","{{score}} | {{qsos}} | {{sections}} | QSOs",""
"5","fieldDay.club.export.cabrillo.label","Club Cabrillo","","Cabrillo",""
"5","fieldDay.club.export.cabrillo.title","Export the merged club log as Cabrillo (deduped — the earliest contact wins)","","Cabrillo",""
"5","fieldDay.club.export.adif.label","Club ADIF","","ADIF",""
"5","fieldDay.club.export.adif.title","Export the merged club log as ADIF (deduped — the earliest contact wins)","","ADIF",""
"5","fieldDay.club.popOut.label","⧉ Pop out board","","",""
"5","fieldDay.club.popOut.title","Pop the club band board out to its own window (second monitor) — who is on what band, across every position","","",""
"5","fieldDay.club.skew","This PC's clock differs from the host's by {{secs}} s — check this PC's clock","","{{secs}}",""
"5","fieldDay.club.error","Host: {{msg}}","","{{msg}}",""
"5","fieldDay.club.board.empty","No positions heard yet — every other Nexus position on this network appears here as it logs.","","Nexus",""
"5","fieldDay.club.board.column.position","Position","","","Short label on: Field Day view. The same English text ""Position"" is used by 3 different keys (e.g. aprs.table.position, aprs.card.position.label) — each can take a different Portuguese word, so choose the one that fits THIS screen."
"5","fieldDay.club.bands.column.band","Band","","","Short label on: Field Day view. The same English text ""Band"" is used by 13 different keys (e.g. logbook.field.band.label, logbook.column.band, logEntry.override.band.label) — each can take a different Portuguese word, so choose the one that fits THIS screen."
"5","fieldDay.club.bands.column.who","Who is there","","",""
"5","fieldDay.club.bands.free","free","","","One-word control on: Field Day view. Out of context this could be a noun or a verb — open that screen (or read the key name) before choosing the Portuguese word."
"5","fieldDay.club.bands.clash.mark","CLASH","","","Abbreviation shown on: Field Day view. Check the screen before expanding or translating it."
"5","fieldDay.club.bands.clash.why","{{band}} conflict: two positions are running {{mode}} at once. They will work each other’s callers and split the run.","","{{band}} | {{mode}}",""
"5","fieldDay.club.board.column.band","Band","","","Short label on: Field Day view. The same English text ""Band"" is used by 13 different keys (e.g. logbook.field.band.label, logbook.column.band, logEntry.override.band.label) — each can take a different Portuguese word, so choose the one that fits THIS screen."
"5","fieldDay.club.board.column.mode","Mode","","","Short label on: Field Day view. The same English text ""Mode"" is used by 15 different keys (e.g. logbook.field.mode.label, logbook.column.mode, logEntry.override.mode.label) — each can take a different Portuguese word, so choose the one that fits THIS screen."
"5","fieldDay.club.board.column.operator","Operator","","","Short label on: Field Day view. The same English text ""Operator"" is used by 2 different keys (e.g. fieldDay.operator.label) — each can take a different Portuguese word, so choose the one that fits THIS screen."
"5","fieldDay.club.board.column.qsos","QSOs","","QSOs","Short label on: Field Day view. The same English text ""QSOs"" is used by 3 different keys (e.g. stats.qsos, fieldDay.score.qsos) — each can take a different Portuguese word, so choose the one that fits THIS screen."
"5","fieldDay.club.board.column.rate","Rate","","","One-word control on: Field Day view. Out of context this could be a noun or a verb — open that screen (or read the key name) before choosing the Portuguese word."
"5","fieldDay.club.board.stale","Last heard {{secs}} s ago","","{{secs}}",""
"5","fieldDay.club.board.unnamed","Unnamed position","","",""
"5","fieldDay.club.board.rate","{{rate}}/hr","","{{rate}}","One-word control on: Field Day view. Out of context this could be a noun or a verb — open that screen (or read the key name) before choosing the Portuguese word."
"5","rotor.stop.failed","Rotator stop: {{error}}","","{{error}}",""
"5","rotor.strip.aria","Rotator","","","Short label on: rotator strip / pane. The same English text ""Rotator"" is used by 2 different keys (e.g. settings.rotator.legend) — each can take a different Portuguese word, so choose the one that fits THIS screen."
"5","rotor.strip.az.title","Rotator at {{deg}}° true","","{{deg}}",""
"5","rotor.strip.az.title.magnetic","Rotator at {{deg}}° true · {{mag}}° magnetic (WMM)","","{{deg}} | {{mag}}",""
"5","rotor.strip.pointAt.title","Point the antenna at {{call}}","","{{call}}",""
"5","rotor.strip.stop.title","Stop rotation NOW (mid-pass: stops the satellite track too)","","",""
"5","rotor.strip.held.aria","A satellite transponder holds the dial","","",""
"5","rotor.strip.held.title","{{bird}} holds the dial — picked in Satellites; the dial stays on the bird through section changes. ■ releases the hold and hands the dial back","","{{bird}}",""
"5","rotor.strip.held.title.here","{{bird}} holds the dial — picked in Satellites; the dial stays on the bird through section changes. Release it there or with the strip's ■","","{{bird}}",""
"5","rotor.strip.held.chip","⟳ {{bird}} · bird holds the dial","","{{bird}}",""
"5","rotor.strip.held.chip.dial","⟳ {{bird}} +dial","","{{bird}}","Short label on: rotator strip / pane. The same English text ""⟳ {{bird}} +dial"" is used by 2 different keys (e.g. rotor.strip.track.chip.dial) — each can take a different Portuguese word, so choose the one that fits THIS screen."
"5","rotor.strip.release.aria","Release the transponder hold","","",""
"5","rotor.strip.release.title","Release the transponder NOW — the dial is yours again","","",""
"5","rotor.strip.release.failed","Release: {{error}}","","{{error}}",""
"5","rotor.strip.doppler.dial.aria","Satellite Doppler owns the dial","","Doppler",""
"5","rotor.strip.doppler.tx.aria","Satellite Doppler owns the TX VFO","","Doppler | VFO | TX",""
"5","rotor.strip.doppler.dial.title","Satellite Doppler is {{what}} for {{bird}} ({{state}}) — ■ stops the track and hands the dial back","","{{what}} | {{bird}} | {{state}} | Doppler",""
"5","rotor.strip.doppler.tx.title","Satellite Doppler is {{what}} for {{bird}} ({{state}}) — ■ stops the track and releases the split","","{{what}} | {{bird}} | {{state}} | Doppler",""
"5","rotor.strip.doppler.dial.steering","steering the radio dial","","",""
"5","rotor.strip.doppler.dial.atAos","armed to take the radio dial at AOS","","AOS",""
"5","rotor.strip.doppler.tx.steering","steering the TX (split) VFO — the dial stays yours","","VFO | TX",""
"5","rotor.strip.doppler.tx.atAos","armed to take the TX (split) VFO at AOS — the dial stays yours","","AOS | VFO | TX",""
"5","rotor.strip.doppler.chip.dial","⟳ {{bird}} · Doppler holds the dial","","{{bird}} | Doppler",""
"5","rotor.strip.doppler.chip.dialAtAos","⟳ {{bird}} · dial at AOS","","{{bird}} | AOS",""
"5","rotor.strip.doppler.chip.tx","⟳ {{bird}} · Doppler holds the TX VFO","","{{bird}} | Doppler | VFO | TX",""
"5","rotor.strip.doppler.chip.txAtAos","⟳ {{bird}} · TX VFO at AOS","","{{bird}} | AOS | VFO | TX",""
"5","rotor.strip.trackStop.aria","Stop the satellite track","","",""
"5","rotor.strip.trackStop.title","Stop the satellite track NOW — Doppler releases the dial","","Doppler",""
"5","rotor.strip.trackStop.failed","Track stop: {{error}}","","{{error}}",""
"5","rotor.strip.track.title","Auto-tracking {{bird}} ({{state}}) — the Satellites section owns the rotor until LOS{{doppler}}","","{{bird}} | {{state}} | {{doppler}} | LOS",""
"5","rotor.strip.track.title.dial","; Doppler owns the radio dial too","","Doppler",""
"5","rotor.strip.track.title.tx","; Doppler drives the TX (split) VFO too — the dial stays yours","","Doppler | VFO | TX",""
"5","rotor.strip.track.chip","⟳ {{bird}}","","{{bird}}",""
"5","rotor.strip.track.chip.dial","⟳ {{bird}} +dial","","{{bird}}","Short label on: rotator strip / pane. The same English text ""⟳ {{bird}} +dial"" is used by 2 different keys (e.g. rotor.strip.held.chip.dial) — each can take a different Portuguese word, so choose the one that fits THIS screen."
"5","rotor.strip.track.chip.uplink","⟳ {{bird}} +uplink","","{{bird}}",""
"5","rotor.strip.lost.silent","Rotator not answering","","",""
"5","rotor.strip.lost.stopped","Rotator stopped answering","","",""
"5","rotor.strip.lost.silent.title","A rotator is configured but not answering — check the model, port and baud in Settings ▸ Radio ▸ Rotator (the baud belongs to the model), or the external rotctld, and the Connections log","","",""
"5","rotor.strip.lost.stopped.title","The rotator stopped answering mid-pass, so the track let it go — point the antenna yourself. Check the model, port and baud in Settings ▸ Radio ▸ Rotator (the baud belongs to the model), or the external rotctld, and the Connections log","","",""
"5","rotor.strip.lost.open.aria","{{state}} — open the rotator settings","","{{state}}",""
"5","rotor.strip.lost.open.title","{{detail}}. Click to open it","","{{detail}}",""
"5","rotor.pane.rose.aria","Rotator at {{deg}} degrees — click to slew","","{{deg}}",""
"5","rotor.pane.rose.aria.unknown","Rotator — position not reported; click to slew","","",""
"5","rotor.pane.az.title","True bearing","","",""
"5","rotor.pane.az.title.magnetic","{{deg}}° true · {{mag}}° magnetic (WMM)","","{{deg}} | {{mag}}",""
"5","rotor.pane.az.title.unknown","This rotator does not report its position — pointing still works","","",""
"5","rotor.pane.track.title","Auto-tracking {{bird}} ({{state}}) — the Satellites section owns the rotor until LOS; a manual slew or STOP halts it","","{{bird}} | {{state}} | LOS",""
"5","rotor.pane.commanded.title","Commanded heading — the needle is on its way","","",""
"5","rotor.pane.entry.aria","Azimuth to slew to (degrees true)","","",""
"5","rotor.pane.stop.label","■ STOP","","",""
"5","rotor.pane.stop.title","Stop rotation NOW","","",""
"5","rotor.pane.hint","click the rose or type a bearing · headings are TRUE","","",""
"5","rotor.pane.hint.noPosition","no position from this rotator — pointing and STOP still work","","",""
"5","rotor.pane.slew.failed","Rotator: {{error}}","","{{error}}","Short label on: rotator strip / pane. The same English text ""Rotator: {{error}}"" is used by 3 different keys (e.g. operate.rotor.failed, cw.rotator.failed) — each can take a different Portuguese word, so choose the one that fits THIS screen."
"5","amp.strip.aria","Amplifier","","","Short label on: amplifier strip / Propagation pane. The same English text ""Amplifier"" is used by 4 different keys (e.g. settings.amplifier.legend, settings.amplifier.model.label, connect.pane.amp.title) — each can take a different Portuguese word, so choose the one that fits THIS screen."
"5","amp.strip.toOperate.title","Put the amplifier into Operate.","","",""
"5","amp.strip.toStandby.title","Put the amplifier into Standby. This does NOT stop a transmission — the exciter keeps keying and the drive passes straight through.","","",""
"5","amp.strip.keyed.title","Not while you are transmitting. Changing band or mode on a keyed amplifier can damage it.","","",""
"5","amp.strip.bandDown.aria","Amplifier band down","","",""
"5","amp.strip.bandUp.aria","Amplifier band up","","",""
"5","amp.strip.refused","Not sent","","",""
"5","amp.link.up","Linked","","","One-word control on: amplifier strip / Propagation pane. Out of context this could be a noun or a verb — open that screen (or read the key name) before choosing the Portuguese word."
"5","amp.operate","Operate","","","Short label on: amplifier strip / Propagation pane. The same English text ""Operate"" is used by 3 different keys (e.g. features.category.operate, features.operate.label) — each can take a different Portuguese word, so choose the one that fits THIS screen."
"5","amp.standby","Standby","","","One-word control on: amplifier strip / Propagation pane. Out of context this could be a noun or a verb — open that screen (or read the key name) before choosing the Portuguese word."
"5","amp.k.power","Power out","","",""
"5","amp.k.temp","PA temp","","PA",""
"5","amp.k.current","Current","","","One-word control on: amplifier strip / Propagation pane. Out of context this could be a noun or a verb — open that screen (or read the key name) before choosing the Portuguese word."
"5","amp.swr.title","Standing-wave ratio measured at the antenna.","","",""
"5","amp.swrAtu.title","Standing-wave ratio measured before the amplifier's tuner.","","",""
"5","amp.temp.unknownScale","The SPE protocol does not say whether this is °C or °F — the amplifier reports whatever its own display is set to. Check the amplifier's front panel.","","",""
"5","amp.reason.noAnswer","Not answering","","",""
"5","amp.reason.portBusy","Port in use by something else","","",""
"5","amp.reason.wrongModel","Answering, but in a protocol Nexus does not read yet","","Nexus",""
"5","amp.reason.malformed","Answering with something Nexus cannot read","","Nexus",""
"5","amp.alarm.swrExceedingLimits","Alarm: SWR beyond limits","","SWR",""
"5","amp.alarm.amplifierProtection","Alarm: amplifier protection tripped","","",""
"5","amp.alarm.inputOverdriving","Alarm: input overdriven","","",""
"5","amp.alarm.excessOverheating","Alarm: overheating","","",""
"5","amp.alarm.combinerFault","Alarm: combiner fault","","",""
"5","amp.alarm.fault","Fault","","","One-word control on: amplifier strip / Propagation pane. Out of context this could be a noun or a verb — open that screen (or read the key name) before choosing the Portuguese word."
"5","amp.alarm.unknown","Alarm the amplifier did not name","","",""
"5","amp.warning.alarmAmplifier","Warning: amplifier alarm","","",""
"5","amp.warning.noSelectedAntenna","Warning: no antenna selected","","",""
"5","amp.warning.swrAntenna","Warning: antenna SWR","","SWR",""
"5","amp.warning.noValidBand","Warning: no valid band","","",""
"5","amp.warning.powerLimitExceeded","Warning: power limit exceeded","","",""
"5","amp.warning.overheating","Warning: overheating","","",""
"5","amp.warning.atuNotAvailable","Warning: tuner not available","","",""
"5","amp.warning.tuningWithNoPower","Warning: tuning with no drive","","",""
"5","amp.warning.atuBypassed","Warning: tuner bypassed","","",""
"5","amp.warning.powerSwitchHeldByRemote","Warning: power switch held by remote","","",""
"5","amp.warning.combinerOverheating","Warning: combiner overheating","","",""
"5","amp.warning.combinerFault","Warning: combiner fault","","",""
"5","amp.warning.unknown","Warning the amplifier did not name","","",""
"5","tv.readonly","read-only","","","One-word control on: Connect TV mode. Out of context this could be a noun or a verb — open that screen (or read the key name) before choosing the Portuguese word."
"5","tv.noLink","no link to Nexus","","Nexus",""
"5","tv.stale","data {{min}} min old","","{{min}}",""
"5","tv.waiting","Waiting for the first propagation picture from Nexus…","","Nexus",""
"6","settings.contestCategory.legend","Contest Category","","",""
"6","settings.contestCategory.unassisted.label","Unassisted entry","","",""
"6","settings.contestCategory.unassisted.aria.declare","Declare an unassisted contest entry","","",""
"6","settings.contestCategory.unassisted.aria.end","End an unassisted contest entry","","",""
"6","settings.contestCategory.unassisted.hint","Turns off the AI CW decoder, DX cluster / RBN spots and the PSK Reporter needs feed together, and records the change with a timestamp. Takes effect at once. Your own settings for each of those are left alone and come back when you switch this off.","","PSK Reporter | PSK | RBN | CW | DX",""
"6","settings.contestCategory.journal.label","Assistance record","","",""
"6","settings.contestCategory.journal.unassisted","UNASSISTED","","","Short label on: Settings ▸ Contest category. The same English text ""UNASSISTED"" is used by 2 different keys (e.g. assist.state.unassisted) — each can take a different Portuguese word, so choose the one that fits THIS screen."
"6","settings.contestCategory.journal.assisted","assisted","","","One-word control on: Settings ▸ Contest category. Out of context this could be a noun or a verb — open that screen (or read the key name) before choosing the Portuguese word."
"6","settings.contestCategory.journal.noSources","nothing active","","",""
"6","settings.contestCategory.journal.hint","Kept in <code>assistance_journal.json</code> beside your settings, so it survives restarts. Newest first.","","<code> | assistance_journal.json",""
"6","settings.fieldDay.legend","Field Day Setup","","Field Day",""
"6","settings.fieldDay.mode.label","Field Day mode","","Field Day",""
"6","settings.fieldDay.mode.aria.enable","Enable Field Day mode","","Field Day",""
"6","settings.fieldDay.mode.aria.disable","Disable Field Day mode","","Field Day",""
"6","settings.fieldDay.mode.hint","Turn on for Field Day weekend — reveals the Field Day workspace and the Class/Section exchange across all modes. Off the rest of the year. Fill in Class + Section below to start operating. Save to apply.","","Field Day",""
"6","settings.fieldDay.needExchange","<b>Set your Class + Section to start operating.</b> Field Day mode is on, but the station won't enter Field Day until both are filled in below.","","<b> | Field Day",""
"6","settings.fieldDay.event.label","Event","","","One-word control on: Settings ▸ Field Day. Out of context this could be a noun or a verb — open that screen (or read the key name) before choosing the Portuguese word."
"6","settings.fieldDay.event.aria","Field Day event","","Field Day",""
"6","settings.fieldDay.event.hint","Which event you're operating in — affects scoring labels and export headers.","","",""
"6","settings.fieldDay.class.label","FD Class","","",""
"6","settings.fieldDay.class.hint","Number of transmitters + class letter: A=club/group portable, B=1–2 person portable, C=mobile, D=home (mains power), E=home (emergency power), F=EOC. E.g. 3A = 3 transmitters, club portable.","","",""
"6","settings.fieldDay.category.label","WFD Category","","",""
"6","settings.fieldDay.category.hint","Transmitters + location: H=Home, I=Indoor, M=Mobile, O=Outdoor (e.g. 2O = 2 transmitters, outdoor).","","",""
"6","settings.fieldDay.section.label","ARRL Section","","ARRL",""
"6","settings.fieldDay.section.invalid","“{{section}}” isn't a known ARRL/RAC section — pick one from the list.","","{{section}} | ARRL | RAC | ARRL/RAC",""
"6","settings.fieldDay.section.hint","Your ARRL / RAC section (e.g. WI, ENY, ONN). Start typing the code or a state name and pick from the list — validated against all {{count}} sections. Required for the Cabrillo log.","","{{count}} | Cabrillo | ARRL | RAC",""
"6","settings.fieldDay.power.label","Power multiplier","","",""
"6","settings.fieldDay.power.aria","Field Day power multiplier","","Field Day",""
"6","settings.fieldDay.power.qrp.label","×5 QRP / battery","","QRP",""
"6","settings.fieldDay.power.qrp.hint","Runs entirely on battery or other natural power, ≤5W output","","",""
"6","settings.fieldDay.power.hundred.label","×2 ≤100W","","",""
"6","settings.fieldDay.power.hundred.hint","100W or less from any power source","","",""
"6","settings.fieldDay.power.high.label","×1 >100W","","",""
"6","settings.fieldDay.power.high.hint","Over 100W — commercial/generator power","","",""
"6","settings.fieldDay.power.hint","Multiplies your QSO points. QRP/battery = ×5 (ARRL bonus for going off-grid). Choose before the event.","","ARRL | QRP | QSO",""
"6","settings.fdRules.update.action","Check for rules updates","","",""
"6","settings.fdRules.update.busy","Checking…","","","One-word control on: Settings ▸ Field Day rules. Out of context this could be a noun or a verb — open that screen (or read the key name) before choosing the Portuguese word."
"6","settings.fdRules.update.done","Rules data downloaded — applies at next launch (data {{date}}).","","{{date}}",""
"6","settings.fdRules.update.current","Rules data is already current (data {{date}}).","","{{date}}",""
"6","settings.fdRules.update.failed","Rules update failed: {{detail}}","","{{detail}}",""
"6","settings.fdRules.status","{{year}} rules · data {{date}}","","{{year}} | {{date}}",""
"6","settings.fdRules.pending","Update downloaded (data {{date}}) — applies at next launch.","","{{date}}",""
"6","settings.fdRules.stale","Rules data is from {{year}} — check for updates before the event.","","{{year}}",""
"6","settings.fdRules.empty","Built-in rules data active.","","",""
"6","settings.fdRules.hint","Scoring parameters, event windows, bonuses and sections for both Field Day events. Checked on demand; a downloaded update applies at the next launch.","","Field Day",""
"6","settings.fdWho.legend","Who's who at this event","","",""
"6","settings.fdWho.note","Three names, three different jobs — the club call goes on the air, the position is which tent you are sitting in, and the operator is whoever is at the key right now. Changing one of them here changes it everywhere in Nexus: the callsign and the operator are the same two boxes the Station tab holds.","","Nexus",""
"6","settings.fdWho.call.label","Callsign on the air","","",""
"6","settings.fdWho.call.hint","The call that goes on the air and onto every contact you log — at a club event that is the club's call, the same one at every position on site.","","",""
"6","settings.fdWho.position.label","Position name","","",""
"6","settings.fdWho.position.placeholder","CW tent","","CW",""
"6","settings.fdWho.position.hint","Which tent, trailer or table this station is — it names you on the club band board so everyone can see which position is on which band, and it never goes on the air.","","",""
"6","settings.fdWho.operator.label","Operator at the key","","","Short label on: Settings ▸ Field Day operators. The same English text ""Operator at the key"" is used by 2 different keys (e.g. settings.station.fdOperator.label) — each can take a different Portuguese word, so choose the one that fits THIS screen."
"6","settings.fdWho.operator.placeholder","blank = the callsign above","","",""
"6","settings.fdWho.operator.hint","Whoever is running this position right now — change it every time someone takes the seat, and their contacts are stamped with it (ADIF OPERATOR) so the club can split the log by operator afterwards.","","ADIF",""
"6","settings.fdClub.legend","Field Day Club Sync","","Field Day",""
"6","settings.fdClub.host.label","Host a club event","","",""
"6","settings.fdClub.host.hint","Merges every position's contacts into one club log on this PC — and opens a port on your local network (the only time Nexus listens beyond this computer).","","Nexus",""
"6","settings.fdClub.host.note","Positions on this network can now find and join this event. There is no join password — a club site LAN is trusted, and anyone on it could add rows to the club log, which you will see. If this PC dies, enable hosting on any other position: everyone re-joins and nothing is lost.","","",""
"6","settings.fdClub.host.aria.enable","Enable club event hosting","","",""
"6","settings.fdClub.host.aria.disable","Disable club event hosting","","",""
"6","settings.fdClub.eventName.label","Event name","","",""
"6","settings.fdClub.eventName.placeholder","W9ABC Field Day","","Field Day",""
"6","settings.fdClub.eventName.hint","Shown to joining positions and in discovery.","","",""
"6","settings.fdClub.hostPort.label","Host port","","",""
"6","settings.fdClub.hostPort.hint","TCP port for the club sync (default 42073).","","TCP",""
"6","settings.fdClub.join.label","Join event at","","",""
"6","settings.fdClub.join.hint","host:port of the club host — use Find club events, or type it from the host's screen.","","",""
"6","settings.fdClub.join.hostingHint","Hosting — this position joins its own event automatically.","","",""
"6","settings.fdClub.discover.action","Find club events","","",""
"6","settings.fdClub.discover.busy","Listening…","","","One-word control on: Settings ▸ Field Day club board. Out of context this could be a noun or a verb — open that screen (or read the key name) before choosing the Portuguese word."
"6","settings.fdClub.discover.empty","Nothing heard in 2 s — same network? Some Wi-Fi blocks discovery; type the host address instead.","","",""
"6","settings.fdClub.discover.pick.label","{{event}} — {{host}}","","{{event}} | {{host}}",""
"6","settings.fdClub.discover.pick.title","Use {{host}} as the join address","","{{host}}",""
"6","settings.fdBoard.label","Spectator scoreboard","","",""
"6","settings.fdBoard.hint","Serves a read-only scoreboard page for a TV or projector on this network — nothing to install on the TV, and viewers can only look. The first enable may pop a Windows Firewall prompt; allow it or viewers see nothing.","","",""
"6","settings.fdBoard.aria.enable","Enable the spectator scoreboard","","",""
"6","settings.fdBoard.aria.disable","Disable the spectator scoreboard","","",""
"6","settings.fdBoard.port.label","Board port","","",""
"6","settings.fdBoard.port.hint","TCP port the scoreboard page is served on (default 7373).","","TCP",""
"6","settings.fdBoard.url.label","On the TV, open","","",""
"6","settings.fdBoard.url.copy","Copy","","","Short label on: Settings ▸ Field Day board. The same English text ""Copy"" is used by 3 different keys (e.g. settings.connectWeb.url.copy, settings.transmit.share.copy.action) — each can take a different Portuguese word, so choose the one that fits THIS screen."
"6","settings.fdBoard.url.pending","Starting up — save settings, then this row shows the address.","","",""
"6","settings.fdBoard.hostOnly","Live data appears when this position hosts the club event; otherwise the page points viewers to the host.","","",""
"6","settings.satellites.vfoMap.failed","Could not confirm the VFO mapping","","VFO",""
"6","settings.workingFreq.reset.confirm.title","Clear all working-frequency overrides?","","",""
"6","settings.workingFreq.reset.confirm.body","The stock WSJT-X frequency table is restored.","","WSJT-X",""
"6","settings.workingFreq.reset.confirm.action","Clear overrides","","",""
"6","settings.routing.rules.failed","Could not save the routing rules","","",""
"6","settings.routing.intro","<b>Route by band AND mode</b> — band coverage above sends a whole band to one radio. Add rules here when TWO radios share a band and the MODE decides which one: 2 m FT8 to the digital rig, 2 m FM and APRS to the FM rig. Rules are checked top to bottom and the FIRST match wins; anything no rule matches falls back to band coverage, then to the default radio.","","<b> | APRS | FT8 | FM",""
"6","settings.routing.empty","No rules — routing is by band only (today's behavior).","","",""
"6","settings.routing.rule.mode.aria","Rule {{n}} mode","","{{n}}",""
"6","settings.routing.rule.mode.any","Any mode","","",""
"6","settings.routing.rule.satellite","Satellite","","","Short label on: Settings ▸ Audio routing. The same English text ""Satellite"" is used by 3 different keys (e.g. sat.dome.readout.satellite, memories.kind.satellite) — each can take a different Portuguese word, so choose the one that fits THIS screen."
"6","settings.routing.rule.satellite.title","Satellite passes only: picking a transponder checks Satellite rules before the mode rules, so the FM & APRS rule can keep terrestrial packet while satellites go to the sat rig. Terrestrial tunes never match this rule.","","APRS | FM",""
"6","settings.routing.rule.radio.aria","Rule {{n}} radio","","{{n}}",""
"6","settings.routing.rule.up.title","Check this rule earlier (first match wins)","","",""
"6","settings.routing.rule.up.aria","Move rule {{n}} up","","{{n}}",""
"6","settings.routing.rule.down.title","Check this rule later","","",""
"6","settings.routing.rule.down.aria","Move rule {{n}} down","","{{n}}",""
"6","settings.routing.rule.remove.aria","Remove rule {{n}}","","{{n}}",""
"6","settings.routing.rule.summary","{{bands}} · {{mode}} → {{radio}}","","{{bands}} | {{mode}} | {{radio}}",""
"6","settings.routing.rule.summary.anyBand","Any band","","",""
"6","settings.routing.rule.summary.anyMode","any mode","","",""
"6","settings.routing.rule.summary.radio","Radio {{id}}","","{{id}}",""
"6","settings.routing.add.action","+ Add routing rule","","",""
"6","settings.routing.default.label","Everything else","","",""
"6","settings.routing.default.aria","Default radio","","",""
"6","settings.routing.default.stay","Stay on the current radio","","",""
"6","settings.routing.test.label","Test a band + mode","","",""
"6","settings.routing.test.band.aria","Test band","","",""
"6","settings.routing.test.mode.aria","Test mode","","",""
"6","settings.routing.test.action","Where would this go?","","",""
"6","settings.routing.test.result","{{band}} {{mode}} → <b>{{radio}}</b>","","{{band}} | {{mode}} | {{radio}} | <b>",""
"6","settings.rigControl.legend","Rig & CAT","","CAT",""
"6","settings.rigControl.ptt.label","PTT Method","","PTT",""
"6","settings.rigControl.ptt.hint","How transmit is keyed.","","",""
"6","settings.rigControl.ptt.cat","CAT (via rigctld)","","rigctld | CAT",""
"6","settings.rigControl.ptt.rts","Serial RTS","","",""
"6","settings.rigControl.ptt.dtr","Serial DTR","","",""
"6","settings.rigControl.ptt.vox","VOX (no keying)","","VOX",""
"6","settings.rigControl.pttPort.label","PTT Serial Port","","PTT",""
"6","settings.rigControl.pttPort.placeholder","e.g. {{example}} — blank = use the CAT port","","{{example}} | CAT",""
"6","settings.rigControl.pttPort.hint","COM port your RTS/DTR keying line is on — e.g. an SO2R controller (u2R/MK2R) that routes PTT on its own port, separate from CAT. Leave blank if keying shares the CAT port, which is how a single-cable interface like a Digirig Mobile is wired; CAT keeps working either way. <b>Per radio</b>: each rig on an SO2R box has its own keying port, and this one follows the radio you switch to.","","<b> | CAT | PTT | RTS/DTR",""
"6","settings.rigControl.catRts.label","Interface keys RTS on the CAT port","","CAT",""
"6","settings.rigControl.catRts.hint","Tick this if your interface keys the radio from the CAT port’s RTS line — a Digirig Mobile and most other one-cable interfaces are wired this way. Nexus then holds RTS down, instead of leaving it up where it puts some rigs into transmit the moment the port opens. <b>If your radio transmits as soon as Nexus starts, this is the setting.</b> Leave it off if a plain serial cable goes straight to the radio: the radio may be using that line for flow control, and taking it away can cost you CAT.","","<b> | Nexus | CAT",""
"6","settings.rigControl.detect.label","Zero-config setup","","",""
"6","settings.rigControl.detect.action","Detect my radio","","",""
"6","settings.rigControl.detect.scanning","Scanning…","","","One-word control on: Settings ▸ Rig control. Out of context this could be a noun or a verb — open that screen (or read the key name) before choosing the Portuguese word."
"6","settings.rigControl.detect.use","Use this","","",""
"6","settings.rigControl.detect.hint","One scan for everything: USB radios (fills model, port, sound device) AND FlexRadios on the network (fills the SmartSDR CAT config). Review, then Save.","","SmartSDR | CAT | USB",""
"6","settings.rigControl.detect.flex.name","{{radio}} — network","","{{radio}}",""
"6","settings.rigControl.detect.flex.meta","{{ip}} · via SmartSDR CAT on this PC (slice A, TCP 5002)","","{{ip}} | SmartSDR | CAT | TCP",""
"6","settings.rigControl.detect.unknownRadio","Unknown radio","","",""
"6","settings.rigControl.detect.civ.isCiv"," · CI-V port — use this one","","CI-V",""
"6","settings.rigControl.detect.civ.notCiv"," · second port, not CI-V","","CI-V",""
"6","settings.rigControl.detect.interface","This is an interface cable, not a radio — pick your rig in <em>Rig Model</em> below. {{note}}","","{{note}} | <em>","Quotes another control by name: ""Rig Model"" is the on-screen text of settings.rigControl.rigModel.label. Translate the quote and that control exactly the same way, or the hint points at a menu entry that no longer exists."
"6","settings.rigControl.detect.noModel","⚠ Found the port but not the exact model — normal when the rig sits behind a generic USB bridge chip that reports only its own name (common on Icom, Yaesu, Kenwood, Elecraft, and Xiegu). Pick your rig in <em>Rig Model</em> below, or click <em>Auto-test</em> (it tries the common rigs to find the right port + baud for you).","","<em> | Elecraft | Kenwood | Xiegu | Yaesu | Icom | USB","Quotes another control by name: ""Rig Model"" is the on-screen text of settings.rigControl.rigModel.label. Translate the quote and that control exactly the same way, or the hint points at a menu entry that no longer exists."
"6","settings.rigControl.detect.driverLink","driver ↗","","",""
"6","settings.rigControl.rigModel.label","Rig Model","","",""
"6","settings.rigControl.rigModel.filter.placeholder","Find a rig — type a name or model number","","",""
"6","settings.rigControl.rigModel.filter.aria","Filter the rig model list","","",""
"6","settings.rigControl.rigModel.filter.none","No model matches — clear the box, or enter the model number directly.","","",""
"6","settings.rigControl.rigModel.filter.count::one","{{count}} model match.","","{{count}}","Plural form ""one"" — this key has one row per form (::one = exactly 1, ::other = every other count). Fill both rows separately; never merge them into one sentence."
"6","settings.rigControl.rigModel.filter.count::other","{{count}} models match.","","{{count}}","Plural form ""other"" — this key has one row per form (::one = exactly 1, ::other = every other count). Fill both rows separately; never merge them into one sentence."
"6","settings.rigControl.rigModel.none","— None —","","",""
"6","settings.rigControl.rigModel.number.placeholder","or enter model #","","",""
"6","settings.rigControl.rigModel.number.aria","Enter a Hamlib rig model number directly","","Hamlib",""
"6","settings.rigControl.rigModel.showAll.aria","Show all Hamlib rig models","","Hamlib",""
"6","settings.rigControl.rigModel.showAll.hint","Show all models{{loading}} — the list above defaults to ~50 curated common rigs; check this for the full Hamlib catalog.","","{{loading}} | Hamlib",""
"6","settings.rigControl.rigModel.showAll.loading"," (loading…)","","","One-word control on: Settings ▸ Rig control. Out of context this could be a noun or a verb — open that screen (or read the key name) before choosing the Portuguese word."
"6","settings.rigControl.rigModel.hint","Hamlib rig model. Not listed? Type its model number directly — Hamlib may still support it even without a friendly name here.","","Hamlib",""
"6","settings.rigControl.conn.label","Connection","","","One-word control on: Settings ▸ Rig control. Out of context this could be a noun or a verb — open that screen (or read the key name) before choosing the Portuguese word."
"6","settings.rigControl.conn.serial","Serial (USB / COM port)","","USB",""
"6","settings.rigControl.conn.network","Network (host:port — SDR software, or a remote rig)","","SDR",""
"6","settings.rigControl.conn.omnirig","OmniRig (the radio is set up in OmniRig)","","OmniRig",""
"6","settings.rigControl.conn.omnirig.unavailable","OmniRig — Windows only","","OmniRig",""
"6","settings.rigControl.conn.hint","Serial for a rig on a USB/COM port (most rigs, including Xiegu). Network for anything serving CAT over TCP: an SDR program on this PC (Thetis, PowerSDR, SmartSDR CAT, piHPSDR), or a remote rigctld. The <b>Rig Model</b> still picks which CAT dialect is spoken — for an SDR, choose the program you launched, not the board inside the radio. An Icom on its <b>LAN port</b> comes in this way too: Icom's network protocol is its own, so run wfview (or RS-BA1) against the radio and point Nexus at wfview's rigctld server with Rig Model <b>NET rigctl</b>.","","<b> | SmartSDR | rigctld | Nexus | Xiegu | Icom | CAT | SDR | TCP | USB | USB/COM | RS-BA1","Quotes another control by name: ""Rig Model"" is the on-screen text of settings.rigControl.rigModel.label. Translate the quote and that control exactly the same way, or the hint points at a menu entry that no longer exists."
"6","settings.rigControl.conn.omnirig.hint","<b>OmniRig</b> hands rig control to VE3NEA's OmniRig server, the one most Windows logging and contest programs already use. Set the radio up <em>in OmniRig</em> — rig type, COM port, baud — and Nexus talks to it there, so the Rig Model, Serial Port and Baud above are not used. {{availability}}","","{{availability}} | <b> | <em> | OmniRig | Nexus",""
"6","settings.rigControl.conn.omnirig.unavailable.why","It is greyed out here because OmniRig is a Windows program and this is not Windows.","","OmniRig",""
"6","settings.rigControl.conn.omnirig.install","Install and run OmniRig first; Nexus will not start without it.","","OmniRig | Nexus",""
"6","settings.rigControl.omnirig.label","OmniRig radio","","OmniRig",""
"6","settings.rigControl.omnirig.aria","OmniRig rig slot","","OmniRig",""
"6","settings.rigControl.omnirig.hint","Which of OmniRig's two radios this Nexus radio drives. OmniRig's own window labels them RIG 1 and RIG 2 — pick the one whose rig type matches this radio. A two-radio station can put one on each.","","OmniRig | Nexus",""
"6","settings.rigControl.netAddr.label","Network Address","","",""
"6","settings.rigControl.dax.action","⚡ Pair DAX audio ({{device}})","","{{device}} | DAX",""
"6","settings.rigControl.dax.title","SmartSDR's DAX virtual audio devices were detected — one click sets them as Nexus's audio in/out (bit-clean digital audio, no sound card)","","SmartSDR | Nexus | DAX",""
"6","settings.rigControl.dax.paired","DAX paired: {{input}} → in, {{output}} → out","","{{input}} | {{output}} | DAX",""
"6","settings.rigControl.netAddr.hint","host:port. For a Flex: the WSJT-X-proven path is the SmartSDR CAT app on THIS PC — its DEFAULT TCP port 5002 is directed at slice A, so 127.0.0.1:5002 with the FLEX-6xxx / 8xxx model works out of the box; audio rides DAX. Multi-slice: SmartSDR CAT's per-slice ports are B=60001, C=60002, D=60003 — Nexus drives ONE slice, so enter the port of the slice you run digital on. (Direct-to-radio :4992 needs Hamlib's experimental native model and failed on real hardware.) Other rigs: a remote rigctld's host:port with their normal model.","","SmartSDR | rigctld | Hamlib | WSJT-X | Nexus | CAT | DAX | TCP | 127.0.0.1",""
"6","settings.rigControl.netAddr.sdrPorts","Running an SDR program? Read the port out of the program, don't guess it: <b>Thetis</b> → Setup ▸ Serial/Network/Midi CAT ▸ <em>TCP/IP CAT Server</em> (its own box, factory 13013 — not the <em>TCI Server</em> box beside it, factory 50001; TCI is a different protocol and the Hamlib we ship has no backend for it, so pick a CAT profile such as ""Thetis"" and use the CAT server port); <b>SmartSDR CAT</b> → 5002; <b>piHPSDR</b> → 19090. Whatever it shows, type that.","","<b> | <em> | SmartSDR | Hamlib | CAT | SDR | TCP | TCP/IP",""
"6","settings.rigControl.serialPort.label","Serial Port","","",""
"6","settings.rigControl.serialPort.placeholder","Select or type, e.g. {{example}}","","{{example}}",""
"6","settings.rigControl.serialPort.refresh.action","Refresh","","","Short label on: Settings ▸ Rig control. The same English text ""Refresh"" is used by 3 different keys (e.g. ota.refresh.label, settings.audio.refresh.action) — each can take a different Portuguese word, so choose the one that fits THIS screen."
"6","settings.rigControl.serialPort.refresh.title","Re-scan serial ports","","",""
"6","settings.rigControl.serialPort.autoTest.action","Auto-test","","","One-word control on: Settings ▸ Rig control. Out of context this could be a noun or a verb — open that screen (or read the key name) before choosing the Portuguese word."
"6","settings.rigControl.serialPort.autoTest.title","Probe each USB port (read-only — never transmits) and auto-select the one that drives your rig","","USB",""
"6","settings.rigControl.serialPort.hint.mac","Serial device (/dev/cu.…) for rig control — or Auto-test to find it.","","",""
"6","settings.rigControl.serialPort.hint.other","COM / serial device for rig control — or Auto-test to find it.","","",""
"6","settings.rigControl.serialPort.xiegu","<b>Xiegu:</b> the radio makes two serial ports — CAT is on the <b>SERIAL-B</b> one{{note}}.","","{{note}} | <b> | Xiegu | CAT | SERIAL-B",""
"6","settings.rigControl.serialPort.xiegu.comNumber"," (often the higher COM number)","","",""
"6","settings.rigControl.serialPort.icom.mac","<b>Icom:</b> this radio makes two /dev/cu.* ports and only one speaks CI-V — with the Silicon Labs VCP driver it is usually the first of the pair (plain <b>cu.SLAB_USBtoUART</b>; the dead twin gets a numeric suffix). The other one never answers.","","<b> | CI-V | Icom",""
"6","settings.rigControl.serialPort.icom.other","<b>Icom:</b> this radio makes two COM ports and only one speaks CI-V — in Device Manager it is the CP210x port marked <b>Enhanced</b> (Icom's driver: “Serial Port A (CI-V)”). The “Standard” / “Serial Port B” one never answers.","","<b> | CI-V | Icom",""
"6","settings.rigControl.baud.label","Baud","","","One-word control on: Settings ▸ Rig control. Out of context this could be a noun or a verb — open that screen (or read the key name) before choosing the Portuguese word."
"6","settings.rigControl.baud.hint","Serial baud rate — match your rig's CAT setting (most modern rigs: 38,400 or 115,200). Native Icom CI-V scope needs 115,200 here <em>and</em> on the rig.","","<em> | CI-V | Icom | CAT | 38,400 | 115,200",""
"6","settings.rigControl.split.label","Split operation","","",""
"6","settings.rigControl.split.none","None","","","Short label on: Settings ▸ Rig control. The same English text ""None"" is used by 4 different keys (e.g. memories.editor.tone.none, settings.amplifier.model.none, settings.rotator.model.none) — each can take a different Portuguese word, so choose the one that fits THIS screen."
"6","settings.rigControl.split.rig","Rig","","","One-word control on: Settings ▸ Rig control. Out of context this could be a noun or a verb — open that screen (or read the key name) before choosing the Portuguese word."
"6","settings.rigControl.split.fakeit","Fake It","","",""
"6","settings.rigControl.split.hint","Keeps your transmitted audio between 1500–2000 Hz by shifting the TX dial in 500 Hz steps, so audio harmonics fall outside the transmit filter — cleaner signal. Rig = uses VFO B split. Fake It = retunes the VFO around each over (works on any CAT rig). None = stock WSJT-X default, transmits at the raw audio offset.","","WSJT-X | CAT | VFO | Hz | TX",""
"6","settings.rigControl.wheel.label","Wheel tuning sensitivity","","",""
"6","settings.rigControl.wheel.aria","Mouse-wheel tuning sensitivity","","",""
"6","settings.rigControl.wheel.hint","How far the dial moves per mouse-wheel notch. Lower it if a high-resolution or free-spin mouse tunes too far per flick; raise it to tune faster. Applies to the frequency readout and the Phone/CW scope wheel.","","CW",""
"6","settings.rigControl.advanced.title","Advanced","","","One-word control on: Settings ▸ Rig control. Out of context this could be a noun or a verb — open that screen (or read the key name) before choosing the Portuguese word."
"6","settings.rigControl.serialHandshake.label","Serial handshake","","",""
"6","settings.rigControl.serialHandshake.auto","Auto (recommended)","","","Short label on: Settings ▸ Rig control. The same English text ""Auto (recommended)"" is used by 2 different keys (e.g. settings.rigControl.pttLineState.auto) — each can take a different Portuguese word, so choose the one that fits THIS screen."
"6","settings.rigControl.serialHandshake.none","None — no flow control","","",""
"6","settings.rigControl.serialHandshake.hardware","Hardware (RTS/CTS)","","RTS/CTS",""
"6","settings.rigControl.serialHandshake.xonxoff","XON/XOFF (software)","","XON/XOFF",""
"6","settings.rigControl.serialHandshake.hint","Tells Nexus what your cable actually does, instead of letting it guess. Leave it on Auto unless you have a rig that keys at launch — Auto changes nothing about how your station works today. If you change it and CAT stops working, put it back on Auto: on some rigs Hamlib quietly refuses the setting and then answers without ever having opened the radio, so you get a CAT light and a rig that ignores you.","","Hamlib | Nexus | CAT",""
"6","settings.rigControl.pttLineState.label","Keying line at startup","","",""
"6","settings.rigControl.pttLineState.auto","Auto (recommended)","","","Short label on: Settings ▸ Rig control. The same English text ""Auto (recommended)"" is used by 2 different keys (e.g. settings.rigControl.serialHandshake.auto) — each can take a different Portuguese word, so choose the one that fits THIS screen."
"6","settings.rigControl.pttLineState.untouched","Never touch it","","",""
"6","settings.rigControl.pttLineState.low","Hold it low","","",""
"6","settings.rigControl.pttLineState.high","Hold it high","","",""
"6","settings.rigControl.pttLineState.hint","For the one fault this exists to fix: a rig that keys at launch, before you have touched anything. Leave it on Auto unless that is happening to you — Auto changes nothing about how your station works today. If you change it and CAT stops working, put it back on Auto. Only you can see whether the rig unkeys; nobody can test this from our end, so treat it as something to try on a rig you are watching.","","CAT",""
"6","settings.digital.tunePower.label","Tune power (%)","","",""
"6","settings.digital.tunePower.hint","The power a tune-up keys at — leave it empty and Nexus never touches your power, which is what it does today. It can only turn the rig DOWN, never up: it keys at whichever is lower, this or the power you are already running, so 50 % here while you run 25 % still tunes at 25 %. On a 100 W rig, 10 % is about 10 W — enough for an antenna tuner, kind to a loop.","","Nexus",""
"6","settings.rigControl.rigctldPort.label","rigctld TCP Port","","rigctld | TCP",""
"6","settings.rigControl.rigctldPort.hint","Port Nexus launches rigctld on.","","rigctld | Nexus",""
"6","settings.rigControl.plainSsb.label","Data modes use plain SSB","","SSB",""
"6","settings.rigControl.plainSsb.hint","<b>Leave this off unless you know you need it.</b> Nexus normally puts the radio in its DATA submode (DATA-U / USB-D / PKTUSB) for FT8, FT4, RTTY-AFSK and SSTV, because on most rigs that is the only mode where the USB codec reaches the transmitter. Turn this on and Nexus commands plain <b>USB/LSB</b> for those modes instead, and stays there — through band changes and when you call a station. Correct if your transmit audio goes in the <b>microphone</b> path, as with an interface wired to the mic jack (some RIGblaster models) — or if you simply prefer plain USB to the DATA submode (for its wider receive passband, say) and your rig is set to send its USB-codec audio in SSB, which on many modern rigs (FT-991A, IC-7300 and the like) is a single menu item. Either way the rig has to put the audio you're feeding onto the air in plain SSB: where it does not — the codec feeds only the data port and nothing carries in SSB — plain SSB takes audio from the mic and the radio transmits <b>no RF at all</b>, a red TX light and nothing on the air. <b>Per radio</b>, since it depends on how that rig is cabled and set. True FSK RTTY is unaffected — it keeps the rig's own RTTY mode.","","<b> | RIGblaster | DATA-U | PKTUSB | Nexus | USB-D | AFSK | DATA | RTTY | SSTV | FSK | FT4 | FT8 | LSB | SSB | USB | RF | TX | RTTY-AFSK | USB/LSB | FT-991A | IC-7300",""
"6","settings.rigControl.icomNative.label","Native Icom CI-V (early access)","","CI-V | Icom",""
"6","settings.rigControl.icomNative.hint","Nexus drives this Icom's CI-V directly instead of launching rigctld — unlocking the rig's real spectrum scope in the waterfall (""CI-V RF"") and instant dial tracking. The scope needs <b>115200 baud, set the same on BOTH the radio and Nexus</b>: (1) on the rig, Menu ▸ SET ▸ Connectors ▸ CI-V ▸ ""CI-V USB Baud Rate"" = <b>115200</b>; (2) on the rig, same menu, ""CI-V USB Port"" = ""Unlink from [REMOTE]""; (3) the <b>Baud</b> field above = <b>115200</b> to match. Below that the rig refuses to stream the scope (CAT still works; the panadapter just stays off). Save to apply; turn off any time to return to the classic Hamlib path.","","<b> | rigctld | Hamlib | Nexus | CI-V | Icom | CAT | USB | RF",""
"6","settings.rigControl.flexPan.label","Flex native panadapter (early access)","","",""
"6","settings.rigControl.flexPan.hint","Stream this FlexRadio's real SmartSDR panadapter (VITA-49 FFT) into the cockpit scope — the RF spectrum around your dial, with the Flex-pan span/ref controls. <b>Unverified on hardware</b>, so it's opt-in: needs the Flex IP set (from Find Radios) and SmartSDR reachable on this network. If the scope stays blank or the app hitches, turn it back off. Save to apply.","","<b> | FlexRadio | SmartSDR | RF | VITA-49",""
"6","settings.rigControl.flexAudio.label","Flex native DAX audio (early access)","","DAX",""
"6","settings.rigControl.flexAudio.hint","Carry this FlexRadio's audio straight over the network (VITA-49 DAX) instead of the ""DAX Audio RX"" / ""DAX TX"" sound devices — which are <b>invisible under Remote Desktop</b>. <b>Both directions:</b> the decoders read the rig's receive audio directly, and transmit audio goes out over DAX too, which disconnects the rig's microphone while this is on. Turning it off, switching radio or quitting Nexus puts the mic back. <b>Unverified on hardware</b>, opt-in: needs the Flex IP set and SmartSDR reachable. If decodes or transmit stop, turn it back off. Save to apply.","","<b> | FlexRadio | SmartSDR | Nexus | DAX | RX | TX | VITA-49",""
"6","settings.rigControl.civLog.label","CI-V bus diagnostic log","","CI-V",""
"6","settings.rigControl.civLog.failed","Could not toggle the CI-V diagnostic log","","CI-V",""
"6","settings.rigControl.civLog.recording","<b>Recording</b> to <code>{{path}}</code> — this keeps running while you're on other screens, so go to the FT8 or Phone cockpit and reproduce the issue (Tune or transmit) now. Come back and turn it off when done, then send that file. It shows exactly what's on the bus during the fault.","","{{path}} | <b> | <code> | FT8",""
"6","settings.rigControl.civLog.idle","Records every byte to/from the radio on the native CI-V path to a file in your Downloads — a support tool for hardware-only issues like the IC-9700 PTT flicker. Turn on, reproduce the problem, turn off, then send the file.","","CI-V | PTT | IC-9700",""
"6","settings.rigControl.flexIp.label","Flex radio IP (native panadapter + DAX)","","DAX",""
"6","settings.rigControl.flexIp.hint","Your FlexRadio's LAN IP (SmartSDR API, port 4992) — turns on the native RF panadapter. This is the <em>radio's</em> address, not the SmartSDR-CAT port above.","","<em> | FlexRadio | SmartSDR | CAT | RF",""
"6","settings.rigControl.sharingPort.label","Sharing port","","",""
"6","settings.rigControl.sharingPort.hint","The ""Share this radio"" address other programs connect to (Hamlib NET rigctl default 4532). Change it only if something else on this computer already owns the port.","","Hamlib",""
"6","settings.rigControl.testCat.action","Test CAT","","CAT",""
"6","settings.rigControl.testCat.testing","Testing…","","","Short label on: Settings ▸ Rig control. The same English text ""Testing…"" is used by 3 different keys (e.g. setup.rig.testCat.busy, settings.connections.test.busy) — each can take a different Portuguese word, so choose the one that fits THIS screen."
"6","settings.rigControl.testCat.title","Save settings, connect to the rig, and read its frequency","","",""
"6","settings.headphoneMonitor.legend","Receive audio on this computer","","",""
"6","settings.headphoneMonitor.enable.label","Play receive audio here","","",""
"6","settings.headphoneMonitor.enable.aria","Play receive audio on this computer","","",""
"6","settings.headphoneMonitor.enable.hint","Plays the RECEIVED audio — exactly what the decoder hears — out of a device on this computer, for level and RFI diagnosis or simply to listen to the band. This is not a transmit monitor: it never plays your own voice back. Off by default; UNVERIFIED on-air until the attended session.","","",""
"6","settings.headphoneMonitor.device.label","Headphones or speakers","","",""
"6","settings.headphoneMonitor.device.hint","Your headphones or speakers — must NOT be the rig's TX output device.","","TX",""
"6","settings.headphoneMonitor.level.label","Listening level","","",""
"6","settings.headphoneMonitor.level.aria","Receive listening level","","",""
"6","settings.headphoneMonitor.level.hint","Headphone listening volume (does not affect TX).","","TX",""
"6","settings.satelliteDoppler.legend","Satellite Doppler","","Doppler",""
"6","settings.satelliteDoppler.note","Corrects both legs of a pass: the downlink you listen on and the uplink you transmit on. Nexus tunes only while auto-track is following a pass and you have picked a transponder in the Satellites section. The downlink needs no setup here; the uplink is confirmed once per radio, on the pass itself.","","Nexus",""
"6","settings.satelliteDoppler.enable.label","Doppler correction","","Doppler",""
"6","settings.satelliteDoppler.enable.aria","Enable satellite Doppler correction","","Doppler",""
"6","settings.satelliteDoppler.enable.hint","Retunes the radio through a pass so you stay on the station you are working. On: the downlink follows the bird as soon as you arm a pass and hold a transponder. Clearing this stops both legs.","","",""
"6","settings.satelliteDoppler.vfoMap.label","VFO mapping","","VFO",""
"6","settings.satelliteDoppler.vfoMap.aria","Satellite VFO mapping","","VFO","Short label on: Settings ▸ Satellite Doppler. The same English text ""Satellite VFO mapping"" is used by 2 different keys (e.g. sat.rail.vfoMap.aria) — each can take a different Portuguese word, so choose the one that fits THIS screen."
"6","settings.satelliteDoppler.vfoMap.otherRadio","The uplink mapping is confirmed per radio, for the radio you are operating. Confirm it for this radio on the pass rail during a pass, or make it the active radio first.","","",""
"6","settings.satelliteDoppler.vfoMap.hint","Which VFO carries your uplink. Match this to how your radio is wired. <b>A wrong mapping transmits on your own downlink</b> — into the satellite's output passband, on top of everyone else working the bird. Picking one applies immediately and confirms it for the radio you are operating; a second radio gets its own confirmation on the pass rail. Every mapping except Uplink only keeps the downlink corrected.","","<b> | VFO",""
"6","settings.satelliteDoppler.minShift.label","Minimum shift (Hz)","","Hz",""
"6","settings.satelliteDoppler.minShift.aria","Minimum Doppler shift before retuning (Hz)","","Doppler | Hz",""
"6","settings.satelliteDoppler.minShift.hint","Corrections smaller than this are not sent. 20 Hz is inaudible on SSB and keeps the CAT link quiet. 0 sends every update.","","CAT | SSB | Hz",""
"6","settings.satelliteDoppler.interval.label","Update interval (ms)","","",""
"6","settings.satelliteDoppler.interval.aria","Doppler update interval (milliseconds)","","Doppler",""
"6","settings.satelliteDoppler.interval.hint","Shortest gap between corrections. 1000 ms is what a low-orbit pass needs. Shorter fights your own tuning knob and saturates a serial CAT link.","","CAT",""
"6","settings.satelliteDoppler.passSounds.label","Pass alert sounds","","",""
"6","settings.satelliteDoppler.passSounds.aria","Audible tones at pass start and end","","",""
"6","settings.satelliteDoppler.passSounds.hint","A rising tone the moment an armed pass starts and a falling one when it ends, alongside the popup — hear AOS with your hands on the rotor. On by default; clearing this silences only the tones, never the popups.","","AOS",""
"6","settings.orbitalElements.legend","Orbital elements","","",""
"6","settings.orbitalElements.update.action","Update now","","","Short label on: Settings ▸ Orbital elements. The same English text ""Update now"" is used by 2 different keys (e.g. settings.callsignState.update.action) — each can take a different Portuguese word, so choose the one that fits THIS screen."
"6","settings.orbitalElements.update.busy","Updating…","","","Short label on: Settings ▸ Orbital elements. The same English text ""Updating…"" is used by 3 different keys (e.g. settings.callsignState.update.busy, settings.countryFile.update.busy) — each can take a different Portuguese word, so choose the one that fits THIS screen."
"6","settings.orbitalElements.import.action","Import from file","","",""
"6","settings.orbitalElements.import.busy","Importing…","","","Short label on: Settings ▸ Orbital elements. The same English text ""Importing…"" is used by 2 different keys (e.g. setup.log.import.busy) — each can take a different Portuguese word, so choose the one that fits THIS screen."
"6","settings.orbitalElements.import.title","Import a downloaded element file (Celestrak TLE, AMSAT keps, a new launch's SupGP set) — the offline-shack escape hatch. Imports persist across refreshes; the newest epoch per satellite wins.","","TLE",""
"6","settings.orbitalElements.import.ok","Elements imported — {{imported}} imported, {{total}} total","","{{imported}} | {{total}}",""
"6","settings.orbitalElements.import.failed","Element import failed: {{error}}","","{{error}}",""
"6","settings.orbitalElements.status.birds","{{count}} birds","","{{count}}","Short label on: Settings ▸ Orbital elements. The same English text ""{{count}} birds"" is used by 2 different keys (e.g. sat.elements.summary.birds) — each can take a different Portuguese word, so choose the one that fits THIS screen."
"6","settings.orbitalElements.status.fetched","fetched {{date}}","","{{date}}",""
"6","settings.orbitalElements.status.neverFetched","never fetched","","",""
"6","settings.orbitalElements.status.imported","{{count}} imported","","{{count}}",""
"6","settings.orbitalElements.status.empty","Not loaded yet — fetched on first launch, then refreshed every 6 h.","","",""
"6","settings.orbitalElements.hint","Keplerian elements (TLEs) for the amateur satellites — pass times, pointing and Doppler all come from them. Refreshed every 6 h from hamradiotools.io: the bird list comes from the SatNOGS database (CC BY-SA 4.0), the elements from CelesTrak and SatNOGS. Import a file for an offline shack or a just-launched bird.","","Keplerian | Doppler | SatNOGS | BY-SA | 4.0",""
"6","settings.orbitalElements.lastRefresh","Last refresh: {{detail}}","","{{detail}}",""
"6","settings.amplifier.legend","Amplifier","","","Short label on: Settings ▸ Amplifier. The same English text ""Amplifier"" is used by 4 different keys (e.g. settings.amplifier.model.label, connect.pane.amp.title, amp.strip.aria) — each can take a different Portuguese word, so choose the one that fits THIS screen."
"6","settings.amplifier.note","Read-only status from a linear on its own serial port — power out, SWR, temperature and any alarm. Nexus never commands the amplifier: it only reads it.","","Nexus | SWR",""
"6","settings.amplifier.model.label","Amplifier","","","Short label on: Settings ▸ Amplifier. The same English text ""Amplifier"" is used by 4 different keys (e.g. settings.amplifier.legend, connect.pane.amp.title, amp.strip.aria) — each can take a different Portuguese word, so choose the one that fits THIS screen."
"6","settings.amplifier.model.none","None","","","Short label on: Settings ▸ Amplifier. The same English text ""None"" is used by 4 different keys (e.g. memories.editor.tone.none, settings.rigControl.split.none, settings.rotator.model.none) — each can take a different Portuguese word, so choose the one that fits THIS screen."
"6","settings.amplifier.model.hint","Place the Amplifier pane in Connect to see the readings. Nothing here changes how the radio transmits.","","",""
"6","settings.amplifier.follow.label","Follow the radio’s band","","",""
"6","settings.amplifier.follow.hint","Step the amplifier to the band you are on, without being asked. Off by default — this is the one amplifier control that acts on its own. It never moves the amplifier while you are transmitting, and it steps one band at a time, checking where the amplifier actually is after each one rather than assuming it got there. ⚠️ If your amplifier already follows the radio through its own band-data cable, as most SPE installations do, leave this off: the hardware is doing the same job, and two things steering one band is worse than either alone.","","",""
"6","settings.amplifier.port.label","Amplifier port","","",""
"6","settings.amplifier.port.hint","Its own port, not the one CAT uses — a serial port can only be open once, so sharing it stops the radio connecting. The speed is worked out for you.","","CAT",""
"6","settings.rotator.legend","Rotator","","","Short label on: Settings ▸ Rotator. The same English text ""Rotator"" is used by 2 different keys (e.g. rotor.strip.aria) — each can take a different Portuguese word, so choose the one that fits THIS screen."
"6","settings.rotator.note","The rotator itself, and its pointing manners. The manners apply to satellite auto-track.","","",""
"6","settings.rotator.model.label","Rotator model","","",""
"6","settings.rotator.model.none","None","","","Short label on: Settings ▸ Rotator. The same English text ""None"" is used by 4 different keys (e.g. memories.editor.tone.none, settings.rigControl.split.none, settings.amplifier.model.none) — each can take a different Portuguese word, so choose the one that fits THIS screen."
"6","settings.rotator.model.other","Other Hamlib model #…","","Hamlib",""
"6","settings.rotator.model.number.placeholder","Hamlib rotator model number (rotctl -l lists them)","","Hamlib",""
"6","settings.rotator.model.number.aria","Hamlib rotator model number","","Hamlib",""
"6","settings.rotator.model.hint","Nexus runs the control daemon (rotctld) for you, the same way it does CAT. Then use the Rotor pane in Connect, ↗ on Needed rows, or the compass anywhere.","","Nexus | CAT",""
"6","settings.rotator.port.label","Rotator port & baud","","",""
"6","settings.rotator.port.aria","Rotator serial port","","",""
"6","settings.rotator.baud.aria","Rotator baud rate","","",""
"6","settings.rotator.baud.title","Serial baud rate for the rotator controller","","",""
"6","settings.rotator.baud.hint.any","Match the rate your controller is set to — Hamlib does not offer one fixed rate for this model.","","Hamlib",""
"6","settings.rotator.baud.hint.fixed","This controller runs at {{rate}} baud — the rate its Hamlib backend declares. Leave it here.","","{{rate}} | Hamlib",""
"6","settings.rotator.baud.hint.wrong","<b>This controller runs at {{rate}} baud, not {{set}}</b> — at the wrong rate it never answers and reads as broken hardware. Set {{rate}}, or re-pick the model above to fill it in.","","{{rate}} | {{set}} | <b>",""
"6","settings.rotator.external.label","External rotctld (advanced)","","",""
"6","settings.rotator.external.placeholder","host:port — e.g. {{example}}","","{{example}}",""
"6","settings.rotator.external.aria","External rotctld address (advanced)","","",""
"6","settings.rotator.external.hint","Point Nexus at a rotctld you run yourself (or one on another machine). It OVERRIDES the model and port above and stops the integrated daemon. Needs the port — a bare host name is not an address.","","Nexus",""
"6","settings.rotator.park.label","Park position (° az / el)","","",""
"6","settings.rotator.park.az.aria","Park azimuth (degrees)","","",""
"6","settings.rotator.park.el.aria","Park elevation (degrees)","","",""
"6","settings.rotator.park.hint","The stow position — wind-safe, or wherever your mast rests. Used only when After a pass is set to Park.","","",""
"6","settings.rotator.ready.label","Ready position (° az / el)","","",""
"6","settings.rotator.ready.az.aria","Ready azimuth (degrees)","","",""
"6","settings.rotator.ready.el.aria","Ready elevation (degrees)","","",""
"6","settings.rotator.ready.hint","Where the antenna waits for the next pass. Used only when After a pass is set to Ready.","","",""
"6","settings.rotator.postPass.label","After a pass","","",""
"6","settings.rotator.postPass.aria","What the rotator does after a pass","","",""
"6","settings.rotator.postPass.stop","Stop — leave the antenna where the pass ended","","",""
"6","settings.rotator.postPass.park","Park — drive to the park position","","",""
"6","settings.rotator.postPass.ready","Ready — drive to the ready position","","",""
"6","settings.rotator.postPass.hint","Stop is the default and moves nothing: the antenna stays pointed where the bird set. Park and Ready drive the rotator on their own at LOS, so set those positions above first.","","LOS",""
"6","settings.rotator.tolerance.label","Tolerance (° az / el)","","",""
"6","settings.rotator.tolerance.az.aria","Azimuth tolerance (degrees)","","",""
"6","settings.rotator.tolerance.el.aria","Elevation tolerance (degrees)","","",""
"6","settings.rotator.tolerance.hint","A new target closer than this is not commanded. Without a deadband the rotator hunts and the relays chatter for the whole pass. 2° is about a G-5500's own resolution.","","G-5500",""
"6","settings.rotator.calibration.label","Calibration trim (° az / el)","","",""
"6","settings.rotator.calibration.az.aria","Azimuth calibration trim (degrees)","","",""
"6","settings.rotator.calibration.el.aria","Elevation calibration trim (degrees)","","",""
"6","settings.rotator.calibration.hint","Added to every command. Use it when the controller reads one heading and the boom points at another.","","",""
"6","settings.rotator.flip.label","Allow flip","","",""
"6","settings.rotator.flip.aria","Allow the rotator to flip past 90 degrees elevation","","",""
"6","settings.rotator.flip.hint","Takes a high pass by turning azimuth 180° and running elevation past 90°, instead of swinging the mast around at the top of the pass. Off by default: <b>many rotators cannot mechanically go past 90° elevation</b>. Check your controller before turning this on.","","<b>",""
"6","settings.digital.legend","Digital (FT8/FT4)","","FT4 | FT8",""
"6","settings.digital.logging.title","Logging Behavior","","",""
"6","settings.digital.autoLog.label","Auto-log QSOs","","QSOs",""
"6","settings.digital.autoLog.hint","Automatically log completed contacts to the ADIF logbook.","","ADIF",""
"6","settings.digital.promptToLog.label","Prompt before logging","","",""
"6","settings.digital.promptToLog.hint","Show a confirm-and-edit popup when a QSO completes instead of logging silently (WSJT-X “Prompt me to log QSO”). No effect unless Auto-log is on.","","WSJT-X | QSO",""
"6","settings.digital.reportsToComments.label","dB reports to comments","","dB",""
"6","settings.digital.reportsToComments.hint","Write the exchanged reports into the logged QSO’s comment, e.g. “FT8  Sent: -07  Rcvd: -12” — the same format WSJT-X uses.","","WSJT-X | FT8 | QSO",""
"6","settings.digital.preferRrr.label","Roger with RRR (not RR73)","","RR73",""
"6","settings.digital.preferRrr.hint","Acknowledge the final report with a bare RRR (partner still owes a 73) instead of the combined RR73. Off = RR73 (modern FT8 practice).","","RR73 | FT8 | 73",""
"6","settings.digital.clearDxAfterLog.label","Clear DX call after logging","","DX",""
"6","settings.digital.clearDxAfterLog.hint","Wipe the DX Call / DX Grid fields once a contact is logged (WSJT-X option, off by default).","","WSJT-X | DX",""
"6","settings.digital.decoder.title","Decoder","","","One-word control on: Settings ▸ Digital. Out of context this could be a noun or a verb — open that screen (or read the key name) before choosing the Portuguese word."
"6","settings.digital.decodeDepth.label","Decode depth","","","Short label on: Settings ▸ Digital. The same English text ""Decode depth"" is used by 2 different keys (e.g. operate.header.decodeDepth.aria) — each can take a different Portuguese word, so choose the one that fits THIS screen."
"6","settings.digital.decodeDepth.fast","Fast","","","Short label on: Settings ▸ Digital. The same English text ""Fast"" is used by 4 different keys (e.g. operate.header.decodeDepth.fast, cw.rxDsp.agc.fast, phone.rxDsp.agc.fast) — each can take a different Portuguese word, so choose the one that fits THIS screen."
"6","settings.digital.decodeDepth.normal","Normal","","","One-word control on: Settings ▸ Digital. Out of context this could be a noun or a verb — open that screen (or read the key name) before choosing the Portuguese word."
"6","settings.digital.decodeDepth.deep","Deep","","","Short label on: Settings ▸ Digital. The same English text ""Deep"" is used by 2 different keys (e.g. operate.header.decodeDepth.deep) — each can take a different Portuguese word, so choose the one that fits THIS screen."
"6","settings.digital.decodeDepth.hint","Deep finds the most signals (WSJT-X default); Fast saves CPU on old hardware. All Decoder settings drive the native decoder — on a WSJT-X UDP source (companion mode) decodes arrive already made and none of them apply.","","WSJT-X | UDP",""
"6","settings.digital.passband.label","Decoder passband (Hz)","","Hz",""
"6","settings.digital.passband.low","F low","","",""
"6","settings.digital.passband.low.aria","Decoder F low (Hz)","","Hz",""
"6","settings.digital.passband.high","F high","","",""
"6","settings.digital.passband.high.aria","Decoder F high (Hz)","","Hz",""
"6","settings.digital.passband.hint","The decoder's search range. Default 200–2900 Hz. Raise F high toward 4000 Hz to decode stations calling above ~2.9 kHz (common on crowded FT8 bands); lower the range to focus on a narrow filter or dodge strong close-in QRM.","","FT8 | QRM | kHz | Hz | 2.9",""
"6","settings.digital.apDecode.label","A-priori (AP) decoding — FT8","","FT8",""
"6","settings.digital.apDecode.hint","Retry marginal signals against hypotheses built from your call, the DX call and the QSO state (WSJT-X ""Enable AP"", on by default) — including the cross-cycle replay of last cycle's QSOs. FT8 only: FT4's AP is part of its Normal/Deep depth and has no separate switch.","","WSJT-X | QSOs | FT4 | FT8 | QSO | DX",""
"6","settings.digital.apCqOnly.label","AP: CQ hypothesis only","","CQ",""
"6","settings.digital.apCqOnly.hint","Limit AP to the ""CQ"" guess — no MyCall/DxCall hypotheses (FT8 and FT4). WSJT-X switches to this by itself after 5 minutes without transmitting, as a guard against stale-context false decodes; here it is your explicit choice. Off = full AP, the stock behavior.","","WSJT-X | FT4 | FT8 | CQ",""
"6","settings.digital.singleDecode.label","Single decode","","",""
"6","settings.digital.singleDecode.hint","Decode only within ±25 Hz of your green RX marker (the same one-station window WSJT-X uses for a double-click re-decode) instead of the whole passband — isolates one weak station and saves CPU. FT8 and FT4 only: 50 Hz is narrower than a single JT65, Q65 or MSK144 signal, so those modes keep the full passband. Applies while the RX marker sits inside the passband above; off = full passband, the stock behavior.","","MSK144 | WSJT-X | JT65 | FT4 | FT8 | Q65 | Hz | RX",""
"6","settings.digital.dxpedition.label","DXpedition mode","","DXpedition","Short label on: Settings ▸ Digital. The same English text ""DXpedition mode"" is used by 2 different keys (e.g. operate.header.dxped.aria) — each can take a different Portuguese word, so choose the one that fits THIS screen."
"6","settings.digital.dxpedition.off","Off","","","Short label on: Settings ▸ Digital. The same English text ""Off"" is used by 8 different keys (e.g. roam.status.off, settings.alerts.scope.off, settings.phone.ctcss.off) — each can take a different Portuguese word, so choose the one that fits THIS screen."
"6","settings.digital.dxpedition.hint","Off = normal FT8/FT4 operation. Hound = DXpedition pile-up discipline (calls above 1000 Hz; your report auto-moves to the Fox's frequency).","","DXpedition | Hound | FT4 | FT8 | Fox | Hz",""
"6","settings.digital.housekeeping.title","Station Housekeeping","","",""
"6","settings.digital.journeyStreak.label","Journey — track a weekly streak","","",""
"6","settings.digital.journeyStreak.hint","Off by default. A gentle “weeks on the air” counter on the Journey board — never a daily streak, never a penalty for a break.","","",""
"6","settings.digital.beacon.label","Beacon — announce presence (CQ)","","CQ",""
"6","settings.digital.beacon.hint","Off = passive (hunt & pounce): Nexus listens and only transmits when you act. On = periodically calls CQ to announce you're on frequency.","","Nexus | CQ",""
"6","settings.digital.harq.label","IR-HARQ — combine retransmissions","","IR-HARQ",""
"6","settings.digital.harq.hint","On (default) = a weak frame that fails is recovered by joint-combining its retransmissions (RV0+RV1+RV2), and unacknowledged QSO overs escalate redundancy. Off = RV0-only (each frame decoded on its own).","","QSO",""
"6","settings.digital.clockCheck.label","Clock check (NTP)","","NTP",""
"6","settings.digital.clockCheck.hint","Periodically check your PC clock against an NTP server and show the offset in the top bar. TempoFast/TempoDeep are slot-timed to UTC — keep it within ~0.5 s (NTP / time.is; off-grid: GPS). Turn off for fully-offline operation (no network calls).","","TempoDeep | TempoFast | NTP | UTC | 0.5",""
"6","settings.digital.stationPower.label","Station power (W)","","",""
"6","settings.digital.stationPower.hint","Your transmit power in watts — unlocks the Journey miles-per-watt & QRP feats. Leave blank if unknown.","","QRP",""
"6","settings.digital.units.label","Units","","","One-word control on: Settings ▸ Digital. Out of context this could be a noun or a verb — open that screen (or read the key name) before choosing the Portuguese word."
"6","settings.digital.units.auto","Automatic (from your system)","","",""
"6","settings.digital.units.metric","Metric (km, °C)","","",""
"6","settings.digital.units.imperial","Imperial (mi, °F)","","",""
"6","settings.digital.units.hint","Distances, temperature and wind speed. Automatic follows your operating system's region. Applies everywhere in the app immediately.","","",""
"6","settings.jt65.legend","JT65 — classic EME","","JT65 | EME",""
"6","settings.jt65.submode.label","Submode (tone spacing)","","","Short label on: Settings ▸ JT65. The same English text ""Submode (tone spacing)"" is used by 2 different keys (e.g. settings.q65.submode.label) — each can take a different Portuguese word, so choose the one that fits THIS screen."
"6","settings.jt65.submode.a","A — HF standard, narrowest","","HF",""
"6","settings.jt65.submode.b","B — 2x spacing","","","Short label on: Settings ▸ JT65. The same English text ""B — 2x spacing"" is used by 2 different keys (e.g. settings.q65.submode.b) — each can take a different Portuguese word, so choose the one that fits THIS screen."
"6","settings.jt65.submode.c","C — 4x spacing, most Doppler-tolerant","","Doppler",""
"6","settings.jt65.submode.hint","JT65 always uses a 60 s T/R period, so spacing is the only choice. A is what you want on HF; EME operators move up to B or C as Doppler spread on the higher bands smears the tones. Both stations must use the same submode.","","Doppler | JT65 | EME | HF",""
"6","settings.jt65.hint","The classic weak-signal and moonbounce mode, decoded and transmitted. Messages are the older 22-character format, not the 37-character one FT8 and friends use.","","FT8",""
"6","settings.msk144.legend","MSK144 — meteor scatter","","MSK144",""
"6","settings.msk144.period.label","T/R period","","","Short label on: Settings ▸ MSK144. The same English text ""T/R period"" is used by 3 different keys (e.g. settings.fst4.period.label, settings.q65.period.label) — each can take a different Portuguese word, so choose the one that fits THIS screen."
"6","settings.msk144.period.fast","5 s — fast turnaround, big showers","","",""
"6","settings.msk144.period.standard","15 s — the 6 m standard","","",""
"6","settings.msk144.period.sparse","30 s — sparse pings, more to stack","","",""
"6","settings.msk144.period.hint","MSK144 sends a 72 ms message over and over, so a single meteor trail lasting a tenth of a second can carry the whole thing. Shorter periods turn the exchange around faster during a shower; longer ones give the decoder more frames to stack when pings are sparse. Both stations must use the same period.","","MSK144",""
"6","settings.msk144.hint","MSK144 transmits for nearly the whole period, sending the same 72 ms frame hundreds of times — that is how meteor scatter works, and a contact can take many minutes of apparent silence. The audio frequency is fixed at a 1500 Hz centre; the signal is 1 kHz wide, so there is nowhere to tune it. Shorthand (MSK40) messages are off, matching WSJT-X’s default.","","MSK144 | WSJT-X | kHz | Hz",""
"6","settings.beacons.legend","Beacons — WSPR & FST4W","","FST4W | WSPR",""
"6","settings.beacons.txPercent.label","Transmit %","","",""
"6","settings.beacons.txPercent.title","Round Robin is scheduling — this percentage is not used. Set the slot to 0 to schedule by percentage.","","",""
"6","settings.beacons.txPercent.hint.roundRobin","<b>Ignored while Round Robin is active</b> — the rotation decides which intervals transmit. Set the slot to 0 to schedule by percentage again.","","<b>",""
"6","settings.beacons.txPercent.hint","Fraction of intervals to transmit on. 0 = listen only. A beacon that transmits every interval hears nothing, so a minority is the convention — 20–30% is typical. Below 40% Nexus also avoids back-to-back transmissions while still hitting the rate you asked for.","","Nexus",""
"6","settings.beacons.power.label","Transmit power (dBm)","","dBm",""
"6","settings.beacons.power.hint","<b>Required, and it has to be real.</b> WSPR reports are published to a public propagation database that other operators draw conclusions from, so a wrong figure corrupts their data as well as yours. The beacon stays silent until this is set. 23 = 200 mW, 30 = 1 W, 37 = 5 W, 43 = 20 W.","","<b> | WSPR",""
"6","settings.beacons.rrSlot.label","FST4W Round Robin slot","","FST4W",""
"6","settings.beacons.rrSlot.hint","0 = use the transmit-% schedule. Otherwise your slot in a coordinated rotation: stations agreeing on the same slot count and each taking a different slot never transmit at the same time, because the assignment is fixed by UTC. A rotation needs at least 2 slots.","","UTC",""
"6","settings.beacons.rrSlots.label","Round Robin slots","","",""
"6","settings.beacons.rrSlots.hint.degenerate","<b>A one-station rotation is no rotation</b> — Round Robin needs at least 2 slots, so it is off and the transmit-% schedule applies.","","<b>",""
"6","settings.beacons.rrSlots.hint","How many stations are in the rotation. Ignored when the slot is 0.","","",""
"6","settings.beacons.hint","Beacons transmit your callsign, grid and power — there is no QSO sequence, so Call CQ and S&P are inactive on these tiers. Transmit still has to be armed as usual; the schedule never keys a radio whose transmit you have not enabled.","","QSO | CQ",""
"6","settings.fst4.legend","FST4 (QSO) / FST4W (beacon)","","FST4W | FST4 | QSO",""
"6","settings.fst4.period.label","T/R period","","","Short label on: Settings ▸ FST4. The same English text ""T/R period"" is used by 3 different keys (e.g. settings.msk144.period.label, settings.q65.period.label) — each can take a different Portuguese word, so choose the one that fits THIS screen."
"6","settings.fst4.period.shortestBeacon","120 s — shortest FST4W beacon interval","","FST4W",""
"6","settings.fst4.period.deepest","1800 s — deepest","","",""
"6","settings.fst4.period.hint","Shared by both tiers. Longer periods hear weaker signals at fewer exchanges per hour. FST4W beacons run at 120/300/900/1800 s; FST4 QSO work is usually 15–60 s. Both stations (or the beacon you are listening for) must be on the same period.","","FST4W | FST4 | QSO",""
"6","settings.fst4.hint","<b>FST4</b> is the QSO mode; <b>FST4W</b> is the WSPR-like beacon mode — pick which one on the tier selector. Nexus decodes both and transmits neither. Note that FST4W hashed callsigns show as <code><...></code>: the lookup table upstream fills from a file this build does not carry.","","<b> | <code> | FST4W | Nexus | FST4 | WSPR | QSO",""
"6","settings.q65.legend","Q65 — EME / VHF+ scatter","","EME | Q65 | VHF",""
"6","settings.q65.period.label","T/R period","","","Short label on: Settings ▸ Q65. The same English text ""T/R period"" is used by 3 different keys (e.g. settings.msk144.period.label, settings.fst4.period.label) — each can take a different Portuguese word, so choose the one that fits THIS screen."
"6","settings.q65.period.tropo","15 s — troposcatter","","",""
"6","settings.q65.period.meteor","30 s — 6 m meteor / ionoscatter","","",""
"6","settings.q65.period.eme","60 s — EME (most common)","","EME",""
"6","settings.q65.period.deepEme","120 s — deep EME","","EME",""
"6","settings.q65.period.microwaveEme","300 s — deepest, microwave EME","","EME",""
"6","settings.q65.period.hint","Longer periods integrate longer and hear weaker signals, at one exchange per period. Both stations must use the <b>same</b> period. Changing this changes the decode frame length, so it takes effect on the next slot.","","<b>",""
"6","settings.q65.submode.label","Submode (tone spacing)","","","Short label on: Settings ▸ Q65. The same English text ""Submode (tone spacing)"" is used by 2 different keys (e.g. settings.jt65.submode.label) — each can take a different Portuguese word, so choose the one that fits THIS screen."
"6","settings.q65.submode.a","A — narrowest, most sensitive","","",""
"6","settings.q65.submode.b","B — 2x spacing","","","Short label on: Settings ▸ Q65. The same English text ""B — 2x spacing"" is used by 2 different keys (e.g. settings.jt65.submode.b) — each can take a different Portuguese word, so choose the one that fits THIS screen."
"6","settings.q65.submode.c","C — 4x spacing","","",""
"6","settings.q65.submode.d","D — 8x spacing","","",""
"6","settings.q65.submode.e","E — 16x spacing, most Doppler-tolerant","","Doppler",""
"6","settings.q65.submode.hint","Wider spacing survives more Doppler spread and frequency drift but costs sensitivity. Move up the letters as the path degrades — EME on the higher bands usually needs B or C.","","Doppler | EME",""
"6","settings.q65.hint","Q65 transmits and receives. The period and submode set both what you hear and what you send, and BOTH STATIONS MUST MATCH — a correspondent on a different period or submode will not decode you.","","Q65",""
"6","settings.phone.legend","Phone (SSB / FM)","","SSB | FM",""
"6","settings.phone.mode.title","Mode","","","Short label on: Settings ▸ Phone. The same English text ""Mode"" is used by 15 different keys (e.g. logbook.field.mode.label, logbook.column.mode, logEntry.override.mode.label) — each can take a different Portuguese word, so choose the one that fits THIS screen."
"6","settings.phone.mode.label","Phone mode","","","Short label on: Settings ▸ Phone. The same English text ""Phone mode"" is used by 3 different keys (e.g. freq.mode.aria, phone.mode.aria) — each can take a different Portuguese word, so choose the one that fits THIS screen."
"6","settings.phone.mode.ssb","SSB (USB/LSB by band)","","LSB | SSB | USB | USB/LSB",""
"6","settings.phone.mode.fm","FM (VHF/UHF + repeaters)","","UHF | VHF | FM | VHF/UHF",""
"6","settings.phone.mode.hint","FM drives the rig to FM + the shift/tone below.","","FM",""
"6","settings.phone.shift.label","Repeater shift","","",""
"6","settings.phone.shift.simplex","Simplex (no shift)","","",""
"6","settings.phone.shift.plus","Plus (+)","","",""
"6","settings.phone.shift.minus","Minus (−)","","",""
"6","settings.phone.shift.hint","Offset is the band standard (2 m 600 k, 70 cm 5 M…).","","",""
"6","settings.phone.ctcss.label","CTCSS (PL) tone","","",""
"6","settings.phone.ctcss.off","Off","","","Short label on: Settings ▸ Phone. The same English text ""Off"" is used by 8 different keys (e.g. roam.status.off, settings.alerts.scope.off, settings.digital.dxpedition.off) — each can take a different Portuguese word, so choose the one that fits THIS screen."
"6","settings.phone.ctcss.hint","Repeater access tone (PL).","","",""
"6","settings.phone.mic.title","Microphone","","","One-word control on: Settings ▸ Phone. Out of context this could be a noun or a verb — open that screen (or read the key name) before choosing the Portuguese word."
"6","settings.phone.mic.hint","Mic gain and voice-keyer message recording are in the Phone cockpit (live CAT + one-touch record).","","CAT",""
"6","settings.phone.voiceMic.label","Voice mic (recording)","","",""
"6","settings.phone.voiceMic.default","Same as audio input (default)","","",""
"6","settings.phone.voiceMic.hint","Mic used when RECORDING a voice-keyer message. Default records from the audio input device — but on a digital setup that's the rig's RX audio, so you'd record the band, not your voice. Pick your actual mic here. If it can't open, recording falls back to the input device (never silent).","","RX",""
"6","settings.cw.legend","CW","","CW","Abbreviation shown on: Settings ▸ CW. Check the screen before expanding or translating it."
"6","settings.cw.keyer.title","Keyer","","","Short label on: Settings ▸ CW. The same English text ""Keyer"" is used by 2 different keys (e.g. cw.keyer.label) — each can take a different Portuguese word, so choose the one that fits THIS screen."
"6","settings.cw.keyer.label","Keyer backend","","",""
"6","settings.cw.keyer.cat","CAT — the rig keys CW (Hamlib send_morse; newer rigs only)","","Hamlib | CAT | CW",""
"6","settings.cw.keyer.serial","Serial keyline (DTR/RTS) — key the rig's KEY jack","","DTR/RTS",""
"6","settings.cw.keyer.winkeyer","WinKeyer — K1EL hardware keyer","","WinKeyer | K1EL",""
"6","settings.cw.keyer.soundcard","Soundcard — audio tone through a data mode (workaround)","","",""
"6","settings.cw.keyer.hint","How Nexus sends CW. <b>CAT</b> uses the rig's internal keyer, but older rigs (e.g. IC-756PRO III) don't support it. <b>Serial keyline</b> toggles DTR/RTS into the rig's KEY jack (rig in CW, rig shapes the signal — the clean N1MM/fldigi method, needs only a keying cable). <b>WinKeyer</b> drives a K1EL.<b>Soundcard</b> keys an audio tone — a workaround; set drive so ALC reads zero. <b>It takes your radio out of CW</b> into a data mode (DATA-U/DATA-L, so the tone reaches the transmitter instead of the mic jack); pick any other keyer and CW mode comes straight back. Also switchable live from the CW cockpit.","","<b> | WinKeyer | DATA-L | DATA-U | fldigi | Nexus | DATA | K1EL | N1MM | ALC | CAT | CW | IC-756PRO | DTR/RTS","Quotes another control by name: ""Soundcard"" is the on-screen text of cw.keyer.soundcard.label. Translate the quote and that control exactly the same way, or the hint points at a menu entry that no longer exists."
"6","settings.cw.keyer.unproven","CAT CW keying is <b>unproven on this radio</b>. Its Hamlib backend sends a different keying command from the one other radios use, and it reports success either way — so if nothing is transmitted, Nexus cannot tell you. If CW doesn't go out, use the Serial keyline, WinKeyer, or Soundcard keyer.","","<b> | WinKeyer | Hamlib | Nexus | CAT | CW",""
"6","settings.cw.pitch.label","Sidetone pitch (Hz)","","Hz",""
"6","settings.cw.pitch.hint","CW tone pitch (300–1200 Hz) — the soundcard keyer tone and the CW scope zero-beat marker.","","CW | Hz",""
"6","settings.cw.winkeyerPort.label","WinKeyer port","","WinKeyer",""
"6","settings.cw.winkeyerPort.placeholder","{{example}} — K1EL WinKeyer serial port","","{{example}} | WinKeyer | K1EL",""
"6","settings.cw.winkeyerPort.hint","The serial port your WinKey presents. 1200 baud. A WinKey micro inside a multi-function interface (Timewave Navigator, microHAM) counts — use that device's CW/WinKey port, not its CAT port.","","CAT | CW",""
"6","settings.cw.keyPort.label","Keyline serial port","","",""
"6","settings.cw.keyPort.placeholder","{{example}} — the keying interface (separate from CAT)","","{{example}} | CAT",""
"6","settings.cw.keyPort.hint","The USB-to-serial into your keying interface (Buxcomm, a homebrew DTR cable, …) that plugs into the rig's KEY jack. Must be a SEPARATE port from CAT. Set the rig to CW and its key-jack to straight-key / bug. An interface with a WinKey chip in it — Timewave Navigator, microHAM, a K1EL WinKeyer — does <b>not</b> key on DTR: pick the WinKeyer backend above instead and give it that device's CW port.","","<b> | WinKeyer | K1EL | CAT | USB | CW",""
"6","settings.cw.keyLine.label","Keying line","","",""
"6","settings.cw.keyLine.dtr","DTR (the CW convention)","","CW",""
"6","settings.cw.keyLine.hint","Which control line keys the rig. DTR is standard (RTS = PTT); flip to RTS if your interface is wired the other way.","","PTT",""
"6","settings.cw.idAfter73.label","CW ID after 73","","73 | CW",""
"6","settings.cw.idAfter73.hint","Keys your callsign in CW once the final 73 has fully left the air (stock WSJT-X option, default off). Uses the normal CW keying path — PTT + tone — after the FT8 over, never on top of it.","","WSJT-X | FT8 | PTT | 73 | CW",""
"6","settings.cw.macros.title","Macros (F-key profiles)","","",""
"6","settings.cw.macros.label","CW cockpit F-keys","","CW",""
"6","settings.cw.macros.profiles.aria","Active CW macro profile","","CW",""
"6","settings.cw.macros.profiles.unnamed","Profile {{n}}","","{{n}}","Short label on: Settings ▸ CW. The same English text ""Profile {{n}}"" is used by 2 different keys (e.g. cw.macroProfile.unnamed) — each can take a different Portuguese word, so choose the one that fits THIS screen."
"6","settings.cw.macros.profiles.add","New","","","Short label on: Settings ▸ CW. The same English text ""New"" is used by 2 different keys (e.g. operate.decodes.filter.new) — each can take a different Portuguese word, so choose the one that fits THIS screen."
"6","settings.cw.macros.profiles.addPrompt","New CW macro profile name:","","CW",""
"6","settings.cw.macros.profiles.rename","Rename","","","One-word control on: Settings ▸ CW. Out of context this could be a noun or a verb — open that screen (or read the key name) before choosing the Portuguese word."
"6","settings.cw.macros.profiles.renamePrompt","Rename CW macro profile:","","CW",""
"6","settings.cw.macros.profiles.delete","Delete","","","Short label on: Settings ▸ CW. The same English text ""Delete"" is used by 2 different keys (e.g. settings.profiles.delete.action) — each can take a different Portuguese word, so choose the one that fits THIS screen."
"6","settings.cw.macros.profiles.deleteTitle","Delete this profile","","",""
"6","settings.cw.macros.profiles.keepOne","Keep at least one profile","","",""
"6","settings.cw.macros.builtin.hint","Using the built-in F1–F8 set. Customize to make them your own (labels + templates; tokens: {MYCALL} {RST} {NAME} and ! = the worked call).","","{MYCALL} | {RST} | {NAME} | RST | F1 | F8","Contains CW macro tokens in SINGLE braces ({NAME}, {RST}...). These are matched literally by the macro expander — copy them exactly, do not translate or reorder them against the words that explain them."
"6","settings.cw.macros.customize","Customize","","","One-word control on: Settings ▸ CW. Out of context this could be a noun or a verb — open that screen (or read the key name) before choosing the Portuguese word."
"6","settings.cw.macros.row.label.aria","{{key}} label","","{{key}}",""
"6","settings.cw.macros.row.text.aria","{{key}} text","","{{key}}",""
"6","settings.cw.macros.tokens.hint","Tokens: {MYCALL} {NAME} {MYGRID} {MYSTATE} {RST} · ! = the worked call · {HISNAME} {HISSTATE} = the worked station's QRZ name/state (fill in Settings ▸ Station for {MYSTATE}; the rest auto-fill from the copilot / roster click + QRZ lookup). Each key KEEPS its role — the Guided copilot's next-step highlight follows the role, so customized text still rolls through F1→F2→F3→F4 exactly as before. Keep the ! token wherever you want the other station's call inserted. Save to apply.","","{MYCALL} | {NAME} | {MYGRID} | {MYSTATE} | {RST} | {HISNAME} | {HISSTATE} | QRZ | RST | F1 | F2 | F3 | F4","Contains CW macro tokens in SINGLE braces ({NAME}, {RST}...). These are matched literally by the macro expander — copy them exactly, do not translate or reorder them against the words that explain them."
"6","settings.cw.macros.reset","Reset to defaults","","",""
"6","settings.cw.macros.role.answer","Answer a station","","",""
"6","settings.cw.macros.role.report","Send report","","",""
"6","settings.cw.macros.role.signOff","Sign off (73)","","73",""
"6","settings.cw.macros.role.myCall","My call","","","Short label on: Settings ▸ CW. The same English text ""My call"" is used by 2 different keys (e.g. settings.alerts.myCall.label) — each can take a different Portuguese word, so choose the one that fits THIS screen."
"6","settings.cw.macros.role.hisCall","His call","","",""
"6","settings.cw.macros.role.askRepeat","Ask repeat","","",""
"6","settings.cw.macros.role.query","Query","","","One-word control on: Settings ▸ CW. Out of context this could be a noun or a verb — open that screen (or read the key name) before choosing the Portuguese word."
"6","settings.rtty.legend","RTTY","","RTTY","Abbreviation shown on: Settings ▸ RTTY. Check the screen before expanding or translating it."
"6","settings.rtty.rxAutoArm.label","Start receiving when RTTY opens","","RTTY",""
"6","settings.rtty.rxAutoArm.hint","The RTTY screen starts the decoder as soon as you open it — tune a signal and the text prints, no setup. Turn this off to arm the receiver by hand (the Arm RX button in the decoded-text pane). This arms the RECEIVER only — transmitting is never armed for you.","","RTTY | RX",""
"6","settings.rtty.keying.title","Keying","","","One-word control on: Settings ▸ RTTY. Out of context this could be a noun or a verb — open that screen (or read the key name) before choosing the Portuguese word."
"6","settings.rtty.backend.label","Keying backend","","",""
"6","settings.rtty.backend.afsk","AFSK — soundcard tones through the rig in LSB (default)","","AFSK | LSB",""
"6","settings.rtty.backend.fsk","True FSK — serial keyline (DTR/RTS), rig in RTTY mode","","RTTY | FSK | DTR/RTS",""
"6","settings.rtty.backend.hint","How Nexus transmits RTTY. <b>AFSK</b> plays the two-tone waveform through the same TX audio path as FT8 (soundcard-clocked = jitter-free; set drive so ALC reads just zero). <b>True FSK</b> bit-bangs the rig's FSK input over a serial control line with the rig in RTTY mode — unlocking its narrow RTTY filters (e.g. the FTDX10's) — with PTT on CAT or its own line. Software FSK timing is casual/Field-Day grade; AFSK is the timing-cleanest path.","","<b> | Nexus | AFSK | RTTY | ALC | CAT | FSK | FT8 | PTT | TX | FTDX10",""
"6","settings.rtty.fskPort.label","FSK serial port","","FSK",""
"6","settings.rtty.fskPort.placeholder","{{example}} — e.g. the FTDX10's USB Enhanced COM","","{{example}} | USB | FTDX10",""
"6","settings.rtty.fskPort.hint","The port whose control line feeds the rig's FSK input. Empty = the CAT serial port.","","CAT | FSK",""
"6","settings.rtty.fskLine.label","FSK data line","","FSK",""
"6","settings.rtty.fskLine.dtr","DTR (the common wiring — RTS stays free for PTT)","","PTT",""
"6","settings.rtty.fskLine.hint","Which control line carries the data bits. PTT must ride its OWN path — CAT PTT or the separate PTT line, never this one; Nexus refuses a send if they collide.","","Nexus | CAT | PTT",""
"6","settings.rtty.signal.title","Signal","","","Short label on: Settings ▸ RTTY. The same English text ""Signal"" is used by 2 different keys (e.g. map.colorBy.snr.label) — each can take a different Portuguese word, so choose the one that fits THIS screen."
"6","settings.rtty.baud.label","Baud rate","","",""
"6","settings.rtty.baud.hf","45.45 — the HF standard","","HF | 45.45",""
"6","settings.rtty.baud.vhf","75 — VHF / some nets","","VHF",""
"6","settings.rtty.baud.hint","Drives the TX bit clock and the RX demodulator (true 45.45, never rounded to 45).","","RX | TX | 45.45",""
"6","settings.rtty.shift.label","Shift (Hz)","","Hz",""
"6","settings.rtty.shift.hf","170 — the HF standard","","HF",""
"6","settings.rtty.shift.hint","Mark/space spacing — the TX tone pair and the RX demodulator both.","","RX | TX",""
"6","settings.rtty.reverse.label","Reverse (swap mark/space)","","",""
"6","settings.rtty.reverse.hint","The convention is LSB with mark on the lower audio tone. Turn this on when deliberately running the opposite sideband (e.g. AFSK in USB/DATA-U) so the on-air sense stays correct — applies to TX and the RX decoder.","","DATA-U | AFSK | DATA | LSB | USB | RX | TX | USB/DATA",""
"6","settings.psk.legend","PSK","","PSK","Abbreviation shown on: Settings ▸ PSK. Check the screen before expanding or translating it."
"6","settings.psk.rxAutoArm.label","Start receiving when PSK opens","","PSK",""
"6","settings.psk.rxAutoArm.hint","The PSK screen starts the decoder as soon as you open it — click a trace on the waterfall and the text prints, no setup. Turn this off to arm the receiver by hand (the Arm RX button in the decoded-text pane). Stopping the receiver yourself is already remembered for the rest of the session. This arms the RECEIVER only — transmitting is never armed for you.","","PSK | RX",""
"6","settings.sstv.legend","SSTV","","SSTV","Abbreviation shown on: Settings ▸ SSTV. Check the screen before expanding or translating it."
"6","settings.sstv.receiving.title","Receiving","","","Short label on: Settings ▸ SSTV. The same English text ""Receiving"" is used by 3 different keys (e.g. status.rx.label, shell.tx.announce.off) — each can take a different Portuguese word, so choose the one that fits THIS screen."
"6","settings.sstv.rxAutoArm.label","Start receiving when SSTV opens","","SSTV",""
"6","settings.sstv.rxAutoArm.hint","The SSTV screen starts the decoder as soon as you open it, so a picture on the band decodes without arming anything. Turn this off to arm the receiver by hand (the Arm button in the SSTV header). Stopping the receiver yourself is already remembered for the rest of the session.","","SSTV",""
"6","settings.sstv.issAutoArm.label","ISS SSTV auto-arm","","SSTV | ISS",""
"6","settings.sstv.issAutoArm.hint","Auto-arm SSTV for ISS passes — tunes {{freq}} FM and arms the decoder when the ISS is overhead, restores your dial at LOS. Off by default. A pass arm is an explicit act, so it works whether or not the switch above is on.","","{{freq}} | SSTV | ISS | LOS | FM",""
"6","settings.sstv.transmitting.title","Transmitting","","","Short label on: Settings ▸ SSTV. The same English text ""Transmitting"" is used by 3 different keys (e.g. status.tx.label, shell.tx.announce.on) — each can take a different Portuguese word, so choose the one that fits THIS screen."
"6","settings.sstv.txMode.label","Transmit mode","","",""
"6","settings.sstv.txMode.auto","Automatic — Scottie 1 on HF, PD-120 on 2 m (ARISS)","","HF | PD-120",""
"6","settings.sstv.txMode.hint","This is the mode the SSTV screen starts on; you can still change it there for one picture. <b>Automatic</b> follows the band: HF gets Scottie 1 (the NA calling-frequency convention — Martin 1 is the EU one), 2 m gets PD-120, which is what ARISS transmits.","","<b> | SSTV | HF | PD-120",""
"6","settings.sstv.txPower.label","Transmit power","","",""
"6","settings.sstv.txPower.aria","SSTV transmit power percent","","SSTV",""
"6","settings.sstv.txPower.hint","The drive the SSTV screen starts on, and the level an image is sent at. Leave it blank and Nexus never touches your power. SSTV is up to 290 seconds of continuous key-down at full duty, so most operators run it well below their SSB drive. Your Phone power cap still applies on top of this.","","Nexus | SSTV | SSB",""
"6","settings.sstv.callsignNote","Your callsign is burned into the top-left of every picture you transmit, and there is no switch for it: an SSTV over is one long carrier of picture-only audio, so the picture is the identification ({{rule}}). Send is refused until you have set a callsign in Settings ▸ Station. If a picture already shows your call — a pre-made QSO card — tick “My picture already shows my callsign” in the SSTV screen: that is per-picture on purpose and resets with every new image.","","{{rule}} | SSTV | QSO","Quotes another control by name: ""My picture already shows my callsign"" is the on-screen text of sstv.tx.idopt.label. Translate the quote and that control exactly the same way, or the hint points at a menu entry that no longer exists."
"6","settings.aprs.legend","APRS","","APRS","Abbreviation shown on: Settings ▸ APRS. Check the screen before expanding or translating it."
"6","settings.aprs.rf.title","Over the air","","",""
"6","settings.aprs.channel.label","Channel (RF)","","RF",""
"6","settings.aprs.channel.derived","Automatic — {{freq}} from your grid","","{{freq}}",""
"6","settings.aprs.channel.default","Automatic — {{freq}} (set your grid on the Station tab)","","{{freq}}",""
"6","settings.aprs.channel.custom","{{freq}} · custom","","{{freq}}",""
"6","settings.aprs.channel.hint","The 2 m FM channel APRS runs on, which is regional. <b>Automatic</b> follows your grid square, so moving to another region lands you on the right channel with nothing to configure — the number it picked is shown above. The boundaries are approximate; pick a channel here to pin it for good.","","<b> | APRS | FM",""
"6","settings.aprs.symbol.label","Beacon symbol","","",""
"6","settings.aprs.symbol.hint","The icon other stations see on the map for your beacon. Digipeater and iGate come from the alternate symbol table and are what a fixed station running as infrastructure should show.","","",""
"6","settings.aprs.comment.label","Beacon comment","","",""
"6","settings.aprs.comment.hint","Free text carried with your position — a name, a net, a URL. This goes on the air, and APRS caps it at 43 characters.","","APRS",""
"6","settings.aprs.path.label","Digipeater path","","",""
"6","settings.aprs.path.hint","Which digipeaters may repeat your beacon. <code>{{path}}</code> is the near-universal default — one hop through a local fill-in digi, then one wide hop. Leave it empty to transmit direct, with no digipeaters at all.","","{{path}} | <code>",""
"6","settings.aprs.ssid.label","Beacon SSID","","",""
"6","settings.aprs.ssid.fromCallsign","From my callsign","","",""
"6","settings.aprs.ssid.hint","The suffix on your callsign in every APRS frame you send, which is how other operators tell your mobile from your home station. <b>From my callsign</b> uses whatever your callsign already spells out — so if you have set it to <code>{{example}}</code> on the Station tab, that is what goes out.","","{{example}} | <b> | <code> | APRS","Quotes another control by name: ""From my callsign"" is the on-screen text of settings.aprs.ssid.fromCallsign. Translate the quote and that control exactly the same way, or the hint points at a menu entry that no longer exists."
"6","settings.aprs.ssid.fixed","fixed station","","",""
"6","settings.aprs.ssid.genericSecondary","generic / secondary","","",""
"6","settings.aprs.ssid.generic","generic","","","One-word control on: Settings ▸ APRS. Out of context this could be a noun or a verb — open that screen (or read the key name) before choosing the Portuguese word."
"6","settings.aprs.ssid.phone","phone / tablet","","",""
"6","settings.aprs.ssid.satellite","satellite / special","","",""
"6","settings.aprs.ssid.handheld","handheld","","","One-word control on: Settings ▸ APRS. Out of context this could be a noun or a verb — open that screen (or read the key name) before choosing the Portuguese word."
"6","settings.aprs.ssid.boat","boat / marine mobile","","",""
"6","settings.aprs.ssid.mobile","mobile (car)","","",""
"6","settings.aprs.ssid.igate","iGate / internet","","",""
"6","settings.aprs.ssid.balloon","balloon / aircraft","","",""
"6","settings.aprs.ssid.tracker","tracker","","","One-word control on: Settings ▸ APRS. Out of context this could be a noun or a verb — open that screen (or read the key name) before choosing the Portuguese word."
"6","settings.aprs.ssid.weather","weather station","","",""
"6","settings.aprs.ssid.truck","truck / freight","","",""
"6","settings.aprs.is.title","APRS-IS (internet feed)","","APRS-IS | APRS",""
"6","settings.aprs.is.enabled.label","APRS-IS feed","","APRS-IS | APRS",""
"6","settings.aprs.is.enabled.hint","Plot stations the internet reports alongside the ones your own antenna hears — each one tagged so you can always tell which is which. Runs whether or not the APRS decoder is armed: it uses no radio and never transmits. If internet stations appear while your receiver stays silent, the fault is in the RF chain.","","APRS | RF",""
"6","settings.aprs.is.host.label","Server","","","One-word control on: Settings ▸ APRS. Out of context this could be a noun or a verb — open that screen (or read the key name) before choosing the Portuguese word."
"6","settings.aprs.is.host.hint","Your regional Tier 2 rotate is best — noam / soam / euro / asia / aunz .aprs2.net. <code>{{host}}</code> works anywhere.","","{{host}} | <code>",""
"6","settings.aprs.is.port.label","Port","","","Short label on: Settings ▸ APRS. The same English text ""Port"" is used by 2 different keys (e.g. settings.connectWeb.port.label) — each can take a different Portuguese word, so choose the one that fits THIS screen."
"6","settings.aprs.is.port.hint","14580 is the filtered port clients and iGates should use. The full-feed ports would send you the entire planet.","","",""
"6","settings.aprs.is.radius.label","Radius (km)","","","Short label on: Settings ▸ APRS. The same English text ""Radius (km)"" is used by 2 different keys (e.g. aprs.inet.radius.label) — each can take a different Portuguese word, so choose the one that fits THIS screen."
"6","settings.aprs.is.radius.hint","How far around your grid square to subscribe. APRS is a local mode; 150 km is a generous 2 m-plus-digipeater horizon. 0 = no distance limit (busy).","","APRS",""
"6","settings.aprs.is.watchCalls.label","Watched calls","","","Short label on: Settings ▸ APRS. The same English text ""Watched calls"" is used by 2 different keys (e.g. aprs.inet.watch.label) — each can take a different Portuguese word, so choose the one that fits THIS screen."
"6","settings.aprs.is.watchCalls.hint","Comma separated. These come through from anywhere on earth, however far outside your radius they are — the club tracker on a road trip, a friend chasing a summit.","","",""
"6","settings.aprs.is.weather.label","Weather stations","","",""
"6","settings.aprs.is.weather.hint","Include weather reports in the feed.","","",""
"6","settings.aprs.is.objects.label","Objects & items","","",""
"6","settings.aprs.is.objects.hint","Repeaters, NWS alerts and event markers other stations have placed on the map.","","",""
"6","settings.aprs.is.messages.label","Messages","","","Short label on: Settings ▸ APRS. The same English text ""Messages"" is used by 2 different keys (e.g. aprs.messages.title) — each can take a different Portuguese word, so choose the one that fits THIS screen."
"6","settings.aprs.is.messages.hint","Show APRS text messages from the feed. Display only — replying to an internet message is not wired up.","","APRS",""
"6","settings.aprs.stationTtl.label","Keep stations for (min)","","",""
"6","settings.aprs.stationTtl.hint","How long a station stays on the map after its last packet. Stations start to fade at a third of this. An hour by default: fixed stations often beacon only every ten to thirty minutes, and a shorter window makes the slow ones blink off between their own beacons. 0 keeps every station forever (no fade, no removal — the 2000-station ceiling still applies).","","",""
"6","settings.aprs.is.uplink.label","Receive-only iGate","","",""
"6","settings.aprs.is.uplink.hint.call","Contribute packets <b>your own antenna hears</b> to APRS-IS, so stations in your area reach the global map through you. Publishes under <b>{{call}}</b>, so it is a separate choice from watching the feed, and it needs the APRS decoder running to have anything to send. Nexus never sends the other way: gating the internet back onto the air means transmitting unattended.","","{{call}} | <b> | APRS-IS | Nexus | APRS",""
"6","settings.aprs.is.uplink.hint.noCall","Contribute packets <b>your own antenna hears</b> to APRS-IS, so stations in your area reach the global map through you. Publishes under your callsign, so it is a separate choice from watching the feed, and it needs the APRS decoder running to have anything to send. Nexus never sends the other way: gating the internet back onto the air means transmitting unattended.","","<b> | APRS-IS | Nexus | APRS",""
"6","settings.workingFrequencies.legend","Working Frequencies","","",""
"6","settings.workingFrequencies.note","The dial frequency used when a band/mode is selected. These are <b>overrides</b> of the stock WSJT-X working-frequency table — leave the list empty to use stock everywhere. An override replaces the stock row for its band + mode (e.g. to move FT8 to an alternate sub-band).","","<b> | WSJT-X | FT8",""
"6","settings.workingFrequencies.stock.label","Standard table (read-only)","","",""
"6","settings.workingFrequencies.stock.band","Band","","","Short label on: Settings ▸ Working frequencies. The same English text ""Band"" is used by 13 different keys (e.g. logbook.field.band.label, logbook.column.band, logEntry.override.band.label) — each can take a different Portuguese word, so choose the one that fits THIS screen."
"6","settings.workingFrequencies.stock.mode","Mode","","","Short label on: Settings ▸ Working frequencies. The same English text ""Mode"" is used by 15 different keys (e.g. logbook.field.mode.label, logbook.column.mode, logEntry.override.mode.label) — each can take a different Portuguese word, so choose the one that fits THIS screen."
"6","settings.workingFrequencies.stock.dial","Dial (MHz)","","MHz","Short label on: Settings ▸ Working frequencies. The same English text ""Dial (MHz)"" is used by 2 different keys (e.g. freq.dial.label) — each can take a different Portuguese word, so choose the one that fits THIS screen."
"6","settings.workingFrequencies.stock.overrideTitle","Your override — stock is {{mhz}} MHz","","{{mhz}} | MHz",""
"6","settings.workingFrequencies.stock.overrideTag","override","","","One-word control on: Settings ▸ Working frequencies. Out of context this could be a noun or a verb — open that screen (or read the key name) before choosing the Portuguese word."
"6","settings.workingFrequencies.stock.hint","WSJT-X stock dial frequencies. A row with an active override shows your value (highlighted) instead of the stock one.","","WSJT-X",""
"6","settings.workingFrequencies.overrides.label","Your overrides","","",""
"6","settings.workingFrequencies.overrides.none","None — the stock table is in effect.","","",""
"6","settings.workingFrequencies.overrides.band.aria","Override {{n}} band","","{{n}}",""
"6","settings.workingFrequencies.overrides.mode.aria","Override {{n}} mode","","{{n}}",""
"6","settings.workingFrequencies.overrides.mhz.aria","Override {{n}} dial frequency in MHz","","{{n}} | MHz",""
"6","settings.workingFrequencies.overrides.remove.aria","Remove the {{band}} {{mode}} override","","{{band}} | {{mode}}",""
"6","settings.workingFrequencies.overrides.remove.title","Remove this override","","",""
"6","settings.workingFrequencies.overrides.duplicate","duplicate band + mode — the last row wins","","",""
"6","settings.workingFrequencies.overrides.add","Add override","","",""
"6","settings.workingFrequencies.overrides.reset","Reset to standard","","",""
"6","settings.workingFrequencies.overrides.hint","MHz is the dial (suppressed-carrier) frequency. Save to apply — band switches then use your value for that band + mode.","","MHz",""
"6","settings.antennaGain.title","Antenna gain (advanced)","","",""
"6","settings.antennaGain.label","Antenna gain (dBi) — TX / RX","","RX | TX",""
"6","settings.antennaGain.tx.aria","TX antenna gain (dBi)","","TX",""
"6","settings.antennaGain.rx.aria","RX antenna gain (dBi)","","RX",""
"6","settings.antennaGain.hint","Used by the P.533 link budget only. 0 = a simple wire/vertical (isotropic); a 3-element yagi ≈ 6–8. Honest v1: a plain dB shift — no pattern or takeoff-angle modelling, and the fast heuristic ignores it.","","dB",""
"6","settings.dxkeeper.note","Pushes each logged QSO into <b>DXKeeper</b> over its TCP Network Service. Enable it in DXKeeper under <em>Configuration ▸ Defaults ▸ Network Service</em> first.","","<b> | <em> | DXKeeper | QSO | TCP",""
"6","settings.dxkeeper.host.label","DXKeeper host","","DXKeeper",""
"6","settings.dxkeeper.host.placeholder","{{example}} (empty = off)","","{{example}}","Short label on: Settings ▸ DXKeeper. The same English text ""{{example}} (empty = off)"" is used by 3 different keys (e.g. settings.n3fjp.host.placeholder, settings.n1mm.addr.placeholder) — each can take a different Portuguese word, so choose the one that fits THIS screen."
"6","settings.dxkeeper.host.hint","Usually 127.0.0.1 — same PC. Leave blank to disable.","","127.0.0.1",""
"6","settings.dxkeeper.basePort.hint","The <em>Base Port</em> from DXKeeper's Network Service panel (default 52000). DXKeeper itself listens on <b>{{port}}</b> — Nexus adds the 1 for you.","","{{port}} | <em> | <b> | DXKeeper | Nexus",""
"6","settings.dxkeeper.uploads.label","Let DXKeeper do the uploads","","DXKeeper",""
"6","settings.dxkeeper.uploads.hint","Off by default: Nexus already uploads to LoTW / eQSL / ClubLog / QRZ, so turning this on would upload every QSO twice. Note DXKeeper ignores this for Club Log and QRZ if <em>Auto upload</em> is ticked on its own QSL Configuration tab — untick it there.","","<em> | Club Log | DXKeeper | ClubLog | Nexus | LoTW | eQSL | QRZ | QSL | QSO",""
"6","settings.n3fjp.legend","N3FJP Integration (club master log)","","N3FJP",""
"6","settings.n3fjp.note","Each FD contact lands in the club's <b>N3FJP Field Day Contest Log</b> the moment you log it — so the whole club's score updates in real time. Run N3FJP on the master computer; point Nexus at its IP + port (default 1100).","","<b> | Field Day | N3FJP | Nexus",""
"6","settings.n3fjp.host.label","N3FJP host","","N3FJP",""
"6","settings.n3fjp.host.placeholder","{{example}} (empty = off)","","{{example}}","Short label on: Settings ▸ N3FJP. The same English text ""{{example}} (empty = off)"" is used by 3 different keys (e.g. settings.dxkeeper.host.placeholder, settings.n1mm.addr.placeholder) — each can take a different Portuguese word, so choose the one that fits THIS screen."
"6","settings.n3fjp.host.hint","IP or hostname of the master log computer. Leave blank to disable.","","",""
"6","settings.n3fjp.port.label","N3FJP port","","N3FJP",""
"6","settings.n3fjp.port.hint","N3FJP's API TCP port (default 1100).","","N3FJP | TCP",""
"6","settings.n3fjp.useEnter.label","Use ENTER for Field Day scoring","","Field Day",""
"6","settings.n3fjp.useEnter.hint","Log each FD contact with N3FJP's <b>ENTER</b> sequence, which scores the contest — the correct path. Turn off to fall back to a plain <code>ADDDIRECT</code> insert (may not score). On by default.","","<b> | <code> | N3FJP",""
"6","settings.n3fjp.reportBand.label","Report my band to N3FJP","","N3FJP",""
"6","settings.n3fjp.reportBand.hint","Tell N3FJP which band you're on (no CAT needed), so the club's Network Status Display band board shows this position. Off by default.","","N3FJP | CAT",""
"6","settings.n3fjp.forwardAll.label","Forward every QSO","","QSO",""
"6","settings.n3fjp.forwardAll.hint","Also push <b>every</b> logged QSO (not just Field Day) to N3FJP ACLog on the host above — everyday general logging. N3FJP dedupes, so it's safe to run alongside the Field-Day push.","","<b> | Field Day | N3FJP | QSO",""
"6","settings.n3fjp.test.label","Connection test","","",""
"6","settings.n3fjp.test.title","Save settings, then test the N3FJP TCP connection","","N3FJP | TCP",""
"6","settings.n3fjp.test.action","Test N3FJP","","N3FJP",""
"6","settings.n3fjp.test.hint","Run this at the club site before the event starts to confirm the API link works.","","",""
"6","settings.n1mm.legend","N1MM+ Integration","","N1MM",""
"6","settings.n1mm.addr.label","N1MM contact broadcast address","","N1MM",""
"6","settings.n1mm.addr.placeholder","{{example}} (empty = off)","","{{example}}","Short label on: Settings ▸ N1MM. The same English text ""{{example}} (empty = off)"" is used by 3 different keys (e.g. settings.dxkeeper.host.placeholder, settings.n3fjp.host.placeholder) — each can take a different Portuguese word, so choose the one that fits THIS screen."
"6","settings.n1mm.addr.hint","Where the N1MM contact packets go (host:port, UDP). Name the port — consumers stack on one host, and 12060 is often already taken by another logger. Leave blank to disable.","","N1MM | UDP",""
"6","settings.n1mm.addr.sending","Sending for every logged QSO.","","QSO",""
"6","settings.n1mm.addr.idle","An address alone sends nothing outside a Field Day event — turn on Broadcast every QSO below for everyday logging.","","Field Day | QSO",""
"6","settings.n1mm.broadcastAll.label","Broadcast every QSO","","QSO",""
"6","settings.n1mm.broadcastAll.hint","Send the contact packet for <b>every</b> logged QSO, not just Field Day — point OpenHamClock or GridTracker at the address above and each contact plots on its map as you log it. One packet per QSO: this never doubles up with the Field Day broadcast, so it is safe to leave on through an event. Off by default; with it off, packets go out <em>only</em> while a Field Day event is running.","","<b> | <em> | GridTracker | Field Day | QSO",""
"6","settings.confirmations.legend","Confirmations","","","Short label on: Settings ▸ Confirmations. The same English text ""Confirmations"" is used by 2 different keys (e.g. stats.confirmations.head) — each can take a different Portuguese word, so choose the one that fits THIS screen."
"6","settings.confirmations.credential.set.action","Set","","","One-word control on: Settings ▸ Confirmations. Out of context this could be a noun or a verb — open that screen (or read the key name) before choosing the Portuguese word."
"6","settings.confirmations.credential.forget.action","Forget","","","One-word control on: Settings ▸ Confirmations. Out of context this could be a noun or a verb — open that screen (or read the key name) before choosing the Portuguese word."
"6","settings.confirmations.credential.forget.title","Remove the stored password from the system keychain","","",""
"6","settings.confirmations.lotw.username.label","LoTW username","","LoTW",""
"6","settings.confirmations.lotw.username.placeholder","your LoTW account login","","LoTW",""
"6","settings.confirmations.lotw.username.hint","Often your callsign, but not always — use your LoTW account login. Save settings to apply.","","LoTW",""
"6","settings.confirmations.lotw.password.label","LoTW password","","LoTW",""
"6","settings.confirmations.lotw.password.placeholder","LoTW website password","","LoTW",""
"6","settings.confirmations.lotw.password.hint","Your LoTW <b>website</b> password (not your TQSL certificate password). Stored in the OS keychain, never on disk; not shown again after you click Set.","","<b> | LoTW | TQSL",""
"6","settings.confirmations.lotw.sync.label","LoTW confirmations","","LoTW",""
"6","settings.confirmations.lotw.sync.action","Download confirmations","","",""
"6","settings.confirmations.lotw.sync.busy","Downloading…","","","One-word control on: Settings ▸ Confirmations. Out of context this could be a noun or a verb — open that screen (or read the key name) before choosing the Portuguese word."
"6","settings.confirmations.lotw.sync.hint","This only pulls confirmations <b>down</b>. To send your contacts <em>to</em> LoTW, use <b>Upload to LoTW (N)</b> in the Logbook. Pulls new confirmations into your log and marks which of your uploads LoTW now holds on file (so they read “waiting on the other op,” not “never uploaded”). The first pull covers your whole history (can be slow); later ones are incremental.","","<b> | <em> | LoTW",""
"6","settings.confirmations.lotw.stationLocation.label","LoTW Station Location","","LoTW",""
"6","settings.confirmations.lotw.stationLocation.placeholder","exact TQSL Station Location name","","TQSL",""
"6","settings.confirmations.lotw.stationLocation.hint","For <b>uploading</b> to LoTW (the ""Upload to LoTW"" button in the Logbook). Signing is done by your installed <b>TQSL</b> against this named Station Location — set it up in TQSL first; the name must match exactly. No certificate or password is stored by Nexus.","","<b> | Nexus | LoTW | TQSL","Quotes another control by name: ""Upload to LoTW"" is the on-screen text of logbook.lotw.upload.label / awards.conf.uploadToLotw. Translate the quote and that control exactly the same way, or the hint points at a menu entry that no longer exists."
"6","settings.confirmations.lotw.adifLocation.label","Sign from ADIF location (travelers)","","ADIF",""
"6","settings.confirmations.lotw.adifLocation.aria","Sign LoTW uploads from the ADIF location","","ADIF | LoTW",""
"6","settings.confirmations.lotw.adifLocation.hint","Turn on if you set TQSL to <em>""use the location in the ADIF file""</em> and don't create named Station Locations (handy if you travel). Nexus then stamps your call + grid (STATION_CALLSIGN / MY_GRIDSQUARE) into the upload and omits the <code>-l</code> argument, so TQSL signs from those and the Station Location above isn't required. <b>The whole batch is signed from your current grid above</b>, so if you operate from more than one location, upload <em>before</em> you move — otherwise earlier contacts are signed with the new grid.","","<em> | <code> | <b> | Nexus | ADIF | TQSL",""
"6","settings.confirmations.lotw.tqslPath.label","TQSL path (optional)","","TQSL",""
"6","settings.confirmations.lotw.tqslPath.placeholder","auto-detect (leave blank)","","",""
"6","settings.confirmations.lotw.tqslPath.hint","Only if TQSL is installed somewhere non-standard; otherwise leave blank to auto-detect.","","TQSL",""
"6","settings.confirmations.lotw.autoUpload.label","Upload to LoTW automatically","","LoTW",""
"6","settings.confirmations.lotw.autoUpload.hint","Every few hours, Nexus hands your un-uploaded contacts to TQSL in one batch and TQSL signs and sends them — the same thing the Logbook's <b>Upload to LoTW</b> button does, on a timer. Needs TQSL installed and the Station Location above. If a batch is refused, this stops and waits for you rather than retrying; save any LoTW setting to start it again.","","<b> | Nexus | LoTW | TQSL","Quotes another control by name: ""Upload to LoTW"" is the on-screen text of logbook.lotw.upload.label / awards.conf.uploadToLotw. Translate the quote and that control exactly the same way, or the hint points at a menu entry that no longer exists."
"6","settings.confirmations.lotw.autoUpload.blocked","Unavailable while “Sign from ADIF location” is on: an unattended batch would sign older contacts with wherever you are NOW.","","ADIF",""
"6","settings.confirmations.lotw.autoUpload.lastRun","Last run: {{when}}.","","{{when}}",""
"6","settings.confirmations.wrl.export.label","Already have a log?","","",""
"6","settings.confirmations.wrl.export.action","Export ADIF for WRL","","ADIF",""
"6","settings.confirmations.wrl.export.hint","Auto-upload sends contacts as you log them. For your existing history, export it here and use the ADIF import on worldradioleague.com — their API caps uploads at 5,000 a day, so the file is the fast path for a big log.","","ADIF | 5,000",""
"6","settings.confirmations.wrl.export.done","Log exported to {{path}} — import that file on worldradioleague.com.","","{{path}}",""
"6","settings.confirmations.wrl.export.failed","Couldn’t export the log","","",""
"6","settings.confirmations.eqsl.username.label","eQSL username","","eQSL",""
"6","settings.confirmations.eqsl.username.placeholder","your eQSL.cc account login","","eQSL",""
"6","settings.confirmations.eqsl.username.hint","Your eQSL.cc login (often your callsign). Save settings to apply.","","eQSL",""
"6","settings.confirmations.eqsl.qthNickname.label","QTH Nickname","","QTH",""
"6","settings.confirmations.eqsl.qthNickname.placeholder","e.g. Home","","",""
"6","settings.confirmations.eqsl.qthNickname.hint","Only needed when your callsign has more than one QTH profile at eQSL — those accounts can’t sign in without it. Leave empty otherwise.","","eQSL | QTH",""
"6","settings.confirmations.eqsl.password.label","eQSL password","","eQSL",""
"6","settings.confirmations.eqsl.password.placeholder","eQSL.cc account password","","eQSL",""
"6","settings.confirmations.eqsl.password.hint","Stored in the OS keychain, never on disk; not shown again after you click Set.","","",""
"6","settings.confirmations.eqsl.sync.label","eQSL confirmations","","eQSL",""
"6","settings.confirmations.eqsl.sync.action","Sync eQSL now","","eQSL",""
"6","settings.confirmations.eqsl.sync.busy","Syncing…","","","Short label on: Settings ▸ Confirmations. The same English text ""Syncing…"" is used by 2 different keys (e.g. settings.confirmations.qrz.sync.busy) — each can take a different Portuguese word, so choose the one that fits THIS screen."
"6","settings.confirmations.eqsl.sync.hint","Download eQSL confirmations into your log. These count as confirmations but <b>not</b> for DXCC/WAS (ARRL doesn't accept eQSL) — a separate tier.","","<b> | ARRL | DXCC | eQSL | WAS | DXCC/WAS",""
"6","settings.confirmations.eqsl.upload.label","Auto-upload QSOs to eQSL","","QSOs | eQSL",""
"6","settings.confirmations.eqsl.upload.hint","Upload each logged QSO to eQSL.cc as you log it (needs the eQSL username + password above).","","eQSL | QSO",""
"6","settings.confirmations.qrz.username.label","QRZ username","","QRZ",""
"6","settings.confirmations.qrz.username.placeholder","your QRZ.com account login","","QRZ.com | QRZ",""
"6","settings.confirmations.qrz.username.hint","Used to look up a callsign's name + grid when logging. Save settings to apply.","","",""
"6","settings.confirmations.qrz.password.label","QRZ password","","QRZ",""
"6","settings.confirmations.qrz.password.placeholder","QRZ.com account password","","QRZ.com | QRZ",""
"6","settings.confirmations.qrz.password.hint","Your QRZ.com login password — <b>this is what powers callbook lookups</b> (name, QTH, grid), and it is separate from the Logbook API key below (that key only uploads QSOs). Stored in the OS keychain, never on disk. Grid & state need a QRZ XML subscription; free accounts return only name/address/country.","","<b> | QRZ.com | QSOs | QRZ | QTH",""
"6","settings.confirmations.qrz.apiKey.label","QRZ Logbook API key","","QRZ",""
"6","settings.confirmations.qrz.apiKey.placeholder","from your QRZ logbook settings page","","QRZ",""
"6","settings.confirmations.qrz.apiKey.forget.title","Remove the stored Logbook key from the system keychain","","",""
"6","settings.confirmations.qrz.apiKey.hint","A <b>separate</b> key (not the login password) from your QRZ logbook's settings page — used to upload logged QSOs.","","<b> | QSOs | QRZ",""
"6","settings.confirmations.qrz.upload.label","Auto-upload QSOs to QRZ","","QSOs | QRZ",""
"6","settings.confirmations.qrz.upload.hint","Push each logged QSO to your QRZ logbook (needs the Logbook API key above).","","QRZ | QSO",""
"6","settings.confirmations.qrz.autoSync.label","Pull confirmations automatically","","",""
"6","settings.confirmations.qrz.autoSync.hint","As people confirm on QRZ, the confirmations flow in on their own — no need to press Sync. After the first run only what CHANGED is fetched. QRZ confirmations show as confirmed but never count toward DXCC or WAS, which need LoTW or a card.","","DXCC | LoTW | QRZ | WAS",""
"6","settings.confirmations.qrz.autoSync.lastPull","Last pull: {{when}}.","","{{when}}",""
"6","settings.confirmations.qrz.sync.label","Two-way sync","","",""
"6","settings.confirmations.qrz.sync.title","FETCH your online QRZ logbook and merge it in — pulls QSOs you logged elsewhere plus their confirmations","","QSOs | QRZ",""
"6","settings.confirmations.qrz.sync.action","Sync from QRZ now","","QRZ",""
"6","settings.confirmations.qrz.sync.busy","Syncing…","","","Short label on: Settings ▸ Confirmations. The same English text ""Syncing…"" is used by 2 different keys (e.g. settings.confirmations.eqsl.sync.busy) — each can take a different Portuguese word, so choose the one that fits THIS screen."
"6","settings.confirmations.qrz.sync.hint","Pull your QRZ logbook <b>down</b> — adds QSOs you logged elsewhere (e.g. a phone app in the field) and marks QRZ-confirmed contacts. QRZ confirmations count as confirmations but <b>not</b> for DXCC/WAS. Safe to run repeatedly (deduped). Needs the Logbook API key above.","","<b> | DXCC | QSOs | QRZ | WAS | DXCC/WAS",""
"6","settings.confirmations.hamqth.username.label","HamQTH username","","HamQTH",""
"6","settings.confirmations.hamqth.username.placeholder","your HamQTH.com account login","","HamQTH",""
"6","settings.confirmations.hamqth.username.hint","A <b>free</b> callbook used as a fallback when QRZ isn't configured or has no match — a HamQTH account returns name, grid & US state at no charge. Save settings to apply.","","<b> | HamQTH | QRZ",""
"6","settings.confirmations.hamqth.password.label","HamQTH password","","HamQTH",""
"6","settings.confirmations.hamqth.password.placeholder","HamQTH.com account password","","HamQTH",""
"6","settings.confirmations.hamqth.password.hint","Stored in the OS keychain, never on disk.","","",""
"6","settings.confirmations.clublog.email.label","ClubLog email","","ClubLog",""
"6","settings.confirmations.clublog.email.placeholder","your ClubLog account email (not a callsign)","","ClubLog",""
"6","settings.confirmations.clublog.email.hint","Your ClubLog login email. Save settings to apply.","","ClubLog",""
"6","settings.confirmations.clublog.callsign.label","ClubLog callsign","","ClubLog",""
"6","settings.confirmations.clublog.callsign.placeholder","defaults to your callsign","","",""
"6","settings.confirmations.clublog.callsign.hint","The ClubLog logbook to upload into (empty = your callsign).","","ClubLog",""
"6","settings.confirmations.clublog.password.label","ClubLog app-password","","ClubLog",""
"6","settings.confirmations.clublog.password.placeholder","a ClubLog Application Password","","ClubLog",""
"6","settings.confirmations.clublog.password.forget.title","Remove the stored ClubLog password from the system keychain","","ClubLog",""
"6","settings.confirmations.clublog.password.hint","Use a ClubLog <b>Application Password</b> (Settings → App Passwords), not your main password. Stored in the OS keychain.","","<b> | ClubLog",""
"6","settings.confirmations.clublog.apiKey.label","ClubLog API key (application-level)","","ClubLog",""
"6","settings.confirmations.clublog.apiKey.placeholder","blank = use the key bundled with this build (if any)","","",""
"6","settings.confirmations.clublog.apiKey.hint","This is the <b>application</b> credential, not yours — official installer builds bundle one, and you only need email + app-password above. Building from source? Request a free key at clublog.org/requestapikey.php and paste it here (open-source can't ship one — ClubLog auto-revokes published keys).","","<b> | ClubLog",""
"6","settings.confirmations.clublog.upload.label","Auto-upload QSOs to ClubLog","","ClubLog | QSOs",""
"6","settings.confirmations.clublog.upload.hint","Push each logged QSO to ClubLog in real time (needs the email + app-password above; official builds bundle the API key).","","ClubLog | QSO",""
"6","settings.confirmations.wrl.key.label","API key","","","Short label on: Settings ▸ Confirmations. The same English text ""API key"" is used by 2 different keys (e.g. settings.confirmations.cloudlog.apiKey.label) — each can take a different Portuguese word, so choose the one that fits THIS screen."
"6","settings.confirmations.wrl.key.placeholder","wrl_live_…","","","One-word control on: Settings ▸ Confirmations. Out of context this could be a noun or a verb — open that screen (or read the key name) before choosing the Portuguese word."
"6","settings.confirmations.wrl.key.hint","From worldradioleague.com ▸ Integrations ▸ Developer API. Checked against the service when you save; stored write-only in the OS keychain.","","",""
"6","settings.confirmations.wrl.key.saved","World Radio League key verified and saved — auto-upload is on.","","",""
"6","settings.confirmations.wrl.key.saveFailed","Couldn’t save the World Radio League key","","",""
"6","settings.confirmations.wrl.key.cleared","World Radio League key cleared — auto-upload is off.","","",""
"6","settings.confirmations.wrl.key.clearFailed","Couldn’t clear the World Radio League key","","",""
"6","settings.confirmations.wrl.key.forget.title","Remove the stored key from the OS keychain","","",""
"6","settings.confirmations.wrl.upload.label","Auto-upload each QSO","","QSO",""
"6","settings.confirmations.wrl.upload.hint","Push every logged contact to your World Radio League logbook as it lands. A live-logging service — not an ARRL confirmation source.","","ARRL",""
"6","settings.confirmations.hrdlog.code.label","HRDLog.net upload code","","HRDLog",""
"6","settings.confirmations.hrdlog.code.placeholder","your hrdlog.net upload code","","",""
"6","settings.confirmations.hrdlog.code.forget.title","Remove the stored HRDLog.net code from the system keychain","","HRDLog",""
"6","settings.confirmations.hrdlog.code.hint","The upload code from your HRDLog.net account (Options → your code). Uploads log under your station callsign. Stored in the OS keychain. This is the online HRDLog.net service — separate from the HRD Logbook UDP push under Logging.","","HRDLog | HRD | UDP",""
"6","settings.confirmations.hrdlog.upload.label","Auto-upload QSOs to HRDLog.net","","HRDLog | QSOs",""
"6","settings.confirmations.hrdlog.upload.hint","Push each logged QSO to HRDLog.net (needs the upload code above). HRDLog.net is a live-logging and awards site — it is <b>not</b> an ARRL confirmation source, so an upload here never earns DXCC/WAS credit.","","<b> | HRDLog | ARRL | DXCC | QSO | WAS | DXCC/WAS",""
"6","settings.confirmations.repeaterbook.token.label","RepeaterBook API token","","",""
"6","settings.confirmations.repeaterbook.token.forget.title","Remove the stored RepeaterBook token from the system keychain","","",""
"6","settings.confirmations.repeaterbook.token.hint","Optional. Without a token the <b>Program</b> section uses the open hearham.com directory. Add a personal token (from your RepeaterBook account's <b>API Apps</b> page) to pull from RepeaterBook.com under your own account instead. Stored in the OS keychain. Shared RepeaterBook access for every Nexus user is pending RepeaterBook's approval; if RepeaterBook is unreachable, Program falls back to hearham.com.","","<b> | Nexus",""
"6","settings.confirmations.cloudlog.note","Auto-forward each logged QSO to your self-hosted <b>Cloudlog</b> or <b>Wavelog</b> logbook (HTTP). The API key is a per-instance token for your own server — enter it, your station-profile id, and turn on the toggle.","","<b> | QSO",""
"6","settings.confirmations.cloudlog.url.label","Base URL","","",""
"6","settings.confirmations.cloudlog.url.hint","Your Cloudlog/Wavelog site root. Leave blank to disable.","","",""
"6","settings.confirmations.cloudlog.stationId.label","Station profile id","","",""
"6","settings.confirmations.cloudlog.stationId.hint","The station-location profile to log against (Cloudlog ▸ Station Locations).","","",""
"6","settings.confirmations.cloudlog.apiKey.label","API key","","","Short label on: Settings ▸ Confirmations. The same English text ""API key"" is used by 2 different keys (e.g. settings.confirmations.wrl.key.label) — each can take a different Portuguese word, so choose the one that fits THIS screen."
"6","settings.confirmations.cloudlog.apiKey.placeholder","your instance API key","","",""
"6","settings.confirmations.cloudlog.apiKey.forget.title","Remove the stored Cloudlog key from the system keychain","","",""
"6","settings.confirmations.cloudlog.apiKey.hint","Cloudlog ▸ Account ▸ API Keys — a key with read/write. Stored in the OS keychain, never on disk.","","",""
"6","settings.confirmations.cloudlog.upload.label","Auto-forward QSOs","","QSOs",""
"6","settings.confirmations.cloudlog.upload.hint","Push every logged QSO to the instance above as it's logged.","","QSO",""
